"","coral","tank","treat","pco2","temp","T0_T90","reef","species","col","fpco2","ftemp","colony","SA","param","value","mean","lowerci","upperci"
"1","CFAA1","280_31_1","311_31",311,31,"T90","F","PAST","A","280","31","AA_F",10.547,"host",1.91935908591426,1.05945846668215,0.818510349142559,1.31612224890734
"2","CFAA14","400_28_1","447_28",447,28,"T90","F","PAST","A","400","28","AA_F",10.418,"host",0.89337551362432,1.12834352588511,0.929545999093582,1.34341408550369
"3","CFAA2","280_28_1","288_28",288,28,"T90","F","PAST","A","280","28","AA_F",8.63,"host",0.854523864164138,1.21774312699699,0.998476030901321,1.43279755245631
"4","CFAA6","700_28_1","673_28",673,28,"T90","F","PAST","A","700","28","AA_F",12.19,"host",0.646870715040141,0.970707477560864,0.759712032344796,1.19047054098922
"5","CFAA8","2800_28_1","3285_28",3285,28,"T90","F","PAST","A","2800","28","AA_F",11.967,"host",1.92846267853258,0.930155959073067,0.723638727057861,1.15503079906362
"6","CFAB11","700_28_1","673_28",673,28,"T90","F","PAST","B","700","28","AB_F",10.074,"host",0.460343199555257,0.970707477560864,0.759712032344796,1.19047054098922
"7","CFAB18","400_28_1","447_28",447,28,"T90","F","PAST","B","400","28","AB_F",9.132,"host",1.17682486228515,1.12834352588511,0.929545999093582,1.34341408550369
"8","CFAB2","280_28_1","288_28",288,28,"T90","F","PAST","B","280","28","AB_F",10.698,"host",1.9144335579766,1.21774312699699,0.998476030901321,1.43279755245631
"9","CFAB3","400_31_1","405_31",405,31,"T90","F","PAST","B","400","31","AB_F",11.497,"host",0.531166084218086,0.970058865570279,0.716453405191008,1.23441151200052
"10","CFAB5","700_31_1","701_31",701,31,"T90","F","PAST","B","700","31","AB_F",11.136,"host",0.677050764647683,0.812422817246028,0.565150666998088,1.05845809299977
"11","CFAB8","2800_28_1","3285_28",3285,28,"T90","F","PAST","B","2800","28","AB_F",9.958,"host",0.698558542263751,0.930155959073067,0.723638727057861,1.15503079906362
"12","CFAC1","280_31_2","311_31",311,31,"T90","F","PAST","C","280","31","AC_F",8.561,"host",0.709564075357387,1.05945846668215,0.818510349142559,1.31612224890734
"13","CFAC12","400_28_2","447_28",447,28,"T90","F","PAST","C","400","28","AC_F",9.083,"host",0.581979820991743,1.12834352588511,0.929545999093582,1.34341408550369
"14","CFAC2","280_28_2","288_28",288,28,"T90","F","PAST","C","280","28","AC_F",9.69,"host",1.18619567964016,1.21774312699699,0.998476030901321,1.43279755245631
"15","CFAC3","400_31_2","405_31",405,31,"T90","F","PAST","C","400","31","AC_F",10.757,"host",0.352242083678044,0.970058865570279,0.716453405191008,1.23441151200052
"16","CFAC5","700_31_2","701_31",701,31,"T90","F","PAST","C","700","31","AC_F",11.743,"host",0.358276619943002,0.812422817246028,0.565150666998088,1.05845809299977
"17","CFAC6","700_28_2","673_28",673,28,"T90","F","PAST","C","700","28","AC_F",10.222,"host",0.898666905297463,0.970707477560864,0.759712032344796,1.19047054098922
"18","CFAC8","2800_28_2","3285_28",3285,28,"T90","F","PAST","C","2800","28","AC_F",9.302,"host",0.559053447521035,0.930155959073067,0.723638727057861,1.15503079906362
"19","CFAD12","400_28_2","447_28",447,28,"T90","F","PAST","D","400","28","AD_F",5.764,"host",1.06392837212723,1.12834352588511,0.929545999093582,1.34341408550369
"20","CFAD2","280_28_2","288_28",288,28,"T90","F","PAST","D","280","28","AD_F",8.646,"host",0.912011191917727,1.21774312699699,0.998476030901321,1.43279755245631
"21","CFAD5","700_31_2","701_31",701,31,"T90","F","PAST","D","700","31","AD_F",9.903,"host",0.150861647073895,0.812422817246028,0.565150666998088,1.05845809299977
"22","CFAD6","700_28_2","673_28",673,28,"T90","F","PAST","D","700","28","AD_F",8.446,"host",0.939950082199239,0.970707477560864,0.759712032344796,1.19047054098922
"23","CFAD8","2800_28_2","3285_28",3285,28,"T90","F","PAST","D","2800","28","AD_F",9.366,"host",1.39061835608299,0.930155959073067,0.723638727057861,1.15503079906362
"24","CFAD9","400_28_3","447_28",447,28,"T90","F","PAST","D","400","28","AD_F",6.6,"host",1.23307558900558,1.12834352588511,0.929545999093582,1.34341408550369
"25","CFAE10","280_31_3","311_31",311,31,"T90","F","PAST","E","280","31","AE_F",8.362,"host",0.615518245471957,1.05945846668215,0.818510349142559,1.31612224890734
"26","CFAE15","280_28_3","288_28",288,28,"T90","F","PAST","E","280","28","AE_F",8.097,"host",0.825304285380332,1.21774312699699,0.998476030901321,1.43279755245631
"27","CFAE8","2800_28_3","3285_28",3285,28,"T90","F","PAST","E","2800","28","AE_F",11.355,"host",0.410241102314613,0.930155959073067,0.723638727057861,1.15503079906362
"28","CFAF2","280_28_3","288_28",288,28,"T90","F","PAST","F","280","28","AF_F",10.805,"host",0.879255661337135,1.21774312699699,0.998476030901321,1.43279755245631
"29","CFAF3","400_31_3","405_31",405,31,"T90","F","PAST","F","400","31","AF_F",10.534,"host",0.722850661824004,0.970058865570279,0.716453405191008,1.23441151200052
"30","CFAF5","700_31_3","701_31",701,31,"T90","F","PAST","F","700","31","AF_F",10.342,"host",0.753847693286405,0.812422817246028,0.565150666998088,1.05845809299977
"31","CFAF6","700_28_3","673_28",673,28,"T90","F","PAST","F","700","28","AF_F",10.115,"host",0.308233195414566,0.970707477560864,0.759712032344796,1.19047054098922
"32","CFAF8","2800_28_3","3285_28",3285,28,"T90","F","PAST","F","2800","28","AF_F",9.643,"host",1.08048658947776,0.930155959073067,0.723638727057861,1.15503079906362
"33","CFAF9","400_28_3","447_28",447,28,"T90","F","PAST","F","400","28","AF_F",5.018,"host",2.57008842501475,1.12834352588511,0.929545999093582,1.34341408550369
"34","CFPA1","280_31_1","311_31",311,31,"T90","F","PSTR","A","280","31","PA_F",12.372,"host",0.665864781813091,0.889301267665741,0.652140566094506,1.13084604945143
"35","CFPA10","2800_28_2","3285_28",3285,28,"T90","F","PSTR","A","2800","28","PA_F",14.24,"host",1.31834938008895,1.25124932018311,1.05638078711746,1.44504214588299
"36","CFPA11","400_31_2","405_31",405,31,"T90","F","PSTR","A","400","31","PA_F",10.967,"host",0.686398829157247,0.799901666553868,0.538257955297075,1.05632025695617
"37","CFPA12","280_31_2","311_31",311,31,"T90","F","PSTR","A","280","31","PA_F",18.462,"host",0.219722158308879,0.889301267665741,0.652140566094506,1.13084604945143
"38","CFPA2","280_28_1","288_28",288,28,"T90","F","PSTR","A","280","28","PA_F",11.998,"host",1.21665295579158,1.53883648810703,1.34157605447662,1.74601624078165
"39","CFPA20","700_31_2","701_31",701,31,"T90","F","PSTR","A","700","31","PA_F",10.441,"host",1.01607034535657,0.642265618229617,0.389643285073967,0.891777317559799
"40","CFPA21","280_28_2","288_28",288,28,"T90","F","PSTR","A","280","28","PA_F",16.909,"host",2.06050462805449,1.53883648810703,1.34157605447662,1.74601624078165
"41","CFPA22","2800_31_2","3309_31",3309,31,"T90","F","PSTR","A","2800","31","PA_F",9.655,"host",0.411350010670482,0.60171409974182,0.349139891353114,0.83981294280137
"42","CFPA3","400_31_1","405_31",405,31,"T90","F","PSTR","A","400","31","PA_F",12.671,"host",0.636948870634809,0.799901666553868,0.538257955297075,1.05632025695617
"43","CFPA6","700_28_1","673_28",673,28,"T90","F","PSTR","A","700","28","PA_F",11.948,"host",2.33859139965841,1.29180083867091,1.10430019257322,1.49277411260573
"44","CFPA7","2800_31_1","3309_31",3309,31,"T90","F","PSTR","A","2800","31","PA_F",11.518,"host",0.409285776070498,0.60171409974182,0.349139891353114,0.83981294280137
"45","CFPA8","2800_28_1","3285_28",3285,28,"T90","F","PSTR","A","2800","28","PA_F",7.292,"host",0.653322426514387,1.25124932018311,1.05638078711746,1.44504214588299
"46","CFPA9","700_28_2","673_28",673,28,"T90","F","PSTR","A","700","28","PA_F",14.665,"host",2.44280400320169,1.29180083867091,1.10430019257322,1.49277411260573
"47","CFPB1","400_28_1","447_28",447,28,"T90","F","PSTR","B","400","28","PB_F",7.942,"host",1.78060014612616,1.44943688699516,1.21987938063902,1.67325476427015
"48","CFPB12","2800_28_1","3285_28",3285,28,"T90","F","PSTR","B","2800","28","PB_F",9.46,"host",1.43182047762791,1.25124932018311,1.05638078711746,1.44504214588299
"49","CFPB2","280_28_1","288_28",288,28,"T90","F","PSTR","B","280","28","PB_F",10.94,"host",1.90814450437114,1.53883648810703,1.34157605447662,1.74601624078165
"50","CFPB3","400_31_1","405_31",405,31,"T90","F","PSTR","B","400","31","PB_F",12.899,"host",0.793479737731736,0.799901666553868,0.538257955297075,1.05632025695617
"51","CFPB5","700_31_1","701_31",701,31,"T90","F","PSTR","B","700","31","PB_F",9.71,"host",0.80584541127978,0.642265618229617,0.389643285073967,0.891777317559799
"52","CFPB6","700_28_1","673_28",673,28,"T90","F","PSTR","B","700","28","PB_F",11.396,"host",2.94190104156937,1.29180083867091,1.10430019257322,1.49277411260573
"53","CFPB7","2800_31_1","3309_31",3309,31,"T90","F","PSTR","B","2800","31","PB_F",8.536,"host",0.556135446055295,0.60171409974182,0.349139891353114,0.83981294280137
"54","CFPB9","280_31_1","311_31",311,31,"T90","F","PSTR","B","280","31","PB_F",9.076,"host",0.795572643662406,0.889301267665741,0.652140566094506,1.13084604945143
"55","CFPC10","400_28_2","447_28",447,28,"T90","F","PSTR","C","400","28","PC_F",10.171,"host",0.501018561340674,1.44943688699516,1.21987938063902,1.67325476427015
"56","CFPC11","280_28_2","288_28",288,28,"T90","F","PSTR","C","280","28","PC_F",12.342,"host",2.01542341223213,1.53883648810703,1.34157605447662,1.74601624078165
"57","CFPC12","700_31_2","701_31",701,31,"T90","F","PSTR","C","700","31","PC_F",11.884,"host",0.551993646901955,0.642265618229617,0.389643285073967,0.891777317559799
"58","CFPC2","280_28_2","288_28",288,28,"T90","F","PSTR","C","280","28","PC_F",10.872,"host",1.58791155922864,1.53883648810703,1.34157605447662,1.74601624078165
"59","CFPC6","700_28_2","673_28",673,28,"T90","F","PSTR","C","700","28","PC_F",11.821,"host",0.51916131176253,1.29180083867091,1.10430019257322,1.49277411260573
"60","CFPC8","2800_28_2","3285_28",3285,28,"T90","F","PSTR","C","2800","28","PC_F",10.075,"host",1.07650586805046,1.25124932018311,1.05638078711746,1.44504214588299
"61","CFPD1","280_31_2","311_31",311,31,"T90","F","PSTR","D","280","31","PD_F",12.425,"host",0.884187755563969,0.889301267665741,0.652140566094506,1.13084604945143
"62","CFPD11","2800_28_2","3285_28",3285,28,"T90","F","PSTR","D","2800","28","PD_F",7.24,"host",1.963849198,1.25124932018311,1.05638078711746,1.44504214588299
"63","CFPD2","280_28_2","288_28",288,28,"T90","F","PSTR","D","280","28","PD_F",11.427,"host",1.52566666936176,1.53883648810703,1.34157605447662,1.74601624078165
"64","CFPD5","700_31_2","701_31",701,31,"T90","F","PSTR","D","700","31","PD_F",8.533,"host",0.499400089220066,0.642265618229617,0.389643285073967,0.891777317559799
"65","CFPD6","400_28_2","447_28",447,28,"T90","F","PSTR","D","400","28","PD_F",8.239,"host",1.20304899843656,1.44943688699516,1.21987938063902,1.67325476427015
"66","CFPD7","2800_31_2","3309_31",3309,31,"T90","F","PSTR","D","2800","31","PD_F",11.931,"host",0.572089910950022,0.60171409974182,0.349139891353114,0.83981294280137
"67","CFPD8","2800_28_2","3285_28",3285,28,"T90","F","PSTR","D","2800","28","PD_F",7.965,"host",2.43475872411761,1.25124932018311,1.05638078711746,1.44504214588299
"68","CFPD9","700_28_2","673_28",673,28,"T90","F","PSTR","D","700","28","PD_F",7.055,"host",0.666433517750484,1.29180083867091,1.10430019257322,1.49277411260573
"69","CFPE10","280_28_1","288_28",288,28,"T90","F","PSTR","E","280","28","PE_F",11.543,"host",1.22427205714916,1.53883648810703,1.34157605447662,1.74601624078165
"70","CFPE12","700_28_2","673_28",673,28,"T90","F","PSTR","E","700","28","PE_F",13.964,"host",0.190003731514179,1.29180083867091,1.10430019257322,1.49277411260573
"71","CFPE14","280_28_2","288_28",288,28,"T90","F","PSTR","E","280","28","PE_F",8.052,"host",1.12236626922631,1.53883648810703,1.34157605447662,1.74601624078165
"72","CFPE2","280_28_3","288_28",288,28,"T90","F","PSTR","E","280","28","PE_F",10.804,"host",0.600445528616011,1.53883648810703,1.34157605447662,1.74601624078165
"73","CFPE42","2800_28_1","3285_28",3285,28,"T90","F","PSTR","E","2800","28","PE_F",9.626,"host",1.0247109156391,1.25124932018311,1.05638078711746,1.44504214588299
"74","CFPE6","700_28_3","673_28",673,28,"T90","F","PSTR","E","700","28","PE_F",10.186,"host",0.717510572711525,1.29180083867091,1.10430019257322,1.49277411260573
"75","CFPE8","2800_28_3","3285_28",3285,28,"T90","F","PSTR","E","2800","28","PE_F",11.411,"host",0.649471816498233,1.25124932018311,1.05638078711746,1.44504214588299
"76","CFPF1","280_31_3","311_31",311,31,"T90","F","PSTR","F","280","31","PF_F",10.667,"host",0.795689941582821,0.889301267665741,0.652140566094506,1.13084604945143
"77","CFPF2","280_28_3","288_28",288,28,"T90","F","PSTR","F","280","28","PF_F",11.07,"host",0.712580124437812,1.53883648810703,1.34157605447662,1.74601624078165
"78","CFPF6","700_28_3","673_28",673,28,"T90","F","PSTR","F","700","28","PF_F",11.765,"host",0.539434005302718,1.29180083867091,1.10430019257322,1.49277411260573
"79","CFPF7","2800_31_3","3309_31",3309,31,"T90","F","PSTR","F","2800","31","PF_F",12.335,"host",0.40824817852599,0.60171409974182,0.349139891353114,0.83981294280137
"80","CFPF8","2800_28_3","3285_28",3285,28,"T90","F","PSTR","F","2800","28","PF_F",15.117,"host",1.1269795996373,1.25124932018311,1.05638078711746,1.44504214588299
"81","CFSA1","280_31_1","311_31",311,31,"T90","F","SSID","A","280","31","SA_F",10.283,"host",2.3468784357838,1.76296583057203,1.5394922576312,1.97773761956582
"82","CFSA10","2800_28_1","3285_28",3285,28,"T90","F","SSID","A","2800","28","SA_F",6.446,"host",1.43949615945546,1.88052724974414,1.6778473710412,2.07967207427213
"83","CFSA14","280_28_1","288_28",288,28,"T90","F","SSID","A","280","28","SA_F",4.661,"host",1.5958177220442,2.16811441766806,1.96013009283253,2.37153076181858
"84","CFSA2","400_28_1","447_28",447,28,"T90","F","SSID","A","400","28","SA_F",8.3,"host",1.13491162674651,2.07871481655619,1.86571960399769,2.28432136259411
"85","CFSA3","400_31_1","405_31",405,31,"T90","F","SSID","A","400","31","SA_F",10.181,"host",1.87263030050415,1.67356622946015,1.460210058175,1.88453186730978
"86","CFSA5","700_31_1","701_31",701,31,"T90","F","SSID","A","700","31","SA_F",8.918,"host",1.43514503302315,1.5159301811359,1.30499127122133,1.73081705404338
"87","CFSA6","700_28_1","673_28",673,28,"T90","F","SSID","A","700","28","SA_F",9.068,"host",2.66633987374224,1.92107876823194,1.7193364634653,2.1251289245969
"88","CFSA7","2800_31_1","3309_31",3309,31,"T90","F","SSID","A","2800","31","SA_F",8.812,"host",0.872286777828688,1.47537866264811,1.2681994999908,1.68059202802021
"89","CFSB1","280_31_1","311_31",311,31,"T90","F","SSID","B","280","31","SB_F",12.31,"host",2.00029319516946,1.76296583057203,1.5394922576312,1.97773761956582
"90","CFSB10","400_31_1","405_31",405,31,"T90","F","SSID","B","400","31","SB_F",11.296,"host",1.11215649890213,1.67356622946015,1.460210058175,1.88453186730978
"91","CFSB13","400_28_1","447_28",447,28,"T90","F","SSID","B","400","28","SB_F",12.975,"host",1.42336835659409,2.07871481655619,1.86571960399769,2.28432136259411
"92","CFSB2","280_28_1","288_28",288,28,"T90","F","SSID","B","280","28","SB_F",10.805,"host",2.16506194365456,2.16811441766806,1.96013009283253,2.37153076181858
"93","CFSB3","2800_28_1","3285_28",3285,28,"T90","F","SSID","B","2800","28","SB_F",9.702,"host",0.936296375080278,1.88052724974414,1.6778473710412,2.07967207427213
"94","CFSB5","700_31_1","701_31",701,31,"T90","F","SSID","B","700","31","SB_F",11.185,"host",2.23095437203519,1.5159301811359,1.30499127122133,1.73081705404338
"95","CFSB5","700_31_1","701_31",701,31,"T90","F","SSID","B","700","31","SB_F",11.185,"host",2.23095437203519,1.5159301811359,1.30499127122133,1.73081705404338
"96","CFSB6","700_28_1","673_28",673,28,"T90","F","SSID","B","700","28","SB_F",12.153,"host",3.40217497252182,1.92107876823194,1.7193364634653,2.1251289245969
"97","CFSB6","700_28_1","673_28",673,28,"T90","F","SSID","B","700","28","SB_F",12.153,"host",1.44530990058614,1.92107876823194,1.7193364634653,2.1251289245969
"98","CFSB6","700_28_1","673_28",673,28,"T90","F","SSID","B","700","28","SB_F",12.153,"host",1.44530990058614,1.92107876823194,1.7193364634653,2.1251289245969
"99","CFSB7","2800_31_1","3309_31",3309,31,"T90","F","SSID","B","2800","31","SB_F",11.199,"host",0.735269919532337,1.47537866264811,1.2681994999908,1.68059202802021
"100","CFSC14","400_28_2","447_28",447,28,"T90","F","SSID","C","400","28","SC_F",10.229,"host",4.94718038883125,2.07871481655619,1.86571960399769,2.28432136259411
"101","CFSC2","280_28_2","288_28",288,28,"T90","F","SSID","C","280","28","SC_F",8.893,"host",1.67330877754447,2.16811441766806,1.96013009283253,2.37153076181858
"102","CFSC5","700_31_2","701_31",701,31,"T90","F","SSID","C","700","31","SC_F",9.915,"host",2.21969472427702,1.5159301811359,1.30499127122133,1.73081705404338
"103","CFSC6","700_28_2","673_28",673,28,"T90","F","SSID","C","700","28","SC_F",8.956,"host",1.83151840627957,1.92107876823194,1.7193364634653,2.1251289245969
"104","CFSC7","2800_31_2","3309_31",3309,31,"T90","F","SSID","C","2800","31","SC_F",9.433,"host",1.97392775125565,1.47537866264811,1.2681994999908,1.68059202802021
"105","CFSC9","2800_28_2","3285_28",3285,28,"T90","F","SSID","C","2800","28","SC_F",9.262,"host",3.05262494409803,1.88052724974414,1.6778473710412,2.07967207427213
"106","CFSD1","280_31_2","311_31",311,31,"T90","F","SSID","D","280","31","SD_F",10.682,"host",1.55330664606982,1.76296583057203,1.5394922576312,1.97773761956582
"107","CFSD11","280_28_2","288_28",288,28,"T90","F","SSID","D","280","28","SD_F",10.905,"host",2.31233129290918,2.16811441766806,1.96013009283253,2.37153076181858
"108","CFSD3","400_31_2","405_31",405,31,"T90","F","SSID","D","400","31","SD_F",10.206,"host",0.260761402700046,1.67356622946015,1.460210058175,1.88453186730978
"109","CFSD4","280_28_3","288_28",288,28,"T90","F","SSID","D","280","28","SD_F",11.381,"host",1.38817967464904,2.16811441766806,1.96013009283253,2.37153076181858
"110","CFSD5","700_31_2","701_31",701,31,"T90","F","SSID","D","700","31","SD_F",12.59,"host",1.20299952563656,1.5159301811359,1.30499127122133,1.73081705404338
"111","CFSD6","700_28_2","673_28",673,28,"T90","F","SSID","D","700","28","SD_F",9.677,"host",2.06876684544749,1.92107876823194,1.7193364634653,2.1251289245969
"112","CFSD7","2800_31_2","3309_31",3309,31,"T90","F","SSID","D","2800","31","SD_F",11.137,"host",1.55848755284172,1.47537866264811,1.2681994999908,1.68059202802021
"113","CFSD8","2800_28_2","3285_28",3285,28,"T90","F","SSID","D","2800","28","SD_F",8.568,"host",2.49471682006016,1.88052724974414,1.6778473710412,2.07967207427213
"114","CFSD9","400_28_2","447_28",447,28,"T90","F","SSID","D","400","28","SD_F",11.455,"host",1.39913852573037,2.07871481655619,1.86571960399769,2.28432136259411
"115","CFSE11","400_28_3","447_28",447,28,"T90","F","SSID","E","400","28","SE_F",1.88,"host",3.05269698919149,2.07871481655619,1.86571960399769,2.28432136259411
"116","CFSE3","400_31_3","405_31",405,31,"T90","F","SSID","E","400","31","SE_F",9.104,"host",0.968452831260691,1.67356622946015,1.460210058175,1.88453186730978
"117","CFSE5","700_31_3","701_31",701,31,"T90","F","SSID","E","700","31","SE_F",9.119,"host",1.55103530206495,1.5159301811359,1.30499127122133,1.73081705404338
"118","CFSE6","700_28_3","673_28",673,28,"T90","F","SSID","E","700","28","SE_F",8.178,"host",2.54530221938847,1.92107876823194,1.7193364634653,2.1251289245969
"119","CFSE7","2800_31_3","3309_31",3309,31,"T90","F","SSID","E","2800","31","SE_F",8.936,"host",1.50311961395464,1.47537866264811,1.2681994999908,1.68059202802021
"120","CFSE8","2800_28_3","3285_28",3285,28,"T90","F","SSID","E","2800","28","SE_F",6.848,"host",1.12314837976457,1.88052724974414,1.6778473710412,2.07967207427213
"121","CFSF11","400_28_3","447_28",447,28,"T90","F","SSID","F","400","28","SF_F",10.117,"host",2.40688294709849,2.07871481655619,1.86571960399769,2.28432136259411
"122","CFSF16","2800_28_3","3285_28",3285,28,"T90","F","SSID","F","2800","28","SF_F",11.373,"host",1.44967987840485,1.88052724974414,1.6778473710412,2.07967207427213
"123","CFSF2","280_28_3","288_28",288,28,"T90","F","SSID","F","280","28","SF_F",10.837,"host",1.90971853208427,2.16811441766806,1.96013009283253,2.37153076181858
"124","CFSF3","400_31_3","405_31",405,31,"T90","F","SSID","F","400","31","SF_F",7.627,"host",5.02599210815965,1.67356622946015,1.460210058175,1.88453186730978
"125","CFSF5","700_31_3","701_31",701,31,"T90","F","SSID","F","700","31","SF_F",9.508,"host",2.07334807504151,1.5159301811359,1.30499127122133,1.73081705404338
"126","CFSF6","700_28_3","673_28",673,28,"T90","F","SSID","F","700","28","SF_F",10.336,"host",1.78292165104245,1.92107876823194,1.7193364634653,2.1251289245969
"127","CFSF7","2800_31_3","3309_31",3309,31,"T90","F","SSID","F","2800","31","SF_F",11.597,"host",1.49365138910007,1.47537866264811,1.2681994999908,1.68059202802021
"128","CFTA2","280_28_1","288_28",288,28,"T90","F","UTEN","A","280","28","TA_F",32.06,"host",0.465689813943231,0.514207021767451,0.276921142849494,0.757388838468981
"129","CFTA6","700_28_1","673_28",673,28,"T90","F","UTEN","A","700","28","TA_F",17.827,"host",0.259655287206467,0.267171372331327,0.00721657108966922,0.527599600240052
"130","CFTA8","2800_28_1","3285_28",3285,28,"T90","F","UTEN","A","2800","28","TA_F",18.647,"host",0.455745953472677,0.22661985384353,-0.0219336758027002,0.473283400877558
"131","CFTB2","280_28_1","288_28",288,28,"T90","F","UTEN","B","280","28","TB_F",23.661,"host",0.348124423187045,0.514207021767451,0.276921142849494,0.757388838468981
"132","CFTD1","400_28_2","447_28",447,28,"T90","F","UTEN","D","400","28","TD_F",20.389,"host",0.283016985631175,0.424807420655578,0.175482136509381,0.676941365403066
"133","CFTD2","280_28_2","288_28",288,28,"T90","F","UTEN","D","280","28","TD_F",41.524,"host",0.13766255574846,0.514207021767451,0.276921142849494,0.757388838468981
"134","CFTF2","400_28_3","447_28",447,28,"T90","F","UTEN","F","400","28","TF_F",21.864,"host",0.446299400656934,0.424807420655578,0.175482136509381,0.676941365403066
"135","CNAA14","700_28_1","673_28",673,28,"T90","N","PAST","A","700","28","AA_N",12.178,"host",1.28381237364696,0.970707477560864,0.759712032344796,1.19047054098922
"136","CNAA2","280_28_1","288_28",288,28,"T90","N","PAST","A","280","28","AA_N",12.034,"host",1.10020672321639,1.21774312699699,0.998476030901321,1.43279755245631
"137","CNAA3","400_31_1","405_31",405,31,"T90","N","PAST","A","400","31","AA_N",10.905,"host",1.78629524337681,0.970058865570279,0.716453405191008,1.23441151200052
"138","CNAA5","700_31_1","701_31",701,31,"T90","N","PAST","A","700","31","AA_N",10.874,"host",1.03653464326584,0.812422817246028,0.565150666998088,1.05845809299977
"139","CNAA6","400_28_1","447_28",447,28,"T90","N","PAST","A","400","28","AA_N",8.667,"host",1.64940987419799,1.12834352588511,0.929545999093582,1.34341408550369
"140","CNAA7","2800_31_1","3309_31",3309,31,"T90","N","PAST","A","2800","31","AA_N",11.976,"host",0.154729837557501,0.771871298758231,0.519805588627195,1.0323495097213
"141","CNAA9","2800_28_1","3285_28",3285,28,"T90","N","PAST","A","2800","28","AA_N",10.005,"host",0.804230586927203,0.930155959073067,0.723638727057861,1.15503079906362
"142","CNAB10","280_28_1","288_28",288,28,"T90","N","PAST","B","280","28","AB_N",9.038,"host",0.746440877772221,1.21774312699699,0.998476030901321,1.43279755245631
"143","CNAB11","400_31_1","405_31",405,31,"T90","N","PAST","B","400","31","AB_N",7.304,"host",0.616801127361686,0.970058865570279,0.716453405191008,1.23441151200052
"144","CNAB12","2800_28_1","3285_28",3285,28,"T90","N","PAST","B","2800","28","AB_N",6.944,"host",0.831167576858679,0.930155959073067,0.723638727057861,1.15503079906362
"145","CNAB13","280_31_1","311_31",311,31,"T90","N","PAST","B","280","31","AB_N",12.161,"host",1.52162707087003,1.05945846668215,0.818510349142559,1.31612224890734
"146","CNAB19","400_28_1","447_28",447,28,"T90","N","PAST","B","400","28","AB_N",6.617,"host",0.841418430685652,1.12834352588511,0.929545999093582,1.34341408550369
"147","CNAC1","280_31_2","311_31",311,31,"T90","N","PAST","C","280","31","AC_N",8.864,"host",2.04594238247879,1.05945846668215,0.818510349142559,1.31612224890734
"148","CNAC12","400_28_2","447_28",447,28,"T90","N","PAST","C","400","28","AC_N",6.932,"host",2.08733096289353,1.12834352588511,0.929545999093582,1.34341408550369
"149","CNAC2","280_28_2","288_28",288,28,"T90","N","PAST","C","280","28","AC_N",11.649,"host",1.47568771711394,1.21774312699699,0.998476030901321,1.43279755245631
"150","CNAC3","400_31_2","405_31",405,31,"T90","N","PAST","C","400","31","AC_N",8.534,"host",2.37385645242389,0.970058865570279,0.716453405191008,1.23441151200052
"151","CNAC5","700_31_2","701_31",701,31,"T90","N","PAST","C","700","31","AC_N",9.56,"host",0.988328180820084,0.812422817246028,0.565150666998088,1.05845809299977
"152","CNAC6","700_28_2","673_28",673,28,"T90","N","PAST","C","700","28","AC_N",10.235,"host",0.671385286532727,0.970707477560864,0.759712032344796,1.19047054098922
"153","CNAC8","2800_28_2","3285_28",3285,28,"T90","N","PAST","C","2800","28","AC_N",10.829,"host",0.675559265490411,0.930155959073067,0.723638727057861,1.15503079906362
"154","CNAD10","280_28_2","288_28",288,28,"T90","N","PAST","D","280","28","AD_N",11.882,"host",0.630533062524035,1.21774312699699,0.998476030901321,1.43279755245631
"155","CNAD3","400_31_2","405_31",405,31,"T90","N","PAST","D","400","31","AD_N",12.839,"host",0.483431692701456,0.970058865570279,0.716453405191008,1.23441151200052
"156","CNAD5","700_31_2","701_31",701,31,"T90","N","PAST","D","700","31","AD_N",12.119,"host",0.487603649428831,0.812422817246028,0.565150666998088,1.05845809299977
"157","CNAD6","700_28_2","673_28",673,28,"T90","N","PAST","D","700","28","AD_N",11.062,"host",0.478362859531942,0.970707477560864,0.759712032344796,1.19047054098922
"158","CNAD7","2800_31_2","3309_31",3309,31,"T90","N","PAST","D","2800","31","AD_N",12.793,"host",0.545361962555078,0.771871298758231,0.519805588627195,1.0323495097213
"159","CNAD8","2800_28_2","3285_28",3285,28,"T90","N","PAST","D","2800","28","AD_N",9.482,"host",0.593153550273782,0.930155959073067,0.723638727057861,1.15503079906362
"160","CNAD9","400_28_2","447_28",447,28,"T90","N","PAST","D","400","28","AD_N",12.847,"host",0.520603855856439,1.12834352588511,0.929545999093582,1.34341408550369
"161","CNAE11","400_28_3","447_28",447,28,"T90","N","PAST","E","400","28","AE_N",9.245,"host",2.02954256734094,1.12834352588511,0.929545999093582,1.34341408550369
"162","CNAE2","280_28_3","288_28",288,28,"T90","N","PAST","E","280","28","AE_N",8.297,"host",1.57607877513408,1.21774312699699,0.998476030901321,1.43279755245631
"163","CNAE5","700_31_3","701_31",701,31,"T90","N","PAST","E","700","31","AE_N",9.883,"host",0.837678241759578,0.812422817246028,0.565150666998088,1.05845809299977
"164","CNAE6","700_28_3","673_28",673,28,"T90","N","PAST","E","700","28","AE_N",9.108,"host",1.50298164581441,0.970707477560864,0.759712032344796,1.19047054098922
"165","CNAE7","2800_31_3","3309_31",3309,31,"T90","N","PAST","E","2800","31","AE_N",7.256,"host",0.444362561453141,0.771871298758231,0.519805588627195,1.0323495097213
"166","CNAE8","2800_28_3","3285_28",3285,28,"T90","N","PAST","E","2800","28","AE_N",7.201,"host",0.845449015956673,0.930155959073067,0.723638727057861,1.15503079906362
"167","CNAF1","280_31_3","311_31",311,31,"T90","N","PAST","F","280","31","AF_N",13.161,"host",1.67151036185798,1.05945846668215,0.818510349142559,1.31612224890734
"168","CNAF10","400_28_3","447_28",447,28,"T90","N","PAST","F","400","28","AF_N",7.282,"host",1.51131748494724,1.12834352588511,0.929545999093582,1.34341408550369
"169","CNAF11","2800_28_3","3285_28",3285,28,"T90","N","PAST","F","2800","28","AF_N",13.133,"host",1.12240445744097,0.930155959073067,0.723638727057861,1.15503079906362
"170","CNAF5","700_31_3","701_31",701,31,"T90","N","PAST","F","700","31","AF_N",11.216,"host",1.18432766582789,0.812422817246028,0.565150666998088,1.05845809299977
"171","CNAF6","700_28_3","673_28",673,28,"T90","N","PAST","F","700","28","AF_N",12.997,"host",1.38430665388177,0.970707477560864,0.759712032344796,1.19047054098922
"172","CNAF7","2800_31_3","3309_31",3309,31,"T90","N","PAST","F","2800","31","AF_N",10.895,"host",0.403139869606634,0.771871298758231,0.519805588627195,1.0323495097213
"173","CNPA1","400_28_1","447_28",447,28,"T90","N","PSTR","A","400","28","PA_N",9.378,"host",0.8660342534925,1.44943688699516,1.21987938063902,1.67325476427015
"174","CNPA13","700_28_1","673_28",673,28,"T90","N","PSTR","A","700","28","PA_N",10.623,"host",1.08628692709055,1.29180083867091,1.10430019257322,1.49277411260573
"175","CNPA2","280_28_1","288_28",288,28,"T90","N","PSTR","A","280","28","PA_N",10.66,"host",2.40519840753721,1.53883648810703,1.34157605447662,1.74601624078165
"176","CNPA6","2800_28_1","3285_28",3285,28,"T90","N","PSTR","A","2800","28","PA_N",13.452,"host",1.05789364453357,1.25124932018311,1.05638078711746,1.44504214588299
"177","CNPB1","400_28_1","447_28",447,28,"T90","N","PSTR","B","400","28","PB_N",11.973,"host",2.04991690227044,1.44943688699516,1.21987938063902,1.67325476427015
"178","CNPB2","280_28_1","288_28",288,28,"T90","N","PSTR","B","280","28","PB_N",13.278,"host",1.56550356012445,1.53883648810703,1.34157605447662,1.74601624078165
"179","CNPB20","280_31_1","311_31",311,31,"T90","N","PSTR","B","280","31","PB_N",2.963,"host",1.65061624462972,0.889301267665741,0.652140566094506,1.13084604945143
"180","CNPB5","700_31_1","701_31",701,31,"T90","N","PSTR","B","700","31","PB_N",13.166,"host",0.583498661137656,0.642265618229617,0.389643285073967,0.891777317559799
"181","CNPB6","700_28_1","673_28",673,28,"T90","N","PSTR","B","700","28","PB_N",11.874,"host",1.23467203561439,1.29180083867091,1.10430019257322,1.49277411260573
"182","CNPB7","2800_31_1","3309_31",3309,31,"T90","N","PSTR","B","2800","31","PB_N",11.55,"host",0.665180465398743,0.60171409974182,0.349139891353114,0.83981294280137
"183","CNPB8","2800_28_1","3285_28",3285,28,"T90","N","PSTR","B","2800","28","PB_N",10.855,"host",1.79456311689878,1.25124932018311,1.05638078711746,1.44504214588299
"184","CNPC6","700_28_2","673_28",673,28,"T90","N","PSTR","C","700","28","PC_N",9.106,"host",0.455977999208873,1.29180083867091,1.10430019257322,1.49277411260573
"185","CNPC8","2800_28_2","3285_28",3285,28,"T90","N","PSTR","C","2800","28","PC_N",8.709,"host",0.2786848895452,1.25124932018311,1.05638078711746,1.44504214588299
"186","CNPD1","280_31_2","311_31",311,31,"T90","N","PSTR","D","280","31","PD_N",11.375,"host",1.3527928139557,0.889301267665741,0.652140566094506,1.13084604945143
"187","CNPD2","280_28_2","288_28",288,28,"T90","N","PSTR","D","280","28","PD_N",9.539,"host",1.94254842753205,1.53883648810703,1.34157605447662,1.74601624078165
"188","CNPD2","280_28_2","288_28",288,28,"T90","N","PSTR","D","280","28","PD_N",9.539,"host",0.800560659540087,1.53883648810703,1.34157605447662,1.74601624078165
"189","CNPD3","400_31_2","405_31",405,31,"T90","N","PSTR","D","400","31","PD_N",10.293,"host",1.73905565460064,0.799901666553868,0.538257955297075,1.05632025695617
"190","CNPD5","700_31_2","701_31",701,31,"T90","N","PSTR","D","700","31","PD_N",9.488,"host",0.71083532958291,0.642265618229617,0.389643285073967,0.891777317559799
"191","CNPD6","700_28_2","673_28",673,28,"T90","N","PSTR","D","700","28","PD_N",9.298,"host",0.532747470026242,1.29180083867091,1.10430019257322,1.49277411260573
"192","CNPD7","2800_31_2","3309_31",3309,31,"T90","N","PSTR","D","2800","31","PD_N",9.259,"host",0.953441269068438,0.60171409974182,0.349139891353114,0.83981294280137
"193","CNPD8","2800_28_2","3285_28",3285,28,"T90","N","PSTR","D","2800","28","PD_N",10.323,"host",1.46059941950864,1.25124932018311,1.05638078711746,1.44504214588299
"194","CNPE1","280_31_3","311_31",311,31,"T90","N","PSTR","E","280","31","PE_N",9.047,"host",0.899054339009727,0.889301267665741,0.652140566094506,1.13084604945143
"195","CNPE12","2800_31_3","3309_31",3309,31,"T90","N","PSTR","E","2800","31","PE_N",10.657,"host",0.87584513386421,0.60171409974182,0.349139891353114,0.83981294280137
"196","CNPE2","280_28_3","288_28",288,28,"T90","N","PSTR","E","280","28","PE_N",9.957,"host",3.65108689539831,1.53883648810703,1.34157605447662,1.74601624078165
"197","CNPE3","400_31_3","405_31",405,31,"T90","N","PSTR","E","400","31","PE_N",9.791,"host",0.442943263224132,0.799901666553868,0.538257955297075,1.05632025695617
"198","CNPE5","700_31_3","701_31",701,31,"T90","N","PSTR","E","700","31","PE_N",9.326,"host",0.342902664168856,0.642265618229617,0.389643285073967,0.891777317559799
"199","CNPE6","700_28_3","673_28",673,28,"T90","N","PSTR","E","700","28","PE_N",9.914,"host",1.34604866752085,1.29180083867091,1.10430019257322,1.49277411260573
"200","CNPE8","2800_28_3","3285_28",3285,28,"T90","N","PSTR","E","2800","28","PE_N",9.476,"host",1.39246554533798,1.25124932018311,1.05638078711746,1.44504214588299
"201","CNPF1","280_31_3","311_31",311,31,"T90","N","PSTR","F","280","31","PF_N",10.141,"host",0.562012878427785,0.889301267665741,0.652140566094506,1.13084604945143
"202","CNPF2","280_28_3","288_28",288,28,"T90","N","PSTR","F","280","28","PF_N",12.097,"host",2.07585234069074,1.53883648810703,1.34157605447662,1.74601624078165
"203","CNPF6","700_28_3","673_28",673,28,"T90","N","PSTR","F","700","28","PF_N",9.59,"host",1.81441478125686,1.29180083867091,1.10430019257322,1.49277411260573
"204","CNPF8","2800_28_3","3285_28",3285,28,"T90","N","PSTR","F","2800","28","PF_N",13.066,"host",1.50484925367155,1.25124932018311,1.05638078711746,1.44504214588299
"205","CNSA1","280_31_1","311_31",311,31,"T90","N","SSID","A","280","31","SA_N",9.448,"host",1.99419340077363,1.76296583057203,1.5394922576312,1.97773761956582
"206","CNSA17","400_28_1","447_28",447,28,"T90","N","SSID","A","400","28","SA_N",6.707,"host",1.5054571770501,2.07871481655619,1.86571960399769,2.28432136259411
"207","CNSA18","2800_31_1","3309_31",3309,31,"T90","N","SSID","A","2800","31","SA_N",8.888,"host",1.13233022591216,1.47537866264811,1.2681994999908,1.68059202802021
"208","CNSA5","700_31_1","701_31",701,31,"T90","N","SSID","A","700","31","SA_N",8.813,"host",1.52916809544699,1.5159301811359,1.30499127122133,1.73081705404338
"209","CNSA6","700_28_1","673_28",673,28,"T90","N","SSID","A","700","28","SA_N",7.59,"host",1.49487926560386,1.92107876823194,1.7193364634653,2.1251289245969
"210","CNSA7","2800_28_1","3285_28",3285,28,"T90","N","SSID","A","2800","28","SA_N",7.103,"host",1.16897866186807,1.88052724974414,1.6778473710412,2.07967207427213
"211","CNSB1","280_31_1","311_31",311,31,"T90","N","SSID","B","280","31","SB_N",11.196,"host",1.65053075824451,1.76296583057203,1.5394922576312,1.97773761956582
"212","CNSB16","400_31_3","405_31",405,31,"T90","N","SSID","B","400","31","SB_N",11.49,"host",1.19045625969228,1.67356622946015,1.460210058175,1.88453186730978
"213","CNSB2","280_28_1","288_28",288,28,"T90","N","SSID","B","280","28","SB_N",10.862,"host",2.99225392051924,2.16811441766806,1.96013009283253,2.37153076181858
"214","CNSB20","2800_31_1","3309_31",3309,31,"T90","N","SSID","B","2800","31","SB_N",6.394,"host",1.79348343564515,1.47537866264811,1.2681994999908,1.68059202802021
"215","CNSB3","400_31_1","405_31",405,31,"T90","N","SSID","B","400","31","SB_N",11.577,"host",0.839952903250032,1.67356622946015,1.460210058175,1.88453186730978
"216","CNSB5","700_31_1","701_31",701,31,"T90","N","SSID","B","700","31","SB_N",11.107,"host",1.23747396260417,1.5159301811359,1.30499127122133,1.73081705404338
"217","CNSB6","700_28_1","673_28",673,28,"T90","N","SSID","B","700","28","SB_N",10.674,"host",1.37872614327056,1.92107876823194,1.7193364634653,2.1251289245969
"218","CNSB7","400_28_1","447_28",447,28,"T90","N","SSID","B","400","28","SB_N",12.183,"host",1.70156145500656,2.07871481655619,1.86571960399769,2.28432136259411
"219","CNSB7","400_28_1","447_28",447,28,"T90","N","SSID","B","400","28","SB_N",12.183,"host",1.70156145500656,2.07871481655619,1.86571960399769,2.28432136259411
"220","CNSB8","2800_28_1","3285_28",3285,28,"T90","N","SSID","B","2800","28","SB_N",9.859,"host",2.59931040782636,1.88052724974414,1.6778473710412,2.07967207427213
"221","CNSC3","400_31_2","405_31",405,31,"T90","N","SSID","C","400","31","SC_N",7.851,"host",0.818446277108097,1.67356622946015,1.460210058175,1.88453186730978
"222","CNSC5","700_31_2","701_31",701,31,"T90","N","SSID","C","700","31","SC_N",9.474,"host",2.12455838248243,1.5159301811359,1.30499127122133,1.73081705404338
"223","CNSC6","700_28_2","673_28",673,28,"T90","N","SSID","C","700","28","SC_N",10.399,"host",2.37708848435884,1.92107876823194,1.7193364634653,2.1251289245969
"224","CNSC7","2800_31_2","3309_31",3309,31,"T90","N","SSID","C","2800","31","SC_N",9.315,"host",1.11708736857184,1.47537866264811,1.2681994999908,1.68059202802021
"225","CNSC8","2800_28_2","3285_28",3285,28,"T90","N","SSID","C","2800","28","SC_N",8.767,"host",1.80812846529216,1.88052724974414,1.6778473710412,2.07967207427213
"226","CNSD1","280_31_2","311_31",311,31,"T90","N","SSID","D","280","31","SD_N",9.161,"host",1.14453832957358,1.76296583057203,1.5394922576312,1.97773761956582
"227","CNSD1","280_31_2","311_31",311,31,"T90","N","SSID","D","280","31","SD_N",9.161,"host",1.14453832957358,1.76296583057203,1.5394922576312,1.97773761956582
"228","CNSD2","280_28_2","288_28",288,28,"T90","N","SSID","D","280","28","SD_N",8.986,"host",1.5466785555055,2.16811441766806,1.96013009283253,2.37153076181858
"229","CNSD3","400_31_2","405_31",405,31,"T90","N","SSID","D","400","31","SD_N",9.112,"host",2.3529116326622,1.67356622946015,1.460210058175,1.88453186730978
"230","CNSD5","700_31_2","701_31",701,31,"T90","N","SSID","D","700","31","SD_N",10.957,"host",1.49640897117727,1.5159301811359,1.30499127122133,1.73081705404338
"231","CNSD6","700_28_2","673_28",673,28,"T90","N","SSID","D","700","28","SD_N",8.568,"host",2.21981406220838,1.92107876823194,1.7193364634653,2.1251289245969
"232","CNSD7","2800_31_2","3309_31",3309,31,"T90","N","SSID","D","2800","31","SD_N",8.368,"host",2.54149727646605,1.47537866264811,1.2681994999908,1.68059202802021
"233","CNSD8","2800_28_2","3285_28",3285,28,"T90","N","SSID","D","2800","28","SD_N",8.356,"host",2.86508960441407,1.88052724974414,1.6778473710412,2.07967207427213
"234","CNSD9","400_28_2","447_28",447,28,"T90","N","SSID","D","400","28","SD_N",8.1,"host",2.04949904496296,2.07871481655619,1.86571960399769,2.28432136259411
"235","CNSE11","280_28_3","288_28",288,28,"T90","N","SSID","E","280","28","SE_N",10.4,"host",1.4716235849267,2.16811441766806,1.96013009283253,2.37153076181858
"236","CNSE11","280_28_3","288_28",288,28,"T90","N","SSID","E","280","28","SE_N",10.4,"host",1.4716235849267,2.16811441766806,1.96013009283253,2.37153076181858
"237","CNSE20","400_31_3","405_31",405,31,"T90","N","SSID","E","400","31","SE_N",11.112,"host",1.59899315015863,1.67356622946015,1.460210058175,1.88453186730978
"238","CNSE21","400_31_3","405_31",405,31,"T90","N","SSID","E","400","31","SE_N",9.522,"host",1.35530344394742,1.67356622946015,1.460210058175,1.88453186730978
"239","CNSE21","400_31_3","405_31",405,31,"T90","N","SSID","E","400","31","SE_N",9.522,"host",1.35530344394742,1.67356622946015,1.460210058175,1.88453186730978
"240","CNSE22","400_28_3","447_28",447,28,"T90","N","SSID","E","400","28","SE_N",8.415,"host",1.38553168855096,2.07871481655619,1.86571960399769,2.28432136259411
"241","CNSE23","2800_28_3","3285_28",3285,28,"T90","N","SSID","E","2800","28","SE_N",10.929,"host",2.97377296057218,1.88052724974414,1.6778473710412,2.07967207427213
"242","CNSE5","700_31_3","701_31",701,31,"T90","N","SSID","E","700","31","SE_N",10.615,"host",1.11984234695441,1.5159301811359,1.30499127122133,1.73081705404338
"243","CNSE7","2800_31_3","3309_31",3309,31,"T90","N","SSID","E","2800","31","SE_N",12.69,"host",1.00501022218335,1.47537866264811,1.2681994999908,1.68059202802021
"244","CNSF13","700_28_3","673_28",673,28,"T90","N","SSID","F","700","28","SF_N",8.722,"host",1.4990073583049,1.92107876823194,1.7193364634653,2.1251289245969
"245","CNSF15","2800_31_3","3309_31",3309,31,"T90","N","SSID","F","2800","31","SF_N",10.255,"host",1.65256842322039,1.47537866264811,1.2681994999908,1.68059202802021
"246","CNSF20","400_28_3","447_28",447,28,"T90","N","SSID","F","400","28","SF_N",6.942,"host",1.71538528305522,2.07871481655619,1.86571960399769,2.28432136259411
"247","CNSF23","280_28_3","288_28",288,28,"T90","N","SSID","F","280","28","SF_N",7.566,"host",3.2690069707873,2.16811441766806,1.96013009283253,2.37153076181858
"248","CNSF24","280_31_3","311_31",311,31,"T90","N","SSID","F","280","31","SF_N",11.243,"host",1.5619198598394,1.76296583057203,1.5394922576312,1.97773761956582
"249","CNSF25","2800_28_3","3285_28",3285,28,"T90","N","SSID","F","2800","28","SF_N",9.462,"host",2.09802816277331,1.88052724974414,1.6778473710412,2.07967207427213
"250","CNTA11","400_28_1","447_28",447,28,"T90","N","UTEN","A","400","28","TA_N",13.82,"host",0.175615442209406,0.424807420655578,0.175482136509381,0.676941365403066
"251","CNTA11","400_28_1","447_28",447,28,"T90","N","UTEN","A","400","28","TA_N",13.82,"host",0.175615442209406,0.424807420655578,0.175482136509381,0.676941365403066
"252","CNTB2","280_28_1","288_28",288,28,"T90","N","UTEN","B","280","28","TB_N",19.043,"host",0.697906279564459,0.514207021767451,0.276921142849494,0.757388838468981
"253","CNTB8","2800_28_1","3285_28",3285,28,"T90","N","UTEN","B","2800","28","TB_N",13.526,"host",0.0813926763495209,0.22661985384353,-0.0219336758027002,0.473283400877558
"254","CNTB8","2800_28_1","3285_28",3285,28,"T90","N","UTEN","B","2800","28","TB_N",13.526,"host",0.0813926763495209,0.22661985384353,-0.0219336758027002,0.473283400877558
"255","CNTB9","400_28_1","447_28",447,28,"T90","N","UTEN","B","400","28","TB_N",15.733,"host",0.327768739326638,0.424807420655578,0.175482136509381,0.676941365403066
"256","CNTC10","280_28_3","288_28",288,28,"T90","N","UTEN","C","280","28","TC_N",5.395,"host",1.02379500726621,0.514207021767451,0.276921142849494,0.757388838468981
"257","CNTC16","280_28_2","288_28",288,28,"T90","N","UTEN","C","280","28","TC_N",7.669,"host",0.369965975874423,0.514207021767451,0.276921142849494,0.757388838468981
"258","CNTC2","280_28_2","288_28",288,28,"T90","N","UTEN","C","280","28","TC_N",20.371,"host",0.257222422007938,0.514207021767451,0.276921142849494,0.757388838468981
"259","CNTC21","400_28_2","447_28",447,28,"T90","N","UTEN","C","400","28","TC_N",9.533,"host",0.372189094968828,0.424807420655578,0.175482136509381,0.676941365403066
"260","CNTC22","280_31_2","311_31",311,31,"T90","N","UTEN","C","280","31","TC_N",10.661,"host",0.443473519690783,0.419397652083152,-0.0719594467984215,0.901298265031644
"261","CNTD1","280_31_2","311_31",311,31,"T90","N","UTEN","D","280","31","TD_N",17.389,"host",0.625417506281155,0.419397652083152,-0.0719594467984215,0.901298265031644
"262","CNTD13","400_28_2","447_28",447,28,"T90","N","UTEN","D","400","28","TD_N",10.053,"host",0.535719054109129,0.424807420655578,0.175482136509381,0.676941365403066
"263","CNTD15","280_28_3","288_28",288,28,"T90","N","UTEN","D","280","28","TD_N",3.641,"host",1.74371817992693,0.514207021767451,0.276921142849494,0.757388838468981
"264","CNTD2","280_28_2","288_28",288,28,"T90","N","UTEN","D","280","28","TD_N",20.952,"host",0.330381408106784,0.514207021767451,0.276921142849494,0.757388838468981
"265","CNTD5","700_31_2","701_31",701,31,"T90","N","UTEN","D","700","31","TD_N",21.945,"host",0.265012187796157,0.172362002647027,-0.328012449791573,0.681749423342916
"266","CNTD6","700_28_2","673_28",673,28,"T90","N","UTEN","D","700","28","TD_N",22.357,"host",0.277080937749076,0.267171372331327,0.00721657108966922,0.527599600240052
"267","CNTD8","2800_28_2","3285_28",3285,28,"T90","N","UTEN","D","2800","28","TD_N",26.287,"host",0.194393524501629,0.22661985384353,-0.0219336758027002,0.473283400877558
"268","CNTE10","400_28_3","447_28",447,28,"T90","N","UTEN","E","400","28","TE_N",30.207,"host",0.52589672318989,0.424807420655578,0.175482136509381,0.676941365403066
"269","CNTE12","280_31_3","311_31",311,31,"T90","N","UTEN","E","280","31","TE_N",15.083,"host",0.461360799049857,0.419397652083152,-0.0719594467984215,0.901298265031644
"270","CNTE15","280_31_3","311_31",311,31,"T90","N","UTEN","E","280","31","TE_N",30.404,"host",0.247717845137065,0.419397652083152,-0.0719594467984215,0.901298265031644
"271","CNTE15","280_31_3","311_31",311,31,"T90","N","UTEN","E","280","31","TE_N",30.404,"host",0.247717845137065,0.419397652083152,-0.0719594467984215,0.901298265031644
"272","CNTE2","280_28_3","288_28",288,28,"T90","N","UTEN","E","280","28","TE_N",13.619,"host",0.24168374481237,0.514207021767451,0.276921142849494,0.757388838468981
"273","CNTE6","700_28_3","673_28",673,28,"T90","N","UTEN","E","700","28","TE_N",30.319,"host",0.133638574612757,0.267171372331327,0.00721657108966922,0.527599600240052
"274","CNTE8","2800_28_3","3285_28",3285,28,"T90","N","UTEN","E","2800","28","TE_N",22.085,"host",0.444628589826778,0.22661985384353,-0.0219336758027002,0.473283400877558
"275","CNTF2","280_28_3","288_28",288,28,"T90","N","UTEN","F","280","28","TF_N",26.052,"host",0.305580675541819,0.514207021767451,0.276921142849494,0.757388838468981
"276","CNTF6","700_28_3","673_28",673,28,"T90","N","UTEN","F","700","28","TF_N",29.273,"host",0.31088426434878,0.267171372331327,0.00721657108966922,0.527599600240052
"277","CNTF8","2800_28_3","3285_28",3285,28,"T90","N","UTEN","F","2800","28","TF_N",25.133,"host",0.531493895342803,0.22661985384353,-0.0219336758027002,0.473283400877558
