"","X1","coral","tank","treat","pco2","temp","T0_T90","reef","species","col","fpco2","ftemp","colony","SA","den","pro","chla","sum_bw5","red_bw1","green_bw1","blue_bw1","sum_bw1","red_bw2","green_bw2","blue_bw2","sum_bw2","red_bw3","green_bw3","blue_bw3","sum_bw3","red_bw4","green_bw4","blue_bw4","sum_bw4","red_bw5","green_bw5","blue_bw5","rate","carb(mg/cm2)_avg","lipid(mg/cm2)_avg"
"1",1,"CFAA1","280_31_1","311_31",311,31,"T90","F","A","A","280",31,"AA_F",10.547,5524414.525,0.45,217.808,125.9,113.9,79.7,16.2,209.8,118.2,90,16.6,224.8,98.1,62.5,12.5,173.1,144.8,110.3,28.4,283.5,69.2,52.3,4.4,0.333,1.18605619291426,0.283302893
"2",2,"CFAA14","400_28_1","447_28",447,28,"T90","F","A","A","400",28,"AA_F",10.418,7570308.751,0.197,110.249,266.4,NA,NA,NA,NA,93.8,51.2,18.3,163.3,92,59,28,179,100.4,65.4,28.4,194.2,137.5,93.3,35.6,0.079,0.63781162362432,0.05856389
"3",3,"CFAA2","280_28_1","288_28",288,28,"T90","F","A","A","280",28,"AA_F",8.63,2911506.818,0.116,21.946,349.5,122.9,88.1,4.2,445.2,122.4,92,41.8,256.2,129.8,88,25.1,242.9,131.5,89.9,34,255.4,166.2,126.4,56.9,-0.148,0.546623836164138,0.191900028
"4",4,"CFAA6","700_28_1","673_28",673,28,"T90","F","A","A","700",28,"AA_F",12.19,1706253.931,0.234,15.681,431.4,145.5,103.1,9.7,258.3,145.1,109,42,296.1,167.5,123.7,57,348.2,185.1,143,89.2,417.3,193.9,159.5,78,-0.255,0.358909847040141,0.053960868
"5",5,"CFAA8","2800_28_1","3285_28",3285,28,"T90","F","A","A","2800",28,"AA_F",11.967,5384362.553,0.351,70.777,362.1,124.4,88.2,12,224.6,120.1,87.7,33.1,240.9,129.4,96.2,37.2,262.8,139.6,99.2,49.3,288.1,173.1,135.6,53.4,-0.739,1.36442388053258,0.213038798
"6",6,"CFAB11","700_28_1","673_28",673,28,"T90","F","A","B","700",28,"AB_F",10.074,3959796.168,0.095,29.419,273.6,150.4,115.7,28.3,294.4,122.7,87.9,33.6,244.2,123.3,82.8,28.5,234.6,159.5,122.9,64.8,347.2,136.2,98.7,38.7,-0.179,0.283858961555257,0.081484238
"7",7,"CFAB18","400_28_1","447_28",447,28,"T90","F","A","B","400",28,"AB_F",9.132,3133596.145,0.233,62.217,314.2,NA,NA,NA,NA,92.6,55.4,22.4,170.4,142.7,104.3,36.6,283.6,75.6,45.6,18.3,139.5,149.4,107.5,57.3,0.634,0.880658753285151,0.063166109
"8",8,"CFAB2","280_28_1","288_28",288,28,"T90","F","A","B","280",28,"AB_F",10.698,7071070.26,0.561,114.412,214.4,131.5,96.6,13.4,241.5,100.5,68.8,19.4,188.7,94.5,60.9,13.3,168.7,68.2,41.3,17.1,126.6,120,76.2,18.2,-0.018,1.1498945499766,0.203539008
"9",9,"CFAB3","400_31_1","405_31",405,31,"T90","F","A","B","400",31,"AB_F",11.497,NA,0.043,35.844,192.3,162.8,131.3,37.6,331.7,133,103.1,25.5,261.6,133.5,101.8,33.2,268.5,143.5,133.4,72.5,349.4,88.1,76.4,27.8,-0.319,0.329042058218086,0.159124026
"10",10,"CFAB5","700_31_1","701_31",701,31,"T90","F","A","B","700",31,"AB_F",11.136,NA,0.12,97.157,407.8,144.5,107.6,24.6,276.7,123.3,89.9,31.1,244.3,158.4,115.4,46.6,320.4,210.6,184.2,122.5,517.3,175.7,148.6,83.5,-0.553,0.409945429647683,0.147105335
"11",11,"CFAB8","2800_28_1","3285_28",3285,28,"T90","F","A","B","2800",28,"AB_F",9.958,5362878.661,0.13,28.351,437.8,160.9,124.6,28.4,313.9,104.3,67.6,26.8,198.7,123.3,86.4,39.5,249.2,156.9,118.9,56.8,332.6,187.8,157.7,92.3,-0.368,0.504552339263751,0.064006203
"12",12,"CFAC1","280_31_2","311_31",311,31,"T90","F","A","C","280",31,"AC_F",8.561,7818658.942,0.17,141.125,192.3,91.7,56.1,11.4,159.2,138.1,103.7,29.4,271.2,121.9,86.6,20,228.5,141.3,117.4,47.2,305.9,94.9,77.2,20.2,0.268,0.402282024357387,0.137282051
"13",13,"CFAC12","400_28_2","447_28",447,28,"T90","F","A","C","400",28,"AC_F",9.083,9155565.342,0.089,76.26,341,NA,NA,NA,NA,144.6,103.1,38.2,285.9,100.9,65.2,22.1,188.2,114.5,94.5,30.9,239.9,152.2,127.5,61.3,-0.449,0.371511024991743,0.121468796
"14",14,"CFAC2","280_28_2","288_28",288,28,"T90","F","A","C","280",28,"AC_F",9.69,10127205.81,0.161,93.196,265.6,104.5,68,2.6,175.1,115.1,84.4,20.4,219.9,96.1,56.8,7.8,160.7,92.2,58.3,11.5,162,145.6,96.1,23.9,0.101,0.839010299640157,0.18618538
"15",15,"CFAC3","400_31_2","405_31",405,31,"T90","F","A","C","400",31,"AC_F",10.757,5945336.226,0.07,47.44,153.1,118.3,78,14.6,210.9,115.1,84.4,20.4,219.9,146.8,105.4,34.6,286.8,128,111.6,59,298.6,68.3,53.9,30.9,0.104,0.197952582678044,0.084289501
"16",16,"CFAC5","700_31_2","701_31",701,31,"T90","F","A","C","700",31,"AC_F",11.743,1859831.389,0.025,77.802,329.6,154.5,118.1,36.1,308.7,120.9,91.7,18.3,230.9,156.1,118.9,41,316,210.4,182.5,122.4,515.3,149,113,67.6,0.105,0.184901951943002,0.148374668
"17",17,"CFAC6","700_28_2","673_28",673,28,"T90","F","A","C","700",28,"AC_F",10.222,8725233.157,0.122,26.419,463.3,179.4,141.6,39.6,360.6,117.4,84.7,17.4,219.5,111.7,70.2,27,208.9,170,132.7,63.4,366.1,204.7,172,86.6,-0.17,0.654324183297463,0.122342722
"18",18,"CFAC8","2800_28_2","3285_28",3285,28,"T90","F","A","C","2800",28,"AC_F",9.302,7741990.97,0.09,20.737,442.2,160.5,126.1,36.9,323.5,111.4,79.6,16.3,207.3,109.8,72.2,19.6,201.6,147.9,115.5,55.1,318.5,191.4,161,89.8,0.079,0.396461910521035,0.072591537
"19",19,"CFAD12","400_28_2","447_28",447,28,"T90","F","A","D","400",28,"AD_F",5.764,5618783.252,0.275,120.172,232.4,NA,NA,NA,NA,104.7,63.2,14.7,182.6,102.5,66.3,19.3,188.1,71.7,44.4,14.1,130.2,118.9,85.3,28.2,-0.056,0.636318400127226,0.152609972
"20",20,"CFAD2","280_28_2","288_28",288,28,"T90","F","A","D","280",28,"AD_F",8.646,4812398.797,0.173,50.097,307.3,147.4,115.8,17.8,281,101.6,65.6,17.9,185.1,97.1,63.4,16.4,176.9,118,78.9,18,214.9,159.1,116.2,32,-0.399,0.623476142917727,0.115535049
"21",21,"CFAD5","700_31_2","701_31",701,31,"T90","F","A","D","700",31,"AD_F",9.903,2283506.126,0.072,153.354,212.2,129,95.1,7.1,231.2,117.2,85.4,24.1,226.7,174.2,134.1,43.9,352.2,206.5,184,94.5,485,102.9,83.6,25.7,0.274,0.000735213073894735,0.078126434
"22",22,"CFAD6","700_28_2","673_28",673,28,"T90","F","A","D","700",28,"AD_F",8.446,5529499.98,0.109,26.367,425.7,161.9,126.5,22.3,310.7,89,56.9,16.4,162.3,113.1,74.7,32.9,220.7,154.4,118.7,45.9,319,192.2,168.5,65,-0.774,0.755506713199239,0.075443369
"23",23,"CFAD8","2800_28_2","3285_28",3285,28,"T90","F","A","D","2800",28,"AD_F",9.366,7286756.593,0.258,21.158,328.5,148,113.3,16.7,278,72.1,45.7,9.1,126.9,94.4,65.7,20,180.1,136.1,101.4,37.8,275.3,155.5,129.6,43.4,-0.713,1.00313094508299,0.129487411
"24",24,"CFAD9","400_28_3","447_28",447,28,"T90","F","A","D","400",28,"AD_F",6.6,10738649.56,0.164,80.502,410.1,NA,NA,NA,NA,111.3,71.1,11.3,193.7,116.1,79.9,15.8,211.8,126.5,99.6,29.3,255.4,181.1,159,70,0.056,0.857520147005581,0.211555442
"25",25,"CFAE10","280_31_3","311_31",311,31,"T90","F","A","E","280",31,"AE_F",8.362,4195785.798,0.07,188.735,125.3,126.5,90.4,17.8,234.7,178.4,149,71.8,399.2,153,135.2,46.9,335.1,107.9,95.9,27.1,230.9,60.3,49.2,15.8,0.118,0.369658697471957,0.175859548
"26",26,"CFAE15","280_28_3","288_28",288,28,"T90","F","A","E","280",28,"AE_F",8.097,9521613.833,0.093,63.892,175,138.8,100.3,28.8,267.9,207.7,178.6,113.1,499.4,142,118.4,47.3,307.7,121.2,102.2,24.9,248.3,80.3,68.7,26,0.09,0.531737887380332,0.200566398
"27",27,"CFAE8","2800_28_3","3285_28",3285,28,"T90","F","A","E","2800",28,"AE_F",11.355,6044856.74,0.033,8.417,455.2,163.2,124.4,38.7,326.3,182.6,155.7,85.6,423.9,216.1,195.3,129.9,541.3,162.1,148.4,78,388.5,183.7,168.7,102.8,-0.745,0.285103663314613,0.092137439
"28",28,"CFAF2","280_28_3","288_28",288,28,"T90","F","A","F","280",28,"AF_F",10.805,12236934.66,0.102,96.569,259.3,91.7,61.8,9.8,163.3,109,81.7,36.5,227.2,117.5,82.1,35.5,235.1,104.7,81.8,21.3,207.8,124.8,104.8,29.7,0.111,0.571410397337135,0.205845264
"29",29,"CFAF3","400_31_3","405_31",405,31,"T90","F","A","F","400",31,"AF_F",10.534,14051264.2,0.087,35.792,230.2,154,121.4,26.9,302.3,169.5,128.8,45.1,343.4,145.4,108.6,46.6,300.6,82.1,70.9,31,184,104.7,90.5,35,-0.287,0.372965631824004,0.26288503
"30",30,"CFAF5","700_31_3","701_31",701,31,"T90","F","A","F","700",31,"AF_F",10.342,5507703.217,0.09,96.989,211,151.2,117.6,26.4,295.2,192.1,165.5,112.4,470,228,203.8,178.7,610.5,143.5,127.8,48.5,319.8,93.4,84.9,32.7,-0.1,0.574677389286405,0.089170304
"31",31,"CFAF6","700_28_3","673_28",673,28,"T90","F","A","F","700",28,"AF_F",10.115,3964870.654,0.132,51.663,361.1,147.5,114.9,38,300.4,157.3,133.6,76.2,367.1,162.7,127.6,70.3,360.6,153.4,119.4,70.6,343.4,163.2,135.9,62,0.223,0.102534036414566,0.073699159
"32",32,"CFAF8","2800_28_3","3285_28",3285,28,"T90","F","A","F","2800",28,"AF_F",9.643,2557571.987,0.086,9.929,457.6,125.7,90.6,17.8,234.1,106,80.2,31.1,217.3,146.3,116.1,65.7,328.1,119.4,89,51.9,260.3,185.8,159.2,112.6,-0.879,0.867945251477756,0.126541338
"33",33,"CFAF9","400_28_3","447_28",447,28,"T90","F","A","F","400",28,"AF_F",5.018,6746911.12,0.045,29.005,409.2,NA,NA,NA,NA,111.7,72.8,33.8,218.3,111.3,76.3,25.1,212.7,104,73.9,35.2,213.1,172.4,142.4,94.4,0.29,2.18060860701475,0.344479818
"34",34,"CFPA1","280_31_1","311_31",311,31,"T90","F","P","A","280",31,"PA_F",12.372,21277.31228,0.293,29.623,500.25,72.1,42.6,11.2,125.9,98.45,70.3,30.7,199.45,136.65,100.45,44.3,281.4,161.05,126.25,57.65,344.95,215.75,183.5,101,0.685,0.269951560813091,0.102913221
"35",35,"CFPA10","2800_28_2","3285_28",3285,28,"T90","F","P","A","2800",28,"PA_F",14.24,914325.8427,0.548,65.144,281.95,124.65,92,44.2,260.85,91.5,61.65,30.1,183.25,128.15,97.05,51.15,276.35,117.55,86.7,42.2,246.45,133.1,105.15,43.7,0.117,0.484517085088951,0.285832295
"36",36,"CFPA11","400_31_2","405_31",405,31,"T90","F","P","A","400",31,"PA_F",10.967,3829.554434,0.128,5.5,322.05,134.6,97.25,24.2,256.05,118.35,83.95,34.8,237.1,181.3,143.8,72.35,397.45,127.6,109.45,60.55,297.6,142.15,119.05,60.85,-0.031,0.248175354157247,0.310223475
"37",37,"CFPA12","280_31_2","311_31",311,31,"T90","F","P","A","280",31,"PA_F",18.462,4044.270316,0.088,7.846,495.65,116.55,87,34.05,237.6,107.65,79.05,32.6,219.3,126.35,93.8,48.25,268.4,157.45,122.65,53.05,333.15,211.9,182.6,101.15,0.633,0.104887943308879,0.026834215
"38",38,"CFPA2","280_28_1","288_28",288,28,"T90","F","P","A","280",28,"PA_F",11.998,171028.5048,0.5,166.62,159.15,116.85,86.3,20.7,223.85,107.4,77.35,31.3,216.05,95.75,68.1,39.3,203.15,53.55,39.8,34.65,128,70.3,50.95,37.9,1.802,0.570950082791576,0.145702873
"39",39,"CFPA20","700_31_2","701_31",701,31,"T90","F","P","A","700",31,"PA_F",10.441,95393.16157,0.332,28.552,494,109,79.3,21.85,210.15,133,103.55,46.7,283.25,146,114.25,51.7,311.95,206.7,171.6,86,464.3,213.7,182.1,98.2,0.257,0.523578597356575,0.160491748
"40",40,"CFPA21","280_28_2","288_28",288,28,"T90","F","P","A","280",28,"PA_F",16.909,1646460.465,0.846,330.829,177,87.25,53.95,10.45,151.65,107.7,75.3,36.1,219.1,102.85,72.9,28.4,204.15,70.15,49.3,34.95,154.4,74.95,56.35,45.7,1.883,0.880771468054488,0.33373316
"41",41,"CFPA22","2800_31_2","3309_31",3309,31,"T90","F","P","A","2800",31,"PA_F",9.655,81198.64669,0.112,6.684,476.15,94.7,64.6,24.15,183.45,114,81.6,42.45,238.05,152.4,120.1,55.15,327.65,167.3,136.4,59.1,362.8,196.65,176.45,103.05,-0.265,0.245194564670482,0.054155446
"42",42,"CFPA3","400_31_1","405_31",405,31,"T90","F","P","A","400",31,"PA_F",12.671,2262.383921,0.258,4.747,508.25,85.85,57.7,14.1,157.65,108.15,75.65,28.35,212.15,200.9,164.45,88.4,453.75,228.7,201.7,118.75,549.15,213.5,185.45,109.3,-0.128,0.270505913634809,0.108442957
"43",43,"CFPA6","700_28_1","673_28",673,28,"T90","F","P","A","700",28,"PA_F",11.948,1656018.971,0.99,78.813,177.25,138.65,105.55,47.7,291.9,120.6,93.35,49.4,263.35,96.1,72.4,44.75,213.25,76.35,54.6,38.9,169.85,83.8,58.25,35.2,1.597,1.02058320965841,0.32800819
"44",44,"CFPA7","2800_31_1","3309_31",3309,31,"T90","F","P","A","2800",31,"PA_F",11.518,160444.5216,0.137,4.141,477.25,128.25,96.4,34.9,259.55,124.35,95.25,38.1,257.7,154.95,123.2,59.9,338.05,163.5,133.9,60.55,357.95,198,174.85,104.4,0.024,0.255060566070498,0.01722521
"45",45,"CFPA8","2800_28_1","3285_28",3285,28,"T90","F","P","A","2800",28,"PA_F",7.292,862712.1123,0.206,38.96,258.9,99.5,67.5,32.7,199.7,91.5,60.25,23.45,175.2,93.8,66.85,27,187.65,125.55,90.3,31.1,246.95,128.1,99.15,31.65,-0.06,0.412314550514387,0.035007876
"46",46,"CFPA9","700_28_2","673_28",673,28,"T90","F","P","A","700",28,"PA_F",14.665,669947.2679,1.009,124.357,229.8,155.05,121.9,53.2,330.15,111.95,83.75,40.05,235.75,99.95,78.95,51.55,230.45,90.2,67.35,49.05,206.6,113.35,79.7,36.75,0.713,1.04096061620169,0.392843387
"47",47,"CFPB1","400_28_1","447_28",447,28,"T90","F","P","B","400",28,"PB_F",7.942,3590027.701,0.291,205.345,169.1,NA,NA,NA,NA,137.4,104.8,46.95,289.15,123.45,92.5,41.35,257.3,74.3,55.75,30.55,160.6,81.3,57.05,30.75,1.466,1.29658056912616,0.193019577
"48",48,"CFPB12","2800_28_1","3285_28",3285,28,"T90","F","P","B","2800",28,"PB_F",9.46,1554897.815,0.401,60.801,285.65,93.95,62.8,7.15,163.9,84.1,61.1,26.05,171.25,108.2,81,30.35,219.55,91.3,65.85,26.7,183.85,127.15,100.9,57.6,1.281,0.972443511627907,0.058376966
"49",49,"CFPB2","280_28_1","288_28",288,28,"T90","F","P","B","280",28,"PB_F",10.94,2872672.984,0.788,192.345,235.65,124.3,97.65,23.6,245.55,95.5,73.45,34.4,203.35,97.85,70.65,32.9,201.4,76.95,51,29.55,157.5,103.75,78.1,53.8,1.622,0.844716546371139,0.275427958
"50",50,"CFPB3","400_31_1","405_31",405,31,"T90","F","P","B","400",31,"PB_F",12.899,0,0.323,5.424,543.4,109.45,82.75,24.75,216.95,155.8,128.75,64.1,348.65,221.15,198,126.3,545.45,216.05,191.5,123.35,530.9,221.65,197.65,124.1,-0.504,0.356761572731736,0.113718165
"51",51,"CFPB5","700_31_1","701_31",701,31,"T90","F","P","B","700",31,"PB_F",9.71,1922.416752,0.365,26.187,536.2,139.2,105.15,24.85,269.2,144.4,115.5,53.35,313.25,178.15,150.45,78.8,407.4,211.6,191,124.45,527.05,213.9,194.35,127.95,0.027,0.42822174527978,0.012623666
"52",52,"CFPB6","700_28_1","673_28",673,28,"T90","F","P","B","700",28,"PB_F",11.396,2294685.425,1.069,221.579,175.95,131.25,99.2,41.3,271.75,119.95,89.8,38.25,248,89.75,68.7,41.6,200.05,104.7,75.1,40.9,220.7,85.5,59.2,31.25,2.018,1.24300647656937,0.629894565
"53",53,"CFPB7","2800_31_1","3309_31",3309,31,"T90","F","P","B","2800",31,"PB_F",8.536,113870.6654,0.124,23.009,481.1,144.5,116.5,37.15,298.15,153.3,129.85,56.5,339.65,207.7,186.6,113.65,507.95,198,179.95,121.8,499.75,190.3,174.3,116.5,-0.375,0.359566223055295,0.072569223
"54",54,"CFPB9","280_31_1","311_31",311,31,"T90","F","P","B","280",31,"PB_F",9.076,43190.83297,0.138,173.892,280.8,116.85,86.55,20.35,223.75,133.6,109.2,45.9,288.7,176.05,157.25,88.3,421.6,180.45,170.2,113.05,463.7,121.8,109.75,49.25,0.187,0.642674763662406,0.01489788
"55",55,"CFPC10","400_28_2","447_28",447,28,"T90","F","P","C","400",28,"PC_F",10.171,24317.50401,0.066,38.448,351,NA,NA,NA,NA,186.2,152.75,70.05,409,220.65,201,131.95,553.6,204.3,189,126.45,519.75,152.75,135.05,63.2,-0.783,0.240597085340674,0.194421476
"56",56,"CFPC11","280_28_2","288_28",288,28,"T90","F","P","C","280",28,"PC_F",12.342,1633923.025,0.832,207.448,208.35,131.4,98.9,30.6,260.9,147.65,109.3,39.85,296.8,95.95,66.4,30.45,192.8,84.5,59.45,37.95,181.9,99.75,72.1,36.5,1.196,0.950529196232133,0.232894216
"57",57,"CFPC12","700_31_2","701_31",701,31,"T90","F","P","C","700",31,"PC_F",11.884,3141.566856,0.259,19.036,514.1,137.2,104.95,36,278.15,141.25,110.5,46.15,297.9,222.65,192.9,113.35,528.9,212.2,183.3,101.25,496.75,216,189.55,108.55,-0.778,0.273639908901955,0.019353738
"58",58,"CFPC2","280_28_2","288_28",288,28,"T90","F","P","C","280",28,"PC_F",10.872,1259067.358,0.724,159.677,255.55,136.4,109.5,44.7,290.6,131.35,100.15,43.75,275.25,105.25,81.15,44.6,231,76.15,56,39.25,171.4,118.05,87.55,49.95,1.071,0.72155337422864,0.142358185
"59",59,"CFPC6","700_28_2","673_28",673,28,"T90","F","P","C","700",28,"PC_F",11.821,77712.60997,0.247,19.433,336.95,145.25,109.3,33.65,288.2,105.35,77.9,26.15,209.4,129.95,100.4,46.65,277,84.1,59.5,35.3,178.9,161.95,125.4,49.6,1.066,0.21063515176253,0.06152616
"60",60,"CFPC8","2800_28_2","3285_28",3285,28,"T90","F","P","C","2800",28,"PC_F",10.075,483557.2024,0.389,87.373,207.2,157.35,121.1,24.25,302.7,185.3,152.05,65.7,403.05,185.25,151.3,61.8,398.35,123.6,91.8,32,247.4,104.15,76.45,26.6,-0.725,0.549909199050456,0.137596669
"61",61,"CFPD1","280_31_2","311_31",311,31,"T90","F","P","D","280",31,"PD_F",12.425,0,0.537,23.711,438.5,84.15,56,15.4,155.55,124.25,90.2,30.5,244.95,176.15,135.65,60.1,371.9,195.8,163.55,88.2,447.55,188.65,162.45,87.4,-0.159,0.277480911563969,0.069706844
"62",62,"CFPD11","2800_28_2","3285_28",3285,28,"T90","F","P","D","2800",28,"PD_F",7.24,1678176.796,0.587,77.507,273.8,95.75,65.3,17.1,178.15,77.1,51.25,17,145.35,101.8,70.7,28.8,201.3,113.8,83.25,29.1,226.15,135.4,105.35,33.05,-0.514,0.97907,0.397779198
"63",63,"CFPD2","280_28_2","288_28",288,28,"T90","F","P","D","280",28,"PD_F",11.427,4637499.271,0.465,219.443,142.15,89.1,58.05,6.7,153.85,101.5,71.7,25.95,199.15,118.25,82.5,26.7,227.45,81.6,54.4,18.6,154.6,72.05,48.95,21.15,1.208,0.839582617361759,0.221084052
"64",64,"CFPD5","700_31_2","701_31",701,31,"T90","F","P","D","700",31,"PD_F",8.533,6563.012735,0.21,7.645,463.85,103.45,67.3,15.65,186.4,124.05,89.8,30.2,244.05,165,127.85,55.55,348.4,241.35,222.45,150.65,614.45,197.3,169.55,97,-1.127,0.278737256220066,0.010662833
"65",65,"CFPD6","400_28_2","447_28",447,28,"T90","F","P","D","400",28,"PD_F",8.239,2419127.761,0.376,164.945,177.2,NA,NA,NA,NA,109.9,74.75,32.55,217.2,100.3,66.2,22.25,188.75,80.25,51.35,16.45,148.05,94.05,63.15,20,1.068,0.796778617436556,0.030270381
"66",66,"CFPD7","2800_31_2","3309_31",3309,31,"T90","F","P","D","2800",31,"PD_F",11.931,672776.0393,0.206,10.083,483.6,115.85,82.1,25.4,223.35,137.35,105.4,39.7,282.45,171.45,137.7,64.95,374.1,206.4,178.7,98.8,483.9,198.45,174.9,110.25,-0.888,0.270079638950022,0.096010272
"67",67,"CFPD8","2800_28_2","3285_28",3285,28,"T90","F","P","D","2800",28,"PD_F",7.965,1042102.62,0.435,32.806,328.75,101,70.35,16.8,188.15,78.85,52.6,16.35,147.8,108.2,75.6,30.5,214.3,121.3,90.4,34.15,245.85,155.3,123.1,50.35,-0.201,0.955771111117612,1.043987613
"68",68,"CFPD9","700_28_2","673_28",673,28,"T90","F","P","D","700",28,"PD_F",7.055,576828.5768,0.248,19.637,303.75,121.65,84.05,15.75,221.45,95.3,66.7,21.25,183.25,118.8,86.25,27.8,232.85,111.75,78.35,24.65,214.75,151.9,117,34.85,0.154,0.352749651750484,0.065683866
"69",69,"CFPE10","280_28_1","288_28",288,28,"T90","F","P","E","280",28,"PE_F",11.543,378400.231,0.398,22.028,340,130.3,97.4,19.7,247.4,134.25,102.5,35.35,272.1,135.5,103.3,33.35,272.15,148,118.05,40.3,306.35,163.25,133.65,43.1,-1.232,0.443536529149159,0.382735528
"70",70,"CFPE12","700_28_2","673_28",673,28,"T90","F","P","E","700",28,"PE_F",13.964,332855.9152,0.048,14.818,219.2,163.3,131.65,43.7,338.65,121.1,89.95,27.7,238.75,145.4,108.55,30.95,284.9,113.2,80.55,18.7,212.45,118.95,87.2,13.05,-0.059,0.130963255514179,0.011040476
"71",71,"CFPE14","280_28_2","288_28",288,28,"T90","F","P","E","280",28,"PE_F",8.052,1384930.656,0.411,133.943,201,147.35,109.3,9.95,266.6,111.65,78.1,19.3,209.05,105.85,74.6,27.65,208.1,95.3,67,18.45,180.75,107.9,78.15,14.95,-0.39,0.433368220226315,0.277998049
"72",72,"CFPE2","280_28_3","288_28",288,28,"T90","F","P","E","280",28,"PE_F",10.804,741184.0928,0.227,28.079,272.3,136.2,108.1,30.35,274.65,146.55,114,45.3,305.85,133.45,100,38.4,271.85,114.65,82,18.7,215.35,140,107.3,25,-0.945,0.286377869616011,0.087067659
"73",73,"CFPE40","2800_28_1","3285_28",3285,28,"T90","F","P","E","2800",28,"PE_F",9.408,775821.1388,0.252,35.975,286.65,134.8,103.2,23.8,261.8,103.1,78.45,30.2,211.75,135.7,106.35,44.55,286.6,140.1,105.6,32.05,277.75,141.05,110.45,35.15,-0.912,0.370696470773104,NA
"74",74,"CFPE42","2800_28_1","3285_28",3285,28,"T90","F","P","E","2800",28,"PE_F",9.626,1302721.795,0.41,80.703,288.8,165.2,129.15,23.25,317.6,121.1,88.5,27.5,237.1,131.15,101.65,43.25,276.05,102,77.45,33.85,213.3,132.95,109.05,46.8,0.089,0.599661848639102,0.015049067
"75",75,"CFPE6","700_28_3","673_28",673,28,"T90","F","P","E","700",28,"PE_F",10.186,1078868.999,0.282,50.272,195.9,134.15,102.7,25.55,262.4,105.6,78.4,25.95,209.95,98.4,73.65,47.1,219.15,105.55,72.95,17.25,195.75,108.3,76.7,10.9,0.501,0.296192128711525,0.139318444
"76",76,"CFPE8","2800_28_3","3285_28",3285,28,"T90","F","P","E","2800",28,"PE_F",11.411,1009902.725,0.222,37.497,266.35,157.75,121.6,33.3,312.65,94.5,66.5,21.45,182.45,122.85,91.2,30.95,245,119.75,90.35,27.05,237.15,131.55,101.3,33.5,-0.27,0.292174768498233,0.135297048
"77",77,"CFPF1","280_31_3","311_31",311,31,"T90","F","P","F","280",31,"PF_F",10.667,253112.3444,0.24,65.921,398.55,99.35,69.3,9.55,178.2,123.15,92.2,29.75,245.1,172.55,138.75,49.8,361.1,180.3,145.7,58.4,384.4,178.65,151.6,68.3,0.323,0.454428343582821,0.101261598
"78",78,"CFPF2","280_28_3","288_28",288,28,"T90","F","P","F","280",28,"PF_F",11.07,768948.1767,0.275,28.832,327.5,136.75,101.75,18.25,256.75,167.45,131.2,49.45,348.1,144,106.8,37.9,288.7,171.35,132.95,39.2,343.5,161.65,128.25,37.6,-0.7,0.292871548437812,0.144708576
"79",79,"CFPF6","700_28_3","673_28",673,28,"T90","F","P","F","700",28,"PF_F",11.765,493087.0354,0.139,9.643,283.75,174.7,137.3,40.1,352.1,127.65,96.9,30.05,254.6,173.3,137.55,66.6,377.45,169.7,135.15,55.6,360.45,146.8,111.55,25.4,-0.171,0.222075191302718,0.178358814
"80",80,"CFPF7","2800_31_3","3309_31",3309,31,"T90","F","P","F","2800",31,"PF_F",12.335,116224.396,0.071,25.589,314.35,152.8,120.2,31.65,304.65,150.9,121.95,51.4,324.25,211.15,181.45,100.05,492.65,215.2,190.15,99.9,505.25,140.25,113.85,60.25,-0.94,0.25707935152599,0.080168827
"81",81,"CFPF8","2800_28_3","3285_28",3285,28,"T90","F","P","F","2800",28,"PF_F",15.117,2192410.311,0.491,46.865,256.85,178.65,144.45,42.95,366.05,129.8,97.3,31.55,258.65,147.15,109.05,39.45,295.65,140.05,104.95,31.15,276.15,124.1,94.65,38.1,-0.013,0.543351798637296,0.092627801
"82",82,"CFSA1","280_31_1","311_31",311,31,"T90","F","S","A","280",31,"SA_F",10.283,3880705.394,0.392,99.083,93.3,148.2,96.2,41.5,285.9,176.1,122.3,57.1,355.5,111.8,60.2,18.4,190.4,75.6,39.6,19.7,134.9,48.8,27.1,17.4,0.752,0.762917604783805,1.191960831
"83",83,"CFSA10","2800_28_1","3285_28",3285,28,"T90","F","S","A","2800",28,"SA_F",6.446,1833169.571,0.491,53.324,147.1,119.7,62.8,24,206.5,111.8,63.9,30.3,206,102.5,59.1,33.5,195.1,96.9,60.9,40,197.8,76.8,42.4,27.9,-0.056,0.789759019455461,0.15873714
"84",84,"CFSA14","280_28_1","288_28",288,28,"T90","F","S","A","280",28,"SA_F",4.661,1645998.713,0.617,80.513,142.3,NA,NA,NA,NA,134.4,79.7,30,244.1,137.3,88,34.5,259.8,71.1,37.7,17.8,126.6,74.8,42,25.5,0.957,0.575092154044197,0.403725568
"85",85,"CFSA2","400_28_1","447_28",447,28,"T90","F","S","A","400",28,"SA_F",8.3,2284727.521,0.235,154.015,146.6,NA,NA,NA,NA,130.8,69.8,26.5,227.1,122.8,71.4,29.4,223.6,68.8,37.2,19.4,125.4,80.9,43.8,21.9,1.093,0.732976544746515,0.166935082
"86",86,"CFSA3","400_31_1","405_31",405,31,"T90","F","S","A","400",31,"SA_F",10.181,2500753.012,0.51,55.632,170.5,121.1,64.7,28.9,214.7,125.9,72.5,42,240.4,162.5,102.3,61.9,326.7,102.4,54.6,25.3,182.3,98.3,50.4,21.8,0.182,1.06626425650415,0.296366044
"87",87,"CFSA5","700_31_1","701_31",701,31,"T90","F","S","A","700",31,"SA_F",8.918,2940978.582,0.542,106.384,142.2,166.1,109.3,36.9,312.3,133.2,80.4,39.2,252.8,82.7,44.8,17.5,145,75.4,43.8,26.9,146.1,74.8,41.2,26.2,1.692,0.726645718023151,0.166499315
"88",88,"CFSA6","700_28_1","673_28",673,28,"T90","F","S","A","700",28,"SA_F",9.068,2834583.15,0.655,59.175,142.1,145.7,90.3,32.2,268.2,95.3,49.5,19.2,164,96.9,54.9,23.7,175.5,64.6,35,20.4,120,80.4,43,18.7,0.414,1.57258135274224,0.438758521
"89",89,"CFSA7","2800_31_1","3309_31",3309,31,"T90","F","S","A","2800",31,"SA_F",8.812,262132.6172,0.208,16.317,196.9,152,90.7,40.9,283.6,132.4,77,56.3,265.7,99.3,57.4,40.3,197,105.9,60.3,47.7,213.9,99.8,52,45.1,-0.012,0.533037125828688,0.131249652
"90",90,"CFSB1","280_31_1","311_31",311,31,"T90","F","S","B","280",31,"SB_F",12.31,2719542.907,0.607,137.614,93.2,121.4,67.3,22,210.7,66.2,34,14,114.2,73.8,38.6,18.9,131.3,70.7,39,21,130.7,50.6,27.4,15.2,0.732,0.910510653169457,0.482782542
"91",91,"CFSB10","400_31_1","405_31",405,31,"T90","F","S","B","400",31,"SB_F",11.296,2612683.33,0.336,95.786,146.5,100.3,52.1,18.4,170.8,60.1,29.6,13.7,103.4,91.9,53.8,25.4,171.1,75,40.1,23.3,138.4,77.2,44.7,24.6,1.609,0.294649509902131,0.481506989
"92",92,"CFSB13","400_28_1","447_28",447,28,"T90","F","S","B","400",28,"SB_F",12.975,3897341.04,0.493,148.667,118.5,NA,NA,NA,NA,67.9,32.4,14.2,114.5,54.4,27.2,15.5,97.1,44.2,24.3,15.1,83.6,61.8,34.7,22,1.139,0.606618175594091,0.323750181
"93",93,"CFSB2","280_28_1","288_28",288,28,"T90","F","S","B","280",28,"SB_F",10.805,4084531.375,0.435,151.102,91.1,110.7,57.9,10.8,179.4,55.8,28.3,11.1,95.2,67.6,34.9,17.8,120.3,42.4,24.9,16,83.3,44.3,27.3,19.5,1.122,1.44491678165456,0.285145162
"94",94,"CFSB3","2800_28_1","3285_28",3285,28,"T90","F","S","B","2800",28,"SB_F",9.702,792716.0282,0.245,36.873,117.4,NA,NA,NA,NA,103,54.3,24.3,181.6,55.3,27.5,16.6,99.4,63.8,36.9,25.5,126.2,61.9,33.5,22,-0.271,0.493512154080278,0.197784221
"95",95,"CFSB5","700_31_1","701_31",701,31,"T90","F","S","B","700",31,"SB_F",11.185,2867683.872,0.62,101.591,118.6,148.5,89.2,28.8,266.5,59.3,29.1,9.6,98,67.9,39,20.1,127,73,39.9,20.8,133.7,66.9,34.5,17.2,1.359,1.42947561703519,0.181478755
"96",96,"CFSB5","700_31_1","701_31",701,31,"T90","F","S","B","700",31,"SB_F",11.185,2867683.872,0.62,101.591,118.6,148.5,89.2,28.8,266.5,59.3,29.1,9.6,98,67.9,39,20.1,127,73,39.9,20.8,133.7,66.9,34.5,17.2,1.359,1.42947561703519,0.181478755
"97",97,"CFSB6","700_28_1","673_28",673,28,"T90","F","S","B","700",28,"SB_F",12.153,2322325.837,0.309,62.333,109,143.7,87.6,40.2,271.5,83,44.4,21.3,148.7,68.5,37.5,18.8,124.8,65,35.7,21.6,122.3,60.7,31.9,16.4,1.289,2.97455093252182,0.11862404
"98",98,"CFSB6","700_28_1","673_28",673,28,"T90","F","S","B","700",28,"SB_F",12.153,2322325.837,0.309,62.333,109,143.7,87.6,40.2,271.5,83,44.4,21.3,148.7,68.5,37.5,18.8,124.8,65,35.7,21.6,122.3,60.7,31.9,16.4,1.289,1.01768586058614,0.11862404
"99",99,"CFSB6","700_28_1","673_28",673,28,"T90","F","S","B","700",28,"SB_F",12.153,2322325.837,0.309,62.333,109,143.7,87.6,40.2,271.5,83,44.4,21.3,148.7,68.5,37.5,18.8,124.8,65,35.7,21.6,122.3,60.7,31.9,16.4,1.289,1.01768586058614,0.11862404
"100",100,"CFSB7","2800_31_1","3309_31",3309,31,"T90","F","S","B","2800",31,"SB_F",11.199,303351.39,0.208,32.569,144.8,131.8,73.6,34.7,240.1,78,43.4,29,150.4,57.8,31.4,22,111.2,66.2,34.9,27.8,128.9,75.8,38.8,30.2,-0.109,0.488145102532337,0.039124817
"101",101,"CFSC14","400_28_2","447_28",447,28,"T90","F","S","C","400",28,"SC_F",10.229,5088373.306,1.181,221.143,138.5,NA,NA,NA,NA,81.9,42.4,16.7,141,82.9,45,17.2,145.1,45.3,25.1,15.1,85.5,73.1,41.3,24.1,1.434,2.93814536983125,0.828035019
"102",102,"CFSC2","280_28_2","288_28",288,28,"T90","F","S","C","280",28,"SC_F",8.893,2082386.896,0.413,156.962,111.3,104.9,54,15,173.9,107.5,63.5,38.3,209.3,88.8,47.6,23.1,159.5,61.7,33.3,19.7,114.7,58.1,32.4,20.8,1.095,0.897092606544473,0.363216171
"103",103,"CFSC5","700_31_2","701_31",701,31,"T90","F","S","C","700",31,"SC_F",9.915,1554009.077,0.673,151.218,137.4,122.6,64.1,18.9,205.6,109.9,57.6,26.1,193.6,82.4,43.8,21.7,147.9,94,53.2,29.4,176.6,72.4,40.2,24.8,1.41,1.00604324827702,0.540651476
"104",104,"CFSC6","700_28_2","673_28",673,28,"T90","F","S","C","700",28,"SC_F",8.956,2698202.389,0.558,60.892,134.2,139.2,82.3,36.3,257.8,64.9,31.5,14.1,110.5,72.1,39,18.8,129.9,68.6,38.7,23.1,130.4,73,41.4,19.8,0.969,0.788621433279565,0.484896973
"105",105,"CFSC7","2800_31_2","3309_31",3309,31,"T90","F","S","C","2800",31,"SC_F",9.433,4775265.018,0.777,100.383,183.3,141.8,83.1,42.4,267.3,109.1,65.7,50.7,225.5,119.3,76.8,61.9,258,114.8,69.9,52.3,237,84.1,54.2,45,0.448,0.835033542255655,0.361894209
"106",106,"CFSC9","2800_28_2","3285_28",3285,28,"T90","F","S","C","2800",28,"SC_F",9.262,1591664.867,0.474,54.717,211.3,136.2,78.2,35,249.4,79.9,40.3,15.9,136.1,69.2,38.6,18.1,125.9,138.9,95.4,52.7,287,107.6,66.7,37,-0.625,1.78486696609803,0.793757978
"107",107,"CFSD1","280_31_2","311_31",311,31,"T90","F","S","D","280",31,"SD_F",10.682,3313113.158,0.476,29.713,115.2,129.5,76.7,33.8,240,75.9,40.6,14.4,130.9,59.2,31.1,11.5,101.8,52.3,29.1,17.4,98.8,60.8,34.6,19.8,2.192,0.922135567069822,0.155171079
"108",108,"CFSD11","280_28_2","288_28",288,28,"T90","F","S","D","280",28,"SD_F",10.905,3300513.542,0.544,152.771,114.6,100.6,51.1,4.6,156.3,88.4,46,21.7,156.1,124.3,76.7,32.5,233.5,83.6,45.6,20.2,149.4,62.2,34.2,18.2,0.37,1.56392533790918,0.204405955
"109",109,"CFSD3","400_31_2","405_31",405,31,"T90","F","S","D","400",31,"SD_F",10.206,526748.9712,0.016,11.22,117.1,160.8,113.1,39.4,313.3,112.5,71,32.8,216.3,105.6,63.8,23.2,192.6,46.9,25.8,14.5,87.2,60.4,34.8,21.9,2.224,0.106281187700046,0.138480215
"110",110,"CFSD4","280_28_3","288_28",288,28,"T90","F","S","D","280",28,"SD_F",11.381,3788881.729,0.37,151.004,113.8,NA,NA,NA,NA,141.7,87,34.1,262.8,93,52.9,19.5,165.4,49.8,29.4,19.7,98.9,58.5,34,21.3,2.135,0.824434138649044,0.193745536
"111",111,"CFSD5","700_31_2","701_31",701,31,"T90","F","S","D","700",31,"SD_F",12.59,2265441.741,0.367,16.27,136.5,136.4,84.9,23.2,244.5,89.3,50.8,22.7,162.8,68.4,41.3,19.5,129.2,91.7,52.5,23.5,167.7,72.9,41.9,21.7,1.519,0.704343000636558,0.131656525
"112",112,"CFSD6","700_28_2","673_28",673,28,"T90","F","S","D","700",28,"SD_F",9.677,3504581.467,0.537,140.083,107.1,160.8,101,36.9,298.7,92.9,48.4,19.4,160.7,95.9,52.2,24.7,172.8,87.4,52.9,28.5,168.8,57,32,18.1,2.086,1.08939666444749,0.442370181
"113",113,"CFSD7","2800_31_2","3309_31",3309,31,"T90","F","S","D","2800",31,"SD_F",11.137,2031487.579,0.464,41.255,135.7,177.7,119.9,57.9,355.5,96.7,52.2,22.6,171.5,112.8,71.3,33.8,217.9,84.2,52.5,28.4,165.1,79.5,41.9,14.3,1.413,0.838799089841724,0.255688463
"114",114,"CFSD8","2800_28_2","3285_28",3285,28,"T90","F","S","D","2800",28,"SD_F",8.568,1647122.904,0.479,51.169,158.3,158.4,97.6,37.4,293.4,111.7,65.1,31.3,208.1,101.3,57,27.8,186.1,89.5,54,28.3,171.8,86.4,53.2,18.7,0.822,0.787667422060162,1.228049398
"115",115,"CFSD9","400_28_2","447_28",447,28,"T90","F","S","D","400",28,"SD_F",11.455,3777323.517,0.507,154.612,122.8,NA,NA,NA,NA,92.6,49.7,17.4,159.7,97.9,57.4,26.6,181.9,64,37.5,20.2,121.7,63.9,35.8,23.1,2.397,0.611991970730371,0.280146555
"116",116,"CFSE1","280_31_3","311_31",311,31,"T90","F","S","E","280",31,"SE_F",8.451,812842.6616,0.335,72.003,187.7,112.9,59.7,9.5,182.1,116.7,68.5,33.5,218.7,111.4,64.6,27.4,203.4,98.1,55.3,24,177.4,105.3,57.7,24.7,0.794,NA,0.634875654
"117",117,"CFSE11","400_28_3","447_28",447,28,"T90","F","S","E","400",28,"SE_F",1.88,1685106.383,0.133,208.94,211.1,NA,NA,NA,NA,75,37.6,13.9,126.5,106.7,62,21.2,189.9,79.4,40.8,18.5,138.7,110.7,63.5,36.9,1.136,1.72377617819149,1.195920811
"118",118,"CFSE3","400_31_3","405_31",405,31,"T90","F","S","E","400",31,"SE_F",9.104,2696836.555,0.368,58.749,126.8,161.6,101.8,42,305.4,150.4,95.5,60.7,306.6,138.3,80.3,36.5,255.1,60.4,28.9,11.1,100.4,73.5,35.8,17.5,0.046,0.290899865260691,0.309552966
"119",119,"CFSE5","700_31_3","701_31",701,31,"T90","F","S","E","700",31,"SE_F",9.119,195423.3075,0.252,37.308,409.6,162.3,106.3,37.3,305.9,108,59.3,22.5,189.8,132.4,80.2,36.5,249.1,170.7,113,82.7,366.4,188.8,123.3,97.5,-0.148,1.09116569706495,0.207869605
"120",120,"CFSE6","700_28_3","673_28",673,28,"T90","F","S","E","700",28,"SE_F",8.178,1125259.854,0.554,48.034,214.5,145.9,92.9,38.8,277.6,152,99.8,61.7,313.5,130.3,79.2,32.3,241.8,101.8,59.8,32.5,194.1,113.1,68.3,33.1,1.022,1.43957891038847,0.551723309
"121",121,"CFSE7","2800_31_3","3309_31",3309,31,"T90","F","S","E","2800",31,"SE_F",8.936,43979.40913,0.256,13.658,358.6,160.2,105.2,48.1,313.5,154.3,100.3,70.4,325,173,108.2,72.6,353.8,176.1,116.7,109.2,402,162.4,86.7,109.5,-0.337,0.98635595195464,0.260763662
"122",122,"CFSE8","2800_28_3","3285_28",3285,28,"T90","F","S","E","2800",28,"SE_F",6.848,520663.9731,0.189,7.311,274.7,120.7,66.7,20.4,207.8,95.2,52.9,24,172.1,125.8,77.9,35.9,239.6,115.8,74.4,48.2,238.4,128.5,86.2,60,-0.418,0.706495909764567,0.22765247
"123",123,"CFSF11","400_28_3","447_28",447,28,"T90","F","S","F","400",28,"SF_F",10.117,4953083.817,0.752,171.593,126.8,NA,NA,NA,NA,90.2,41.6,12.6,144.4,100.5,55.8,20.8,177.1,50.4,27.1,18.5,96,70.6,36.8,19.4,1.924,1.29174626409849,0.363136683
"124",124,"CFSF16","2800_28_3","3285_28",3285,28,"T90","F","S","F","2800",28,"SF_F",11.373,1759078.519,0.304,27.908,209.2,147.2,85.8,43.1,276.1,122.2,68.9,31.4,222.5,94.7,51.4,25.9,172,83,48.5,26.6,158.1,109.6,63.1,36.5,0.74,1.00162957340485,0.144050305
"125",125,"CFSF2","280_28_3","288_28",288,28,"T90","F","S","F","280",28,"SF_F",10.837,5573818.898,0.531,111.002,100.3,107.9,50.1,9.2,167.2,95.9,47.7,19.1,162.7,65.5,33.2,13.7,112.4,42.1,24.1,18.5,84.7,49,30,21.3,1.999,1.10598236008427,0.272736172
"126",126,"CFSF3","400_31_3","405_31",405,31,"T90","F","S","F","400",31,"SF_F",7.627,6266433.566,1.178,252.923,132.4,123.8,70.1,27.1,221,135.9,76,44,255.9,122.5,66.3,34.2,223,45.4,25.3,16.3,87,68.2,38.9,25.3,1.556,2.50710029315965,1.340891815
"127",127,"CFSF5","700_31_3","701_31",701,31,"T90","F","S","F","700",31,"SF_F",9.508,2923993.83,0.492,126.153,140.6,118.4,58.4,13.9,190.7,78.5,39.8,17.4,135.7,75.5,39.5,18.3,133.3,61.6,35.8,23.8,121.2,73.2,41.8,25.6,0.986,1.13405978404151,0.447288291
"128",128,"CFSF6","700_28_3","673_28",673,28,"T90","F","S","F","700",28,"SF_F",10.336,5122972.232,0.135,142.688,135.8,121.3,62.9,20.3,204.5,128.2,69.4,27.6,225.2,118.2,68.6,31.6,218.4,60.4,33,18.8,112.2,69.8,40.6,25.4,1.526,0.540083469042447,1.107838182
"129",129,"CFSF7","2800_31_3","3309_31",3309,31,"T90","F","S","F","2800",31,"SF_F",11.597,1542380.432,0.589,42.792,117.9,155.9,94.6,48.6,299.1,144.8,85.9,49.6,280.3,117.6,68.8,41.2,227.6,106.9,63.5,40.9,211.3,69.1,34.9,13.9,0.902,0.383356681100068,0.521294708
"130",130,"CFTA2","280_28_1","288_28",288,28,"T90","F","T","A","280",28,"TA_F",32.06,1077854.024,0.12,34.131,244.9,86.4,48.5,7.7,142.6,94.9,60.45,25.35,180.7,147,95.1,39.7,281.8,138.05,85.8,42.45,266.3,128.95,82.4,33.55,0.112,0.268257046943231,0.077432767
"131",131,"CFTA6","700_28_1","673_28",673,28,"T90","F","T","A","700",28,"TA_F",17.827,313451.2546,0.021,18.788,456.3,143.4,96.5,29.1,269,113.25,69.65,28.7,211.6,162.55,110.8,53,326.35,107.85,66.25,33.25,207.35,194,169.8,92.5,-0.043,0.134426011206467,0.104229276
"132",132,"CFTA8","2800_28_1","3285_28",3285,28,"T90","F","T","A","2800",28,"TA_F",18.647,1498552.072,0.08,21.441,184,118.9,77.3,23.5,219.7,93.15,55.45,23.25,171.85,105.9,64.1,30.1,200.1,92.15,59.45,29.5,181.1,93.3,63.2,27.5,-0.259,0.292448871472677,0.083297082
"133",133,"CFTB2","280_28_1","288_28",288,28,"T90","F","T","B","280",28,"TB_F",23.661,757364.4394,0.077,24.087,227.5,78.1,44.5,14.4,137,129.05,77.6,31.55,238.2,157.65,96.05,45,298.7,141.75,80.6,36,258.35,125.85,69.5,32.15,0.074,0.201948781187045,0.069175642
"134",134,"CFTD1","400_28_2","447_28",447,28,"T90","F","T","D","400",28,"TD_F",20.389,526419.0426,0.065,21.415,296.9,NA,NA,NA,NA,108.6,62.15,24.9,195.65,139.6,83.65,32.8,256.05,116.2,69.9,32.05,218.15,150.3,101.95,44.65,0.107,0.187972704631175,0.030044281
"135",135,"CFTD2","280_28_2","288_28",288,28,"T90","F","T","D","280",28,"TD_F",41.524,33041.39808,0.026,14.95,212,120.4,81.4,35.6,237.4,110.85,65.55,36,212.4,136,86.5,43.95,266.45,95.75,57.7,25.4,178.85,104.1,71.2,36.7,0.037,0.0772650217484595,0.034397534
"136",136,"CFTF2","400_28_3","447_28",447,28,"T90","F","T","F","400",28,"TF_F",21.864,758129.6785,0.101,35.771,227.85,NA,NA,NA,NA,103.7,56.15,16.9,176.75,114.95,65.5,37.65,218.1,89.35,51,25.85,166.2,112.8,74.9,40.15,0.145,0.252226424656934,0.093072976
"137",137,"CNAA14","700_28_1","673_28",673,28,"T90","N","A","A","700",28,"AA_N",12.178,9913820.003,0.216,33.119,376,164.9,124.6,9.8,299.3,103.8,71.8,12.7,188.3,119.3,79.1,17.1,215.5,148.9,109.9,32.2,291,181,151.7,43.3,-0.43,0.901083746646959,0.166728627
"138",138,"CNAA2","280_28_1","288_28",288,28,"T90","N","A","A","280",28,"AA_N",12.034,2289236.053,0.227,97.196,153.8,124.9,88.4,0.4,213.7,150.1,118,29,297.1,116.3,71.8,13.6,201.7,60.5,34,16.5,111,82.7,52,19.1,0.404,0.735641894216387,0.137564829
"139",139,"CNAA3","400_31_1","405_31",405,31,"T90","N","A","A","400",31,"AA_N",10.905,2219783.579,0.182,32.162,338.1,NA,NA,NA,NA,84.5,52.3,7.9,144.7,110.8,72.2,10.8,193.8,82.9,47.4,6.6,136.9,168.7,132.6,36.8,-0.063,1.14969138437681,0.454603859
"140",140,"CNAA5","700_31_1","701_31",701,31,"T90","N","A","A","700",31,"AA_N",10.874,7417369.179,0.192,39.027,520.2,118.3,83.6,0.9,202.8,85.8,55.3,16.6,157.7,109.3,71.1,9,189.4,166.9,135,48.1,350,222.6,202.5,95.1,0.04,0.697498693265841,0.14703595
"141",141,"CNAA6","400_28_1","447_28",447,28,"T90","N","A","A","400",28,"AA_N",8.667,1853159.494,0.215,43.096,305.9,NA,NA,NA,NA,126.2,85.3,18.5,230,109.7,72,13.5,195.2,115.8,81,14.2,211,152,116.9,37,-0.215,1.22539285219799,0.209017022
"142",142,"CNAA7","2800_31_1","3309_31",3309,31,"T90","N","A","A","2800",31,"AA_N",11.976,1739527.375,0.011,4.993,288.6,183.5,145.8,21.9,351.2,143.1,111.7,28.7,283.5,197.6,177.9,91.7,467.2,212.5,204.5,113.7,530.7,126.5,116.7,45.4,-0.231,0.0936663425575009,0.050063495
"143",143,"CNAA9","2800_28_1","3285_28",3285,28,"T90","N","A","A","2800",28,"AA_N",10.005,11365292.35,0.082,15.319,312.5,105.6,66,1.1,172.7,85.2,55,13,153.2,80,51.2,15.5,146.7,109,76.8,27,212.8,159.6,121.8,31.1,0.002,0.544413478927203,0.177817108
"144",144,"CNAB10","280_28_1","288_28",288,28,"T90","N","A","B","280",28,"AB_N",9.038,5812790.44,0.077,47.73,316.9,107.9,79.4,11,198.3,159.2,129.4,72.8,361.4,186.6,149.6,70.3,406.5,155.7,126.8,50.3,332.8,131.4,114.2,71.3,-0.11,0.403344983772221,0.266095894
"145",145,"CNAB11","400_31_1","405_31",405,31,"T90","N","A","B","400",31,"AB_N",7.304,5403861.074,0.048,60.745,277.3,124.4,94.9,16.5,235.8,112.7,70.6,3.8,187.1,110.1,74.9,40.5,225.5,106.1,85.9,43,235,119.2,103.8,54.3,0.032,0.422090723361686,0.146710404
"146",146,"CNAB12","2800_28_1","3285_28",3285,28,"T90","N","A","B","2800",28,"AB_N",6.944,14601346.49,0.036,56.82,348.3,NA,NA,NA,NA,158.9,120.3,39.7,318.9,171.7,146.7,86.5,404.9,156.4,137.1,78.4,371.9,143.1,132.8,72.4,-1.377,0.452317791858679,0.342849785
"147",147,"CNAB13","280_31_1","311_31",311,31,"T90","N","A","B","280",31,"AB_N",12.161,15803530.31,0.291,253.783,163.2,88.3,56.9,12.3,157.5,125.9,89.5,30.9,246.3,167.3,139.5,70.9,377.7,119,100.2,30.3,249.5,82.9,70.7,9.6,0.045,0.764231975870034,0.466395095
"148",148,"CNAB19","400_28_1","447_28",447,28,"T90","N","A","B","400",28,"AB_N",6.617,22169471.03,0.125,57.246,461.5,NA,NA,NA,NA,138,100,38.6,276.6,180.7,144.7,70.1,395.5,124.2,105.6,53.1,282.9,187,172.7,101.8,-0.085,0.439809927685652,0.276608503
"149",149,"CNAC1","280_31_2","311_31",311,31,"T90","N","A","C","280",31,"AC_N",8.864,6043184.946,0.31,164.792,153.9,96.9,63,8.2,168.1,59.6,32.1,10.2,101.9,69,40.2,8.9,118.1,74.4,44.3,13.4,132.1,90.7,52,11.2,0.936,1.17981115347879,0.556131229
"150",150,"CNAC12","400_28_2","447_28",447,28,"T90","N","A","C","400",28,"AC_N",6.932,4475498.918,0.589,106,169.6,NA,NA,NA,NA,78.8,45.5,15,139.3,101.3,66.2,22.7,190.2,60.3,34.6,14.8,109.7,87.9,54.5,27.2,1.129,1.36904439089353,0.129286572
"151",151,"CNAC2","280_28_2","288_28",288,28,"T90","N","A","C","280",28,"AC_N",11.649,6337917.418,0.275,55.548,230.3,126.7,91.1,13.9,231.7,78.5,52.2,10.5,141.2,73.2,43.2,15.1,131.5,79.2,45.6,14.5,139.3,125,82.7,22.6,-0.045,1.10575309411394,0.094934623
"152",152,"CNAC3","400_31_2","405_31",405,31,"T90","N","A","C","400",31,"AC_N",8.534,4016248.096,0.404,42.739,291.3,121.2,86.2,14.7,222.1,79.6,49.8,10.1,139.5,111.3,73.6,14.6,199.5,76.2,45.6,11,132.8,148.8,105.2,37.3,0.538,1.66582107142389,0.304035381
"153",153,"CNAC5","700_31_2","701_31",701,31,"T90","N","A","C","700",31,"AC_N",9.56,11201255.23,0.122,94.65,537.5,133,94,16.4,243.4,102,69.9,19.9,191.8,114.1,74.8,22.6,211.5,176.9,137,65.8,379.7,221.2,183.6,132.7,-0.009,0.656680211820084,0.209647969
"154",154,"CNAC6","700_28_2","673_28",673,28,"T90","N","A","C","700",28,"AC_N",10.235,2880797.29,0.098,14.221,541.8,120,83.9,12.4,216.3,81,51.6,13.3,145.9,125.1,81,30.5,236.6,149.2,121.3,56.8,327.3,224,195.2,122.6,-0.237,0.473116078532727,0.100269208
"155",155,"CNAC8","2800_28_2","3285_28",3285,28,"T90","N","A","C","2800",28,"AC_N",10.829,11987810.51,0.087,27.853,425.4,166.1,127.7,21.1,314.9,81.5,50.7,10,142.2,81.9,51.4,24.3,157.6,172.5,140,78.7,391.2,180.1,154,91.3,-0.513,0.401492764490411,0.187066501
"156",156,"CNAD10","280_28_2","288_28",288,28,"T90","N","A","D","280",28,"AD_N",11.882,8140320.364,0.109,51.358,456.1,105.2,63,4.6,172.8,190.7,162.1,94.5,447.3,209.2,180.4,101.7,491.3,227.9,209.3,130.2,567.4,184.6,166.7,104.8,-0.478,0.468527915524035,0.053005147
"157",157,"CNAD3","400_31_2","405_31",405,31,"T90","N","A","D","400",31,"AD_N",12.839,3103120.619,0.09,27.453,154.8,164.4,130.7,25.5,320.6,161,130,59.7,350.7,141.2,90.7,32.4,264.3,83.8,54.8,25,163.6,72,57,25.8,0.314,0.318267398701456,0.075164294
"158",158,"CNAD5","700_31_2","701_31",701,31,"T90","N","A","D","700",31,"AD_N",12.119,1501499.024,0.059,143.251,287.7,176.3,141.6,31.9,349.8,197.4,170.8,95.1,463.3,181,156.7,99.5,437.2,151.7,132.9,62.5,347.1,128.5,112.1,47.1,-0.109,0.292675637428831,0.135928012
"159",159,"CNAD6","700_28_2","673_28",673,28,"T90","N","A","D","700",28,"AD_N",11.062,1078318.517,0.068,26.633,418.9,171.5,139.6,38.2,349.3,127,87.8,17.2,232,156.6,121.8,49.4,327.8,144.9,120.3,56.4,321.6,171.3,153.4,94.2,-0.535,0.359251323531942,0.051111536
"160",160,"CNAD7","2800_31_2","3309_31",3309,31,"T90","N","A","D","2800",31,"AD_N",12.793,2913961.124,0.068,27.416,299,164.9,132.1,31.7,328.7,168.8,135.2,58,362,208.7,190.1,111.3,510.1,NA,NA,NA,NA,129.3,117.2,52.5,-0.729,0.385521489555078,0.091840473
"161",161,"CNAD8","2800_28_2","3285_28",3285,28,"T90","N","A","D","2800",28,"AD_N",9.482,809112.0017,0.075,32.18,464.4,183.6,151.6,46.8,382,145.6,117.6,54.5,317.7,153.8,117.1,38.6,309.5,189.8,157,79.8,426.6,187.2,168,109.2,-1.068,0.368570922273782,0.149582628
"162",162,"CNAD9","400_28_2","447_28",447,28,"T90","N","A","D","400",28,"AD_N",12.847,650718.6965,0.109,8.845,599.8,NA,NA,NA,NA,205.7,181.4,113.1,500.2,209.6,174.9,82.3,466.8,189,157.8,76,422.8,235.8,216.4,147.6,-0.851,0.369486433856439,0.042117422
"163",163,"CNAE11","400_28_3","447_28",447,28,"T90","N","A","E","400",28,"AE_N",9.245,2453994.808,0.349,65.248,286.3,NA,NA,NA,NA,138.6,95.8,24.9,259.3,111.4,71.1,15.4,197.9,89.7,52.4,20.3,162.4,146.1,105.6,34.6,-0.174,1.40042475434094,0.280117813
"164",164,"CNAE2","280_28_3","288_28",288,28,"T90","N","A","E","280",28,"AE_N",8.297,4805650.303,0.271,145.836,311.7,198.8,170.5,40,409.3,232.2,209.1,122.7,564,175.9,133.3,53.3,362.5,97.3,58.4,17.9,173.6,156.4,115.9,39.4,-0.344,1.04353196113408,0.261546814
"165",165,"CNAE5","700_31_3","701_31",701,31,"T90","N","A","E","700",31,"AE_N",9.883,3407245.008,0.093,120.838,265.3,99.7,70.2,5.3,175.2,139,99.4,23.5,261.9,153.6,111.5,30.7,295.8,196.9,167.1,72.8,436.8,125.1,106.8,33.4,-0.05,0.544042182759578,0.200636059
"166",166,"CNAE6","700_28_3","673_28",673,28,"T90","N","A","E","700",28,"AE_N",9.108,1959414.456,0.336,76.818,198.4,129.9,97.8,9.4,237.1,131.3,104.7,44.3,280.3,94.6,62.5,19.7,176.8,67.8,36.1,13.7,117.6,109.6,69.3,19.5,-0.042,1.10387917881441,0.063102467
"167",167,"CNAE7","2800_31_3","3309_31",3309,31,"T90","N","A","E","2800",31,"AE_N",7.256,2423262.437,0.017,39.875,147.5,204.1,176.2,52.8,433.1,135,76,12,223,169.8,159.7,77.5,407,213.8,205.3,119.5,538.6,68.7,57.6,21.2,-0.657,0.316422708453141,0.110939853
"168",168,"CNAE8","2800_28_3","3285_28",3285,28,"T90","N","A","E","2800",28,"AE_N",7.201,4702309.864,0.054,24.352,227.7,206,172.5,48.7,427.2,201.2,183.4,85.2,469.8,206.4,188.1,100.8,495.3,161.3,142.4,63.4,367.1,99.6,88.9,39.2,-1.433,0.629838911956673,0.161610104
"169",169,"CNAF1","280_31_3","311_31",311,31,"T90","N","A","F","280",31,"AF_N",13.161,8017031.122,0.284,201.193,120.3,98.3,64.2,0.3,162.8,62.3,39.7,8.3,110.3,90.1,63.7,10.4,164.2,95.2,60.5,9.6,165.3,72.4,42.3,5.6,1.286,1.05687859085798,0.330631771
"170",170,"CNAF10","400_28_3","447_28",447,28,"T90","N","A","F","400",28,"AF_N",7.282,4028885.328,0.343,92.958,160.7,NA,NA,NA,NA,NA,NA,NA,NA,100.1,64.7,17.4,182.2,61.6,35.9,14.8,112.3,94.5,57.5,8.7,0.524,1.00761214094724,0.160705344
"171",171,"CNAF11","2800_28_3","3285_28",3285,28,"T90","N","A","F","2800",28,"AF_N",13.133,527336.413,0.152,15.222,423.9,148.9,114.3,14,277.2,109.2,81.8,16.7,207.7,132.3,99.2,31.4,262.9,107.2,74.2,10.4,191.8,197.4,164.2,62.3,-0.083,0.749080332440966,0.221324125
"172",172,"CNAF5","700_31_3","701_31",701,31,"T90","N","A","F","700",31,"AF_N",11.216,739174.3692,0.104,30.645,523.8,121.7,88.8,4.7,215.2,82.2,55.5,9.1,146.8,101.6,67.8,9.3,178.7,120.5,84.6,16.6,221.7,225.1,206.9,91.8,0.224,0.703101079827889,0.377226586
"173",173,"CNAF6","700_28_3","673_28",673,28,"T90","N","A","F","700",28,"AF_N",12.997,6973506.707,0.275,42.636,392.1,146.1,110.6,14.8,271.5,95.9,68.6,6.1,170.6,62.3,38.9,9.5,110.7,118.4,85.4,30.6,234.4,192.4,155.8,43.9,0.655,0.859401709881768,0.249904944
"174",174,"CNAF7","2800_31_3","3309_31",3309,31,"T90","N","A","F","2800",31,"AF_N",10.895,2003686.819,0.028,23.339,290,166.7,132.6,9.6,308.9,117.8,88.4,11.4,217.6,172.8,153.5,63.1,389.4,182.2,162.6,70.4,415.2,124.9,115.4,49.7,-0.713,0.255677324606634,0.119462545
"175",175,"CNPA1","400_28_1","447_28",447,28,"T90","N","P","A","400",28,"PA_N",9.378,696737.0441,0.116,62.642,174,NA,NA,NA,NA,195.6,160.7,75.05,431.35,200.75,169.45,84.05,454.25,120.6,82.4,22.4,225.4,98.75,58.4,16.85,0.192,0.3927440164925,0.357290237
"176",176,"CNPA13","700_28_1","673_28",673,28,"T90","N","P","A","700",28,"PA_N",10.623,1419767.807,0.104,54.638,216.9,179,134.85,18.05,331.9,147.3,104.25,12.9,264.45,134.65,93.6,15.1,243.35,148.7,107.65,27.45,283.8,123,80.85,13.05,-0.073,0.532566012090545,0.449720915
"177",177,"CNPA2","280_28_1","288_28",288,28,"T90","N","P","A","280",28,"PA_N",10.66,6183771.107,0.938,111.862,52.88333333,118.85,81.55,5,205.4,132.6,96,23.9,252.5,105.85,71.55,17,194.4,79.3,46.55,11.95,137.8,87.8,52.85,18,2.261,0.893105259537211,0.574093148
"178",178,"CNPA6","2800_28_1","3285_28",3285,28,"T90","N","P","A","2800",28,"PA_N",13.452,1727072.234,0.357,104.812,162.6,178.85,144.3,41.4,364.55,122.65,86.75,18.8,228.2,122.9,84.25,19.75,226.9,107.45,70.65,26.55,204.65,88.9,57.4,16.3,0.097,0.52377882653357,0.177114818
"179",179,"CNPB1","400_28_1","447_28",447,28,"T90","N","P","B","400",28,"PB_N",11.973,6027783.964,0.877,413.014,229.5,NA,NA,NA,NA,140.6,100.85,45.65,287.1,103.65,67.9,23,194.55,69.65,50.4,30.6,150.65,98.35,78.9,52.25,1.786,1.01141762027044,0.161499282
"180",180,"CNPB2","280_28_1","288_28",288,28,"T90","N","P","B","280",28,"PB_N",13.278,2724223.634,0.428,225.842,259.7,130.65,96.35,23.65,250.65,127.15,98.15,59.15,284.45,126.05,100.05,60.1,286.2,140.1,110.35,67.75,318.2,114.1,89.95,55.65,1.952,0.518472426124451,0.619031134
"181",181,"CNPB20","280_31_1","311_31",311,31,"T90","N","P","B","280",31,"PB_N",2.963,100247.5248,0.148,479.438,167.55,NA,NA,NA,NA,201.35,166.25,69.55,437.15,120.85,81.5,38.1,240.45,86.75,69.1,29.35,185.2,75.25,65.4,26.9,0.418,1.21907766862972,0.283538576
"182",182,"CNPB3","400_31_1","405_31",405,31,"T90","N","P","B","400",31,"PB_N",12.758,51209.69849,0.039,25.016,223.6,139.2,111.2,49.8,300.2,145.75,113.25,51.95,310.95,204.05,174.15,105.2,483.4,178.65,153.7,95.05,427.4,106.8,87.4,29.4,0.008,0.233860145137691,NA
"183",183,"CNPB5","700_31_1","701_31",701,31,"T90","N","P","B","700",31,"PB_N",13.166,26734.85405,0.325,26.105,421.45,162.2,131.55,53.9,347.65,141.2,110.05,44.75,296,132.3,99.75,53.6,285.65,176.95,141.75,64.95,383.65,193.15,156.15,72.15,0.208,0.228326154137656,0.030172507
"184",184,"CNPB6","700_28_1","673_28",673,28,"T90","N","P","B","700",28,"PB_N",11.874,3951826.17,0.442,136.612,242.3,153.6,126.6,64,344.2,133.55,112.55,68.15,314.25,125.2,99.45,66.6,291.25,166,134.95,90.65,391.6,112.05,84.85,45.4,0.834,0.498583749614389,0.294088286
"185",185,"CNPB7","2800_31_1","3309_31",3309,31,"T90","N","P","B","2800",31,"PB_N",11.55,615739.8055,0.292,21.711,262.7,139.7,112.15,47.55,299.4,180.05,141.2,70.05,391.3,205.5,167.15,95.85,468.5,198.65,162.9,88.95,450.5,132.5,97.95,32.25,-0.993,0.331385947398743,0.041794518
"186",186,"CNPB8","2800_28_1","3285_28",3285,28,"T90","N","P","B","2800",28,"PB_N",10.855,2042992.261,0.737,141.359,338,132.35,104.3,58.8,295.45,111.45,91.95,69.55,272.95,112.05,86.85,59.5,258.4,111.55,92.45,62.4,266.4,145.3,120.75,71.95,1.505,0.788014693898779,0.269548423
"187",187,"CNPC6","700_28_2","673_28",673,28,"T90","N","P","C","700",28,"PC_N",9.106,28699.02628,0.078,16.562,531.35,154.4,113.85,29.85,298.1,120.05,86.4,38.6,245.05,114.35,80.05,29.55,223.95,145.75,107.3,35.1,288.15,218,196.1,117.25,-0.78,0.370762133208873,0.007215866
"188",188,"CNPC8","2800_28_2","3285_28",3285,28,"T90","N","P","C","2800",28,"PC_N",8.709,574402.9394,0.048,13.148,265,145.25,104.9,25.55,275.7,114.3,82.4,30.25,226.95,120.1,83.3,28.75,232.15,122,89.1,33.2,244.3,131.75,100.85,32.4,-1.068,0.2129832815452,0.017701608
"189",189,"CNPD1","280_31_2","311_31",311,31,"T90","N","P","D","280",31,"PD_N",11.375,87826.7495,0.401,63.979,526.2,98.95,66.6,14.1,179.65,86.7,55.6,16.5,158.8,100.15,65.8,19.6,185.55,147.9,107,31.4,286.3,222,195,109.2,0.855,0.920766195955701,0.031026618
"190",190,"CNPD2","280_28_2","288_28",288,28,"T90","N","P","D","280",28,"PD_N",9.539,3054305.284,0.598,187.518,133.75,103.8,68,7.45,179.25,93.5,63.45,21.3,178.25,93.65,64.15,25.4,183.2,53.85,34.75,26.95,115.55,66.95,41.9,24.9,2.606,1.26285520753205,0.08169322
"191",191,"CNPD2","280_28_2","288_28",288,28,"T90","N","P","D","280",28,"PD_N",9.539,3054305.284,0.598,187.518,133.75,103.8,68,7.45,179.25,93.5,63.45,21.3,178.25,93.65,64.15,25.4,183.2,53.85,34.75,26.95,115.55,66.95,41.9,24.9,2.606,0.120867439540087,0.08169322
"192",192,"CNPD3","400_31_2","405_31",405,31,"T90","N","P","D","400",31,"PD_N",10.293,1820330.969,0.64,76.836,265.6,97,61.45,15.45,173.9,90.2,58.2,17.65,166.05,185.4,144.8,49.5,379.7,122,84.15,15.15,221.3,137.85,103.6,24.15,0.453,0.797130707600635,0.301924947
"193",193,"CNPD5","700_31_2","701_31",701,31,"T90","N","P","D","700",31,"PD_N",9.488,932513.6132,0.22,45.65,321.45,129.85,90.35,11.25,231.45,107.9,74.45,14.85,197.2,124.6,86.15,22.5,233.25,165.4,129.6,35.15,330.15,165.95,126.9,28.6,0.19,0.31252240858291,0.178312921
"194",194,"CNPD6","700_28_2","673_28",673,28,"T90","N","P","D","700",28,"PD_N",9.298,1318993.332,0.269,67.141,165.25,130.75,91.3,21.6,243.65,85.6,54.85,13.65,154.1,89.85,59.9,22.35,172.1,83.85,58.25,37.6,179.7,90.35,53.15,21.75,0.779,0.245807422026242,0.017940048
"195",195,"CNPD7","2800_31_2","3309_31",3309,31,"T90","N","P","D","2800",31,"PD_N",9.259,866904.2733,0.369,17.992,378.6,108.6,69.05,7.6,185.25,99.1,68.25,16.9,184.25,127.65,93.4,26.05,247.1,148.5,112.4,34.35,295.25,178.35,147.25,53,-0.35,0.488414587068438,0.096026682
"196",196,"CNPD8","2800_28_2","3285_28",3285,28,"T90","N","P","D","2800",28,"PD_N",10.323,1719655.139,0.371,146.77,179.65,NA,NA,NA,NA,77.55,50.9,19.15,147.6,124.15,86.2,33.75,244.1,91.05,61.9,26,178.95,96.65,66.95,16.05,0.426,1.02564299250864,0.063956427
"197",197,"CNPE1","280_31_3","311_31",311,31,"T90","N","P","E","280",31,"PE_N",9.047,85919.76892,0.111,49.426,394.85,91.6,59.9,6.25,157.75,111.8,77.8,24.25,213.85,113.9,78.3,29.25,221.45,126.15,93.95,33.3,253.4,177.3,146.95,70.6,0.297,0.394950210009727,0.393104129
"198",198,"CNPE12","2800_31_3","3309_31",3309,31,"T90","N","P","E","2800",31,"PE_N",10.657,240694.401,0.287,24.354,298.3,160.15,116.2,45.8,322.15,139.65,109.25,41.9,290.8,146.35,113.25,52.35,311.95,153.85,125,58.55,337.4,134.25,110.3,53.75,-0.212,0.55012217186421,0.038722962
"199",199,"CNPE2","280_28_3","288_28",288,28,"T90","N","P","E","280",28,"PE_N",9.957,5641245.397,1.066,572.4,112,99.9,72.6,14.25,186.75,97.85,69.45,37.55,204.85,89.15,65.45,42.6,197.2,64.55,44.5,31,140.05,53.1,37.1,21.8,1.949,2.11251887739831,0.472568018
"200",200,"CNPE3","400_31_3","405_31",405,31,"T90","N","P","E","400",31,"PE_N",9.791,7626.310772,0.166,2.096,367.9,125.2,93.75,29.4,248.35,125.65,91.5,37.1,254.25,195.65,161.55,91.05,448.25,198,172.3,104.3,474.6,157.25,135.75,74.9,-1.699,0.176800170224132,0.100143093
"201",201,"CNPE5","700_31_3","701_31",701,31,"T90","N","P","E","700",31,"PE_N",9.326,28023.11907,0.116,10.869,351.9,125.3,88.65,25,238.95,100.2,73.55,27.5,201.25,114.7,80.35,30.4,225.45,153.5,116.15,54.55,324.2,153.15,131.4,67.35,-0.416,0.200776343168856,0.026126321
"202",202,"CNPE6","700_28_3","673_28",673,28,"T90","N","P","E","700",28,"PE_N",9.914,4679891.067,0.408,154.235,144.9,151.4,112.65,33.35,297.4,120.45,92.55,43.4,256.4,134.2,97.5,25.45,257.15,91,67.25,44.55,202.8,66.75,48.25,29.9,1.464,0.814602061520849,0.123446606
"203",203,"CNPE8","2800_28_3","3285_28",3285,28,"T90","N","P","E","2800",28,"PE_N",9.476,720161.4605,0.488,74.948,171.95,150.45,115.2,38.7,304.35,114.55,85.05,45.1,244.7,117,83.55,42.85,243.4,73.9,50.2,31.85,155.95,88.2,57.35,26.4,-0.04,0.587598314337977,0.316867231
"204",204,"CNPF1","280_31_3","311_31",311,31,"T90","N","P","F","280",31,"PF_N",10.141,18407.85226,0.123,132.463,236.9,137,101.5,29.35,267.85,126.9,97.55,37.9,262.35,143.75,108.5,36.7,288.95,211,174.3,81.55,466.85,118.25,92.85,25.8,0.447,0.384740395427785,0.054272483
"205",205,"CNPF2","280_28_3","288_28",288,28,"T90","N","P","F","280",28,"PF_N",12.097,1961837.32,0.713,272.52,134.45,129,99.45,25.85,254.3,127.5,96.95,38.95,263.4,119,81.6,35.6,236.2,90.1,63.05,33.2,186.35,69.8,47.25,17.4,2.526,0.893221342690737,0.469630998
"206",206,"CNPF6","700_28_3","673_28",673,28,"T90","N","P","F","700",28,"PF_N",9.59,3818282.934,0.707,188.343,141.95,118.65,86.2,17.3,222.15,122.2,91.05,35.55,248.8,110.45,77.85,32.75,221.05,96.7,67,29.3,193,76,51.05,14.9,1.264,0.687502693256865,0.419912088
"207",207,"CNPF8","2800_28_3","3285_28",3285,28,"T90","N","P","F","2800",28,"PF_N",13.066,1321363.88,0.563,72.61,217.25,165,136.3,62.7,364,151.2,123.35,62.15,336.7,164.3,133.35,72.55,370.2,140.15,108.05,43.6,291.8,106.6,80.35,30.3,0.709,0.584115588671552,0.357733665
"208",208,"CNSA1","280_31_1","311_31",311,31,"T90","N","S","A","280",31,"SA_N",9.448,2875780.561,0.503,163.141,82.3,139.8,87.6,20.8,248.2,88.8,46.8,15.2,150.8,65.4,33.8,12.1,111.3,69.5,35.6,15.2,120.3,44.9,24.3,13.1,0.874,0.838577478773631,0.652615922
"209",209,"CNSA17","400_28_1","447_28",447,28,"T90","N","S","A","400",28,"SA_N",6.707,3262027.833,0.509,98.313,87.5,NA,NA,NA,NA,120.4,78.8,37.1,236.3,98.2,52.4,17.5,168.1,52.6,27.7,16,96.3,51.1,26.3,10.1,0.325,0.791961735050101,0.204495442
"210",210,"CNSA18","2800_31_1","3309_31",3309,31,"T90","N","S","A","2800",31,"SA_N",8.888,533433.3396,0.319,18.545,173.1,122.6,72.2,18.9,213.7,124.4,84.3,44,252.7,135,88.7,41,264.7,101.5,61.2,31.9,194.6,93.6,54.2,25.3,-0.048,0.657629199912156,0.155701026
"211",211,"CNSA5","700_31_1","701_31",701,31,"T90","N","S","A","700",31,"SA_N",8.813,2413117.482,0.392,116.805,132,136.4,81.1,28.6,246.1,116.9,72.2,37.7,226.8,112.8,70.1,35.9,218.8,84.5,49.2,20.3,154,70.5,41.7,19.8,0.686,1.12846673344699,0.008701362
"212",212,"CNSA6","700_28_1","673_28",673,28,"T90","N","S","A","700",28,"SA_N",7.59,1706807.202,0.456,48.75,93,112.4,59.7,17.5,189.6,77.8,40.9,22.3,141,94,55.1,33.5,182.6,85.5,52.7,30,168.2,53,27.9,12.1,0.551,0.827042625603865,0.21183664
"213",213,"CNSA7","2800_28_1","3285_28",3285,28,"T90","N","S","A","2800",28,"SA_N",7.103,1119474.425,0.405,46.658,138.6,NA,NA,NA,NA,94.1,53.3,23,170.4,102.4,68.1,37.1,207.6,79.2,46,23.7,148.9,76.5,44.3,17.8,-0.204,0.558643826868073,0.205334835
"214",214,"CNSB1","280_31_1","311_31",311,31,"T90","N","S","B","280",31,"SB_N",11.196,1052282.133,0.28,61.243,67.4,98.8,50.8,11,160.6,62.2,32.3,12,106.5,54.9,26.6,8.3,89.8,52.8,27.1,14.5,94.4,37.2,19.7,10.5,1.308,1.02575519024451,0.344775568
"215",215,"CNSB16","400_31_3","405_31",405,31,"T90","N","S","B","400",31,"SB_N",11.49,2949200.731,0.471,116.605,103.3,NA,NA,NA,NA,94.6,50.3,19,163.9,100.4,54.3,18.2,172.9,48.4,28.2,18.9,95.5,57,30.7,15.6,1.24,0.357386756692278,0.362069503
"216",216,"CNSB2","280_28_1","288_28",288,28,"T90","N","S","B","280",28,"SB_N",10.862,4493033.818,0.697,190.503,68.1,97.3,43.5,1.9,142.7,80,39.3,13.1,132.4,95.2,50,20.4,165.6,56.8,29.2,18,104,35.8,19.6,12.7,1.637,1.97229178051924,0.32296214
"217",217,"CNSB20","2800_31_1","3309_31",3309,31,"T90","N","S","B","2800",31,"SB_N",6.394,1159585.006,0.352,42.512,178,79,38.9,7.2,125.1,105.3,58.8,19.2,183.3,89.6,49.2,23.6,162.4,86.9,50.1,25.2,162.2,96.8,58.5,22.7,0.799,0.92737325864515,0.514110177
"218",218,"CNSB3","400_31_1","405_31",405,31,"T90","N","S","B","400",31,"SB_N",11.577,2492830.406,0.31,106.64,100.7,109.5,59.8,9.9,179.2,78.8,39.6,15.6,134,116.3,67.1,25.8,209.2,59.9,30.9,15.8,106.6,55.1,30.1,15.5,1.014,0.391637380250032,0.138315523
"219",219,"CNSB5","700_31_1","701_31",701,31,"T90","N","S","B","700",31,"SB_N",11.107,1890642.819,0.379,67.256,89.6,135.8,80.7,26.9,243.4,58.1,31.5,11.5,101.1,57,30.1,15.6,102.7,67.8,36.1,16.2,120.1,50.2,27.1,12.3,1.105,0.603406391604167,0.255067571
"220",220,"CNSB6","700_28_1","673_28",673,28,"T90","N","S","B","700",28,"SB_N",10.674,1782024.858,0.363,87.401,77.8,84.6,39.1,5.6,129.3,86.8,44.2,14,145,69.9,34.5,12.2,116.6,68.7,37.1,19.2,125,44.2,22.3,11.3,0.953,0.845282288270564,0.170443855
"221",221,"CNSB7","400_28_1","447_28",447,28,"T90","N","S","B","400",28,"SB_N",12.183,3231299.59,0.325,100.322,73.9,NA,NA,NA,NA,89.5,45,13.9,148.4,73.3,37.8,17.5,128.6,44.1,22.3,12.4,78.8,40.1,21.3,12.5,1.232,1.19463176600656,0.181929689
"222",222,"CNSB7","400_28_1","447_28",447,28,"T90","N","S","B","400",28,"SB_N",12.183,3231299.59,0.325,100.322,73.9,NA,NA,NA,NA,89.5,45,13.9,148.4,73.3,37.8,17.5,128.6,44.1,22.3,12.4,78.8,40.1,21.3,12.5,1.232,1.19463176600656,0.181929689
"223",223,"CNSB8","2800_28_1","3285_28",3285,28,"T90","N","S","B","2800",28,"SB_N",9.859,2631897.484,0.659,67.236,125.4,133.1,78.2,32.1,243.4,116.7,67.2,34.1,218,115.2,66.7,30.5,212.4,83.6,47.9,27.6,159.1,68.8,38.9,17.7,0.695,1.50364098182636,0.436669426
"224",224,"CNSC3","400_31_2","405_31",405,31,"T90","N","S","C","400",31,"SC_N",7.851,1200696.302,0.271,42.438,122.4,125.8,75.3,20,221.1,83.8,45.3,21,150.1,85.3,44,13.3,142.6,63.6,31.4,11.1,106.1,69.9,38.6,13.9,0.938,0.371809518108097,0.175636759
"225",225,"CNSC5","700_31_2","701_31",701,31,"T90","N","S","C","700",31,"SC_N",9.474,2312774.865,0.169,61.82,116.5,148.4,93.1,25.6,267.1,101.7,55.8,19.8,177.3,91,49.2,20.5,160.7,98.6,56.6,28.5,183.7,65.9,35.1,15.5,1.172,1.14215841048243,0.813399972
"226",226,"CNSC6","700_28_2","673_28",673,28,"T90","N","S","C","700",28,"SC_N",10.399,4939803.834,0.505,107.415,115.9,135.8,81.5,29.1,246.4,87.8,47.8,18.7,154.3,94.4,52,26.3,172.7,54.3,30.6,19.2,104.1,66.5,34.2,15.2,1.137,1.70432017635884,0.167768308
"227",227,"CNSC7","2800_31_2","3309_31",3309,31,"T90","N","S","C","2800",31,"SC_N",9.315,665807.8368,0.183,15.268,158.9,126,78.1,27.8,231.9,119.3,73.6,42.5,235.4,100.8,59.3,32.6,192.7,113.7,71.5,42,227.2,83.4,49.2,26.3,0.236,0.664523436571838,0.269563932
"228",228,"CNSC8","2800_28_2","3285_28",3285,28,"T90","N","S","C","2800",28,"SC_N",8.767,2927341.166,0.411,56.806,113.5,104.3,54.7,11.2,170.2,142,83.7,47.6,273.3,107.2,59.1,30.6,196.9,103.9,58.1,26.7,188.7,68.1,34.9,10.5,-0.236,0.996726516292156,0.400401949
"229",229,"CNSD1","280_31_2","311_31",311,31,"T90","N","S","D","280",31,"SD_N",9.161,791762.1803,0.237,65.657,84.9,103.6,54.1,9.9,167.6,90.9,50.6,21.6,163.1,80.7,44.3,20.1,145.1,78.8,44.9,21.9,145.6,48.5,24.9,11.5,0.919,0.464331364573577,0.443206965
"230",230,"CNSD1","280_31_2","311_31",311,31,"T90","N","S","D","280",31,"SD_N",9.161,791762.1803,0.237,65.657,84.9,103.6,54.1,9.9,167.6,90.9,50.6,21.6,163.1,80.7,44.3,20.1,145.1,78.8,44.9,21.9,145.6,48.5,24.9,11.5,0.919,0.464331364573577,0.443206965
"231",231,"CNSD2","280_28_2","288_28",288,28,"T90","N","S","D","280",28,"SD_N",8.986,3332705.219,0.422,163.333,71.2,121,69.6,14.9,205.5,119.8,69.9,27.6,217.3,91.1,52.6,27.5,171.2,53.9,30.6,19.7,104.2,34.3,21.4,15.5,1.627,0.956832431505502,0.167846124
"232",232,"CNSD3","400_31_2","405_31",405,31,"T90","N","S","D","400",31,"SD_N",9.112,1783736.328,0.562,38.488,159.3,112.6,68.3,26.5,207.4,84.2,45.8,22.7,152.7,103.8,56.7,22.9,183.4,71.8,38.5,18.4,128.7,89.7,51.5,18.1,0.48,1.4086685386622,0.382243094
"233",233,"CNSD5","700_31_2","701_31",701,31,"T90","N","S","D","700",31,"SD_N",10.957,2587812.966,0.38,62.097,112.7,103.7,58.6,13.4,175.7,99.2,60.2,23.1,182.5,71.4,40.4,18.2,130,85.3,47.7,25.4,158.4,61.5,34,17.2,1.214,0.927277363177269,0.189131608
"234",234,"CNSD6","700_28_2","673_28",673,28,"T90","N","S","D","700",28,"SD_N",8.568,4632172.729,0.7,143.262,66.7,158.6,105.5,35.7,299.8,92.6,50.8,22.6,166,59.6,31.9,19.8,111.3,59.2,36.1,26.2,121.5,33.5,19.6,13.6,0.978,1.18140506520838,0.338408997
"235",235,"CNSD7","2800_31_2","3309_31",3309,31,"T90","N","S","D","2800",31,"SD_N",8.368,906273.6507,0.78,33.738,241.9,NA,NA,NA,NA,93.7,53.3,26.9,173.9,92.5,54.9,28.6,176,93.1,60.1,32.4,185.6,115.1,76.3,50.5,0.301,1.23015418646605,0.53134309
"236",236,"CNSD8","2800_28_2","3285_28",3285,28,"T90","N","S","D","2800",28,"SD_N",8.356,3108425.084,0.658,58.551,145.2,97.5,51.5,7.3,156.3,80.1,42.7,20.4,143.2,77.2,42.7,23,142.9,81.1,46.3,24.7,152.1,79,45.4,20.8,0.488,1.87957021541407,0.327519389
"237",237,"CNSD9","400_28_2","447_28",447,28,"T90","N","S","D","400",28,"SD_N",8.1,2591111.111,0.617,130.546,83.6,NA,NA,NA,NA,60.2,29.8,12.7,102.7,100.7,59.3,22.7,182.7,49.3,27.1,16.4,92.8,43.4,25.3,14.9,1.231,0.633840212962963,0.798658832
"238",238,"CNSE11","280_28_3","288_28",288,28,"T90","N","S","E","280",28,"SE_N",10.4,2587224.768,0.405,11.01,96.9,99.7,54.4,5.4,159.5,125.2,67,25.1,217.3,90.4,48.3,21.7,160.4,55.9,28.9,13.6,98.4,52.2,29.2,15.5,0.658,0.912040747926705,0.154582837
"239",239,"CNSE11","280_28_3","288_28",288,28,"T90","N","S","E","280",28,"SE_N",10.4,2587224.768,0.405,11.01,96.9,99.7,54.4,5.4,159.5,125.2,67,25.1,217.3,90.4,48.3,21.7,160.4,55.9,28.9,13.6,98.4,52.2,29.2,15.5,0.658,0.912040747926705,0.154582837
"240",240,"CNSE20","400_31_3","405_31",405,31,"T90","N","S","E","400",31,"SE_N",11.112,3350071.994,0.416,109.205,85.4,NA,NA,NA,NA,135,85.4,44.7,265.1,113.9,60.6,19.3,193.8,70.7,39.5,20.5,130.7,47.9,25.7,11.8,1.508,0.944080517158627,0.238912633
"241",241,"CNSE21","400_31_3","405_31",405,31,"T90","N","S","E","400",31,"SE_N",9.522,2554820.416,0.571,84.715,88.8,NA,NA,NA,NA,141.9,89.5,47.6,279,93.1,49.2,20.8,163.1,73.5,41.8,24.7,140,47.9,26.4,14.5,1.931,0.47582975794742,0.308473686
"242",242,"CNSE21","400_31_3","405_31",405,31,"T90","N","S","E","400",31,"SE_N",9.522,2554820.416,0.571,84.715,88.8,NA,NA,NA,NA,141.9,89.5,47.6,279,93.1,49.2,20.8,163.1,73.5,41.8,24.7,140,47.9,26.4,14.5,1.931,0.47582975794742,0.308473686
"243",243,"CNSE22","400_28_3","447_28",447,28,"T90","N","S","E","400",28,"SE_N",8.415,2972352.056,0.386,129.613,77.1,NA,NA,NA,NA,104.6,56.8,18.9,180.3,101.4,58.3,19.7,179.4,44.6,25.2,15.7,85.5,40.1,22.9,14.1,2.364,0.969555110550961,0.029976578
"244",244,"CNSE23","2800_28_3","3285_28",3285,28,"T90","N","S","E","2800",28,"SE_N",10.929,2124439.564,0.432,35.942,143.3,123.7,63,22.9,209.6,NA,NA,NA,NA,88.7,51.1,22.5,162.3,64.7,34.6,16.1,115.4,79.9,46.9,16.5,0.034,1.58915652057218,0.95261644
"245",245,"CNSE5","700_31_3","701_31",701,31,"T90","N","S","E","700",31,"SE_N",10.615,58500.28261,0.224,29.57,302.4,103,53,10.9,166.9,114.7,66.5,28.2,209.4,85.2,45,22.4,152.6,134.6,77.5,39.5,251.6,148.5,99.1,54.8,0.634,0.56281397995441,0.333028367
"246",246,"CNSE7","2800_31_3","3309_31",3309,31,"T90","N","S","E","2800",31,"SE_N",12.69,280851.0638,0.311,15.615,190.2,171.3,117.9,44.9,334.1,113.1,60.8,28.7,202.6,120.9,67.6,34.6,223.1,140.6,83.6,48,272.2,95.2,52.6,42.4,0.478,0.543408786183347,0.150601436
"247",247,"CNSF13","700_28_3","673_28",673,28,"T90","N","S","F","700",28,"SF_N",8.722,3045746.388,0.441,76.602,132,164.7,109.9,52.7,327.3,94.1,51.9,22.7,168.7,97.7,55.9,24,177.6,73.6,40.6,19.9,134.1,74.4,40.1,17.5,0.934,0.855386717304899,0.202620641
"248",248,"CNSF15","2800_31_3","3309_31",3309,31,"T90","N","S","F","2800",31,"SF_N",10.255,2251576.416,0.41,46.51,128.6,126,75.1,32.3,233.4,129.2,82.6,45.6,257.4,121.6,71.2,35.7,228.5,103.5,61.6,40,205.1,68.5,37.8,22.3,1.043,1.05546418922039,0.187104234
"249",249,"CNSF20","400_28_3","447_28",447,28,"T90","N","S","F","400",28,"SF_N",6.942,3484874.676,0.636,106.6,123.5,NA,NA,NA,NA,73.2,35.5,12,120.7,82.7,44.6,20.9,148.2,40.5,22,14.8,77.3,60.3,35.9,27.3,1.999,0.628668225055219,0.450717058
"250",250,"CNSF23","280_28_3","288_28",288,28,"T90","N","S","F","280",28,"SF_N",7.566,5542274.309,1.041,201.188,123.5,NA,NA,NA,NA,124.8,67.3,25.9,218,102.5,56.2,19.9,178.6,38.8,21.2,15.2,75.2,71.4,35.7,16.4,1.445,1.6125910947873,0.615415876
"251",251,"CNSF24","280_31_3","311_31",311,31,"T90","N","S","F","280",31,"SF_N",11.243,3077529.722,0.415,104.97,102.9,NA,NA,NA,NA,100,52.3,16.3,168.6,113.5,67.8,27.8,209.1,70.9,38.1,20.8,129.8,55.1,29.1,18.7,0.398,0.974835872839396,0.172083987
"252",252,"CNSF25","2800_28_3","3285_28",3285,28,"T90","N","S","F","2800",28,"SF_N",9.462,4277188.656,0.542,69.501,123.5,117.4,61.6,23.4,202.4,100,55.5,22.9,178.4,107.2,62.1,33.1,202.4,69.8,37.2,21.4,128.4,71.4,35.7,16.4,0.508,1.35454180777331,0.201486355
"253",253,"CNTA11","400_28_1","447_28",447,28,"T90","N","T","A","400",28,"TA_N",13.82,18909.33648,0.007,13.323,165.3,NA,NA,NA,NA,102.4,62.3,30.95,195.65,111.5,68,28.9,208.4,73.8,46.6,27.7,148.1,82.1,51.1,32.1,0.2,0.058549034209406,0.110066408
"254",254,"CNTA11","400_28_1","447_28",447,28,"T90","N","T","A","400",28,"TA_N",13.82,18909.33648,0.007,13.323,165.3,NA,NA,NA,NA,102.4,62.3,30.95,195.65,111.5,68,28.9,208.4,73.8,46.6,27.7,148.1,82.1,51.1,32.1,0.2,0.058549034209406,0.110066408
"255",255,"CNTB2","280_28_1","288_28",288,28,"T90","N","T","B","280",28,"TB_N",19.043,983983.616,0.174,22.561,175.7,89.1,51.2,11.2,151.5,101.45,56.05,19.4,176.9,132.25,77.35,31.4,241,143.9,86.05,42.6,272.55,106.55,53.05,16.1,0.109,0.390546657564459,0.133359622
"256",256,"CNTB8","2800_28_1","3285_28",3285,28,"T90","N","T","B","2800",28,"TB_N",13.526,34502.30426,0.006,9.983,118.8,133.3,87.3,25.9,246.5,101.55,60.15,18.45,180.15,90.55,48.05,14.3,152.9,96.8,58.8,27.5,183.1,71.1,38.8,8.9,-0.29,0.0689596863495209,0.00643299
"257",257,"CNTB8","2800_28_1","3285_28",3285,28,"T90","N","T","B","2800",28,"TB_N",13.526,34502.30426,0.006,9.983,118.8,133.3,87.3,25.9,246.5,101.55,60.15,18.45,180.15,90.55,48.05,14.3,152.9,96.8,58.8,27.5,183.1,71.1,38.8,8.9,-0.29,0.0689596863495209,0.00643299
"258",258,"CNTB9","400_28_1","447_28",447,28,"T90","N","T","B","400",28,"TB_N",15.733,503061.5055,0.085,35.221,216.6,NA,NA,NA,NA,106.5,58.8,18.25,183.55,113.25,61.5,24.4,199.15,100.9,53.5,20.15,174.55,121.85,68.05,26.7,0.223,0.196207817326638,0.046560922
"259",259,"CNTC10","280_28_3","288_28",288,28,"T90","N","T","C","280",28,"TC_N",5.395,1352076.125,0.317,88.092,151.25,NA,NA,NA,NA,104.5,59.55,22.7,186.75,117.3,70.35,34.8,222.45,83.2,45.5,20.15,148.85,80.8,46.1,24.35,0.356,0.563592517266214,0.14320249
"260",260,"CNTC16","280_28_2","288_28",288,28,"T90","N","T","C","280",28,"TC_N",7.669,272624.5327,0.027,30.413,156.35,NA,NA,NA,NA,126.55,80.15,47.75,254.45,127.4,79.45,44.15,251,80.1,41.95,20.6,142.65,89.05,45.75,21.55,0.289,0.213027445874423,0.12993853
"261",261,"CNTC2","280_28_2","288_28",288,28,"T90","N","T","C","280",28,"TC_N",20.371,553457.4729,0.084,22.553,217.05,68,38.8,17.6,124.4,145.5,100.95,52.2,298.65,157.9,111.6,57.6,327.1,103.35,58.2,23.25,184.8,114.25,68.1,34.7,0.151,0.123915261007938,0.049307161
"262",262,"CNTC21","400_28_2","447_28",447,28,"T90","N","T","C","400",28,"TC_N",9.533,238897.825,0.066,23.179,207.7,NA,NA,NA,NA,95.55,51.9,22.4,169.85,107.7,60.95,29.1,197.75,98.95,56.55,25.1,180.6,110.4,65.9,31.4,0.141,0.171456639968828,0.134732455
"263",263,"CNTC22","280_31_2","311_31",311,31,"T90","N","T","C","280",31,"TC_N",10.661,28670.58529,0.05,141.455,479.4,NA,NA,NA,NA,121.4,71.75,34.95,228.1,141.4,91.1,34,266.5,147.3,94.75,41.4,283.45,207.85,181.7,89.85,0.126,0.156600408690783,0.236873111
"264",264,"CNTD1","280_31_2","311_31",311,31,"T90","N","T","D","280",31,"TD_N",17.389,761975.9618,0.139,92.778,415.55,61.1,30.6,6.4,98.1,123.3,77.15,29.3,229.75,146.85,92.55,25.6,265,188.35,136.6,61.35,386.3,190.4,153.85,71.3,0.199,0.391067499281155,0.095350007
"265",265,"CNTD13","400_28_2","447_28",447,28,"T90","N","T","D","400",28,"TD_N",10.053,597877.9841,0.066,36.107,229.6,NA,NA,NA,NA,94.15,50.5,16.7,161.35,95.85,51,20.75,167.6,98.35,56.4,25.95,180.7,123.45,75.2,30.95,0.243,0.317132843109129,0.152586211
"266",266,"CNTD15","280_28_3","288_28",288,28,"T90","N","T","D","280",28,"TD_N",3.641,250251.7393,0.051,82.832,193.75,NA,NA,NA,NA,114.85,65.75,30.45,211.05,106.7,57.45,25.2,189.35,96.6,52.55,23.05,172.2,106.85,61.35,25.55,0.187,0.885774990926929,0.806943189
"267",267,"CNTD2","280_28_2","288_28",288,28,"T90","N","T","D","280",28,"TD_N",20.952,416953.0355,0.082,29.796,236,69.2,40,9.9,119.1,104.7,62.8,28.3,195.8,113.1,69.05,32.05,214.2,77.35,41.85,19.85,139.05,125.1,78.6,32.3,0.191,0.206929623106784,0.041451785
"268",268,"CNTD5","700_31_2","701_31",701,31,"T90","N","T","D","700",31,"TD_N",21.945,601382.2435,0.063,19.178,517.7,137,94.7,38.4,270.1,112.05,66.8,28.2,207.05,176.5,122.6,45.4,344.5,231.7,190.5,95.25,517.45,220.05,191,106.65,0.007,0.140206051796157,0.061806136
"269",269,"CNTD6","700_28_2","673_28",673,28,"T90","N","T","D","700",28,"TD_N",22.357,1129651.718,0.047,28.864,191.4,105.4,62.8,19.1,187.3,94.05,56.75,26.8,177.6,126.6,92,63.2,281.8,127.25,76,37.8,80.35,105.15,59.1,27.15,0.021,0.189803898749076,0.040277039
"270",270,"CNTD8","2800_28_2","3285_28",3285,28,"T90","N","T","D","2800",28,"TD_N",26.287,886217.522,0.013,9.473,141.35,NA,NA,NA,NA,90.45,53.5,21.15,165.1,NA,NA,NA,NA,NA,NA,NA,NA,74.05,48.1,19.2,-0.196,0.0844657815016295,0.096927743
"271",271,"CNTE10","400_28_3","447_28",447,28,"T90","N","T","E","400",28,"TE_N",30.207,1035080.169,0.139,63.858,221.3,NA,NA,NA,NA,87,48.15,25,160.15,108.95,58.9,27.05,194.9,81.5,44.7,20.8,147,114.5,70.8,36,0.602,0.33114055218989,0.055756171
"272",272,"CNTE12","280_31_3","311_31",311,31,"T90","N","T","E","280",31,"TE_N",15.083,156957.2136,0.022,160.447,274,NA,NA,NA,NA,103.55,62.2,32.55,198.3,104.05,57.2,22.7,183.95,89.2,50.1,19.4,158.7,128.5,97.5,48,0.257,0.261608811049857,0.177751988
"273",273,"CNTE15","280_31_3","311_31",311,31,"T90","N","T","E","280",31,"TE_N",30.404,184184.272,0.055,39.393,378.25,76.7,40.5,17.9,135.1,91.15,53.95,26.4,171.5,98.1,57.3,23.85,179.25,110.8,68.95,33.8,213.55,163.45,134.75,80.05,0.173,0.142847240137065,0.049870605
"274",274,"CNTE15","280_31_3","311_31",311,31,"T90","N","T","E","280",31,"TE_N",30.404,184184.272,0.055,39.393,378.25,76.7,40.5,17.9,135.1,91.15,53.95,26.4,171.5,98.1,57.3,23.85,179.25,110.8,68.95,33.8,213.55,163.45,134.75,80.05,0.173,0.142847240137065,0.049870605
"275",275,"CNTE2","280_28_3","288_28",288,28,"T90","N","T","E","280",28,"TE_N",13.619,530435.4211,0.04,30.13,464.35,71.8,41.5,14.4,127.7,124.45,80,42.6,247.05,112.9,67.55,36.25,216.7,109.8,65.7,30.25,205.75,196.1,174.1,94.15,0.129,0.14495933781237,0.056724407
"276",276,"CNTE6","700_28_3","673_28",673,28,"T90","N","T","E","700",28,"TE_N",30.319,430352.4704,0.008,15.848,343.9,110.5,70,35.1,215.6,107.2,68.3,35.3,210.8,115.5,66.75,25.6,207.85,108.15,62.95,24.05,195.15,175,136.5,32.4,0.134,0.0619120986127567,0.063726476
"277",277,"CNTE8","2800_28_3","3285_28",3285,28,"T90","N","T","E","2800",28,"TE_N",22.085,287378.8752,0.126,64.317,121.3,78.1,45.8,13.6,137.5,62.95,37.7,22.4,123.05,55.55,31.75,20.05,107.35,58.35,33.4,20.45,112.2,65.25,36.65,19.4,-0.193,0.252867861826778,0.065760728
"278",278,"CNTF2","280_28_3","288_28",288,28,"T90","N","T","F","280",28,"TF_N",26.052,103752.7029,0.038,31.905,80.8,123,83.6,16.2,222.8,93.75,56.55,16.5,166.8,92.9,51.9,20.7,165.5,74,38.4,18.2,130.6,40.4,23.4,17,0.079,0.176394181541819,0.091186494
"279",279,"CNTF6","700_28_3","673_28",673,28,"T90","N","T","F","700",28,"TF_N",29.273,726001.5031,0.067,23.124,281.8,94.3,60.2,12.3,166.8,102.45,64.2,22.4,189.05,140.2,94.1,46.5,280.8,92.95,54.9,26.65,174.5,136,96.8,49,0.101,0.18248449734878,0.061399767
"280",280,"CNTF8","2800_28_3","3285_28",3285,28,"T90","N","T","F","2800",28,"TF_N",25.133,1225490.391,0.104,34.258,117.6,135.4,88,19.4,242.8,102.35,66.15,21.15,189.65,98.65,57.95,18.05,174.65,117.4,96.35,65.6,279.35,64.5,41.3,11.8,-0.195,0.320129647342803,0.107364248
"281",281,"CFAA15","400_28","447_28",447,28,"T0","F","A","A","400_28",28,"AA_F",12.00066667,1487617.355,0.266,1.198,NA,NA,NA,NA,NA,NA,NA,NA,NA,NA,NA,NA,NA,NA,NA,NA,NA,NA,NA,NA,NA,1.94027609523352,0.118991902
"282",282,"CFAB19","400_28","447_28",447,28,"T0","F","A","B","400_28",28,"AB_F",11.39933333,2148283.525,0.175,69.379,NA,NA,NA,NA,NA,NA,NA,NA,NA,NA,NA,NA,NA,NA,NA,NA,NA,NA,NA,NA,NA,0.99108496666211,0.151255284
"283",283,"CFAC15","400_28","447_28",447,28,"T0","F","A","C","400_28",28,"AC_F",10.686,2708590.679,0.316,44.57,NA,NA,NA,NA,NA,NA,NA,NA,NA,NA,NA,NA,NA,NA,NA,NA,NA,NA,NA,NA,NA,1.64243891945848,0.100365848
"284",284,"CFAD11","400_28","447_28",447,28,"T0","F","A","D","400_28",28,"AD_F",10.54933333,2022497.472,0.336,99.405,NA,NA,NA,NA,NA,NA,NA,NA,NA,NA,NA,NA,NA,NA,NA,NA,NA,NA,NA,NA,NA,1.89048318438361,0.138639564
"285",285,"CFAD11","400_28","447_28",447,28,"T0","F","A","D","400_28",28,"AD_F",10.54933333,2022497.472,0.336,99.405,NA,NA,NA,NA,NA,NA,NA,NA,NA,NA,NA,NA,NA,NA,NA,NA,NA,NA,NA,NA,NA,1.89048318438361,0.138639564
"286",286,"CFAE9","400_28","447_28",447,28,"T0","F","A","E","400_28",28,"AE_F",14.14233333,551394.1594,0.292,34.099,NA,NA,NA,NA,NA,NA,NA,NA,NA,NA,NA,NA,NA,NA,NA,NA,NA,NA,NA,NA,NA,1.34641206929264,0.094775094
"287",287,"CFAE9","400_28","447_28",447,28,"T0","F","A","E","400_28",28,"AE_F",14.14233333,551394.1594,0.292,34.099,NA,NA,NA,NA,NA,NA,NA,NA,NA,NA,NA,NA,NA,NA,NA,NA,NA,NA,NA,NA,NA,1.34641206929264,0.094775094
"288",288,"CFAF11","400_28","447_28",447,28,"T0","F","A","F","400_28",28,"AF_F",6.160666667,1702846.012,0.365,19.384,NA,NA,NA,NA,NA,NA,NA,NA,NA,NA,NA,NA,NA,NA,NA,NA,NA,NA,NA,NA,NA,1.68002455704577,0.116381014
"289",289,"CFPB8","400_28","447_28",447,28,"T0","F","P","B","400_28",28,"PB_F",7.280333333,1315324.39,0.137,68.647,NA,NA,NA,NA,NA,NA,NA,NA,NA,NA,NA,NA,NA,NA,NA,NA,NA,NA,NA,NA,NA,0.793801603213855,0.13484791
"290",290,"CFPE13","400_28","447_28",447,28,"T0","F","P","E","400_28",28,"PE_F",8.785333333,1193261.496,0.389,6.886,NA,NA,NA,NA,NA,NA,NA,NA,NA,NA,NA,NA,NA,NA,NA,NA,NA,NA,NA,NA,NA,0.627460006284241,0.081611545
"291",291,"CFSA9","400_28","447_28",447,28,"T0","F","S","A","400_28",28,"SA_F",8.170666667,1312500,0.398,21.623,NA,NA,NA,NA,NA,NA,NA,NA,NA,NA,NA,NA,NA,NA,NA,NA,NA,NA,NA,NA,NA,0.605160317166891,0.005592858
"292",292,"CFSB9","400_28","447_28",447,28,"T0","F","S","B","400_28",28,"SB_F",11.544,1426130.457,0.525,51.496,NA,NA,NA,NA,NA,NA,NA,NA,NA,NA,NA,NA,NA,NA,NA,NA,NA,NA,NA,NA,NA,1.03498164703165,0.017036364
"293",293,"CFSC11","400_28","447_28",447,28,"T0","F","S","C","400_28",28,"SC_F",9.465666667,2419762.651,0.669,11.301,NA,NA,NA,NA,NA,NA,NA,NA,NA,NA,NA,NA,NA,NA,NA,NA,NA,NA,NA,NA,NA,1.26160021705597,0.165972467
"294",294,"CFSD12","400_28","447_28",447,28,"T0","F","S","D","400_28",28,"SD_F",9.394333333,2264769.542,0.472,46.666,NA,NA,NA,NA,NA,NA,NA,NA,NA,NA,NA,NA,NA,NA,NA,NA,NA,NA,NA,NA,NA,1.17969397442358,0.029463524
"295",295,"CFSE9","400_28","447_28",447,28,"T0","F","S","E","400_28",28,"SE_F",9.466666667,1325070.423,0.335,26.674,NA,NA,NA,NA,NA,NA,NA,NA,NA,NA,NA,NA,NA,NA,NA,NA,NA,NA,NA,NA,NA,0.764934434127995,0.016828354
"296",296,"CFTA11","400_28","447_28",447,28,"T0","F","T","A","400_28",28,"TA_F",11.28675,1687926.108,0.399,9.229,NA,NA,NA,NA,NA,NA,NA,NA,NA,NA,NA,NA,NA,NA,NA,NA,NA,NA,NA,NA,NA,1.22845112440103,0.034654321
"297",297,"CFTB10","400_28","447_28",447,28,"T0","F","T","B","400_28",28,"TB_F",14.39275,217887.4781,0.289,93.451,NA,NA,NA,NA,NA,NA,NA,NA,NA,NA,NA,NA,NA,NA,NA,NA,NA,NA,NA,NA,NA,0.937334524905479,0.076700524
"298",298,"CFTC8","400_28","447_28",447,28,"T0","F","T","C","400_28",28,"TC_F",11.2615,1261821.249,0.196,21.645,NA,NA,NA,NA,NA,NA,NA,NA,NA,NA,NA,NA,NA,NA,NA,NA,NA,NA,NA,NA,NA,0.522391458657076,0.031115163
"299",299,"CFTD12","400_28","447_28",447,28,"T0","F","T","D","400_28",28,"TD_F",5.153333333,315135.8344,0.105,33.348,NA,NA,NA,NA,NA,NA,NA,NA,NA,NA,NA,NA,NA,NA,NA,NA,NA,NA,NA,NA,NA,0.354890563088932,0.143082197
"300",300,"CFTF15","400_28","447_28",447,28,"T0","F","T","F","400_28",28,"TF_F",21.89933333,530427.1058,0.237,38.116,NA,NA,NA,NA,NA,NA,NA,NA,NA,NA,NA,NA,NA,NA,NA,NA,NA,NA,NA,NA,NA,0.648172769741571,0.017701023
"301",301,"CNAA13","400_28","447_28",447,28,"T0","N","A","A","400_28",28,"AA_N",7.16,1942981.844,0.358,15.124,NA,NA,NA,NA,NA,NA,NA,NA,NA,NA,NA,NA,NA,NA,NA,NA,NA,NA,NA,NA,NA,1.360746141527,0.056703653
"302",302,"CNAB9","400_28","447_28",447,28,"T0","N","A","B","400_28",28,"AB_N",9.5,1485473.684,0.281,55.377,NA,NA,NA,NA,NA,NA,NA,NA,NA,NA,NA,NA,NA,NA,NA,NA,NA,NA,NA,NA,NA,1.12213565122807,NA
"303",303,"CNAC9","400_28","447_28",447,28,"T0","N","A","C","400_28",28,"AC_N",9.716333333,1358743.01,0.27,79.411,NA,NA,NA,NA,NA,NA,NA,NA,NA,NA,NA,NA,NA,NA,NA,NA,NA,NA,NA,NA,NA,0.950007658271296,0.089511833
"304",304,"CNAD12","400_28","447_28",447,28,"T0","N","A","D","400_28",28,"AD_N",10.35566667,856213.9891,0.117,3.454,NA,NA,NA,NA,NA,NA,NA,NA,NA,NA,NA,NA,NA,NA,NA,NA,NA,NA,NA,NA,NA,0.569326350446028,0.082018976
"305",305,"CNAE9","400_28","447_28",447,28,"T0","N","A","E","400_28",28,"AE_N",9.664,1705660.182,0.44,17.238,NA,NA,NA,NA,NA,NA,NA,NA,NA,NA,NA,NA,NA,NA,NA,NA,NA,NA,NA,NA,NA,1.33399320916115,0.069598787
"306",306,"CNAF9","400_28","447_28",447,28,"T0","N","A","F","400_28",28,"AF_N",10.11366667,2440460.103,0.358,41.787,NA,NA,NA,NA,NA,NA,NA,NA,NA,NA,NA,NA,NA,NA,NA,NA,NA,NA,NA,NA,NA,1.56915573133082,0.075926834
"307",307,"CNPA9","400_28","447_28",447,28,"T0","N","P","A","400_28",28,"PA_N",10.44766667,164821.4912,0.14,9.148,NA,NA,NA,NA,NA,NA,NA,NA,NA,NA,NA,NA,NA,NA,NA,NA,NA,NA,NA,NA,NA,0.293315857992753,0.009172682
"308",308,"CNPB9","400_28","447_28",447,28,"T0","N","P","B","400_28",28,"PB_N",11.17033333,2453373.519,0.47,5.652,NA,NA,NA,NA,NA,NA,NA,NA,NA,NA,NA,NA,NA,NA,NA,NA,NA,NA,NA,NA,NA,0.450948388424979,0.046290774
"309",309,"CNPC10","400_28","447_28",447,28,"T0","N","P","C","400_28",28,"PC_N",10.55266667,3215869.606,0.32,9.14,NA,NA,NA,NA,NA,NA,NA,NA,NA,NA,NA,NA,NA,NA,NA,NA,NA,NA,NA,NA,NA,1.12093987455906,0.054434134
"310",310,"CNPD9","400_28","447_28",447,28,"T0","N","P","D","400_28",28,"PD_N",7.814333333,2357718.722,0.501,81.236,NA,NA,NA,NA,NA,NA,NA,NA,NA,NA,NA,NA,NA,NA,NA,NA,NA,NA,NA,NA,NA,1.02408403706966,0.108692725
"311",311,"CNPE10","400_28","447_28",447,28,"T0","N","P","E","400_28",28,"PE_N",10.709,1908612.693,0.479,119.128,NA,NA,NA,NA,NA,NA,NA,NA,NA,NA,NA,NA,NA,NA,NA,NA,NA,NA,NA,NA,NA,1.10342264901796,0.175477048
"312",312,"CNPF15","400_28","447_28",447,28,"T0","N","P","F","400_28",28,"PF_N",9.076,2394006.17,0.427,117.86,NA,NA,NA,NA,NA,NA,NA,NA,NA,NA,NA,NA,NA,NA,NA,NA,NA,NA,NA,NA,NA,1.32496881206846,0.048705236
"313",313,"CNSB15","400_28","447_28",447,28,"T0","N","S","B","400_28",28,"SB_N",10.22766667,2233451.749,0.693,66.697,NA,NA,NA,NA,NA,NA,NA,NA,NA,NA,NA,NA,NA,NA,NA,NA,NA,NA,NA,NA,NA,1.48470817146801,0.004674107
"314",314,"CNSC9","400_28","447_28",447,28,"T0","N","S","C","400_28",28,"SC_N",11.61133333,2238502.612,0.512,55.879,NA,NA,NA,NA,NA,NA,NA,NA,NA,NA,NA,NA,NA,NA,NA,NA,NA,NA,NA,NA,NA,1.06943967562423,0.0344776
"315",315,"CNSD10","400_28","447_28",447,28,"T0","N","S","D","400_28",28,"SD_N",11.04566667,2453601.714,0.545,101.447,NA,NA,NA,NA,NA,NA,NA,NA,NA,NA,NA,NA,NA,NA,NA,NA,NA,NA,NA,NA,NA,1.22692805588106,0.04152396
"316",316,"CNSE9","400_28","447_28",447,28,"T0","N","S","E","400_28",28,"SE_N",10.54866667,2177905.58,0.336,2.992,NA,NA,NA,NA,NA,NA,NA,NA,NA,NA,NA,NA,NA,NA,NA,NA,NA,NA,NA,NA,NA,0.698276259654213,0.021303245
"317",317,"CNSF22","400_28","447_28",447,28,"T0","N","S","F","400_28",28,"SF_N",10.542,2523809.524,0.743,65.54,NA,NA,NA,NA,NA,NA,NA,NA,NA,NA,NA,NA,NA,NA,NA,NA,NA,NA,NA,NA,NA,1.40330873837981,0.389528746
"318",318,"CNTA7","400_28","447_28",447,28,"T0","N","T","A","400_28",28,"TA_N",5.42975,1345918.32,0.422,135.644,NA,NA,NA,NA,NA,NA,NA,NA,NA,NA,NA,NA,NA,NA,NA,NA,NA,NA,NA,NA,NA,0.971409842994613,0.046459394
"319",319,"CNTB15","400_28","447_28",447,28,"T0","N","T","B","400_28",28,"TB_N",12.9025,1074644.449,0.3,126.534,NA,NA,NA,NA,NA,NA,NA,NA,NA,NA,NA,NA,NA,NA,NA,NA,NA,NA,NA,NA,NA,0.929527177807918,0.039296806
"320",320,"CNTC18","400_28","447_28",447,28,"T0","N","T","C","400_28",28,"TC_N",15.51916667,1117173.388,0.287,103.052,NA,NA,NA,NA,NA,NA,NA,NA,NA,NA,NA,NA,NA,NA,NA,NA,NA,NA,NA,NA,NA,0.795417949031753,0.036220449
"321",321,"CNTD9","400_28","447_28",447,28,"T0","N","T","D","400_28",28,"TD_N",6.285,853619.7295,0.571,101.142,NA,NA,NA,NA,NA,NA,NA,NA,NA,NA,NA,NA,NA,NA,NA,NA,NA,NA,NA,NA,NA,1.18419750039777,0.109854376
"322",322,"CNTE17","400_28","447_28",447,28,"T0","N","T","E","400_28",28,"TE_N",14.0745,2340544.957,0.478,112.01,NA,NA,NA,NA,NA,NA,NA,NA,NA,NA,NA,NA,NA,NA,NA,NA,NA,NA,NA,NA,NA,1.07301655973569,0.036534067
"323",323,"CNTF11","400_28","447_28",447,28,"T0","N","T","F","400_28",28,"TF_N",7.42675,3433354.653,0.382,13.223,NA,NA,NA,NA,NA,NA,NA,NA,NA,NA,NA,NA,NA,NA,NA,NA,NA,NA,NA,NA,NA,0.761010785336789,0.059521152
