"","...1","coral","tank","treat","pco2","temp","T0_T90","reef","species","col","fpco2","ftemp","colony","SA","treat2","param","value","mean","lowerci","upperci"
"1",1,"CFAA15","400_28",2,447,28,"T0","F","PAST","A","T0","T0","AA_F",12.00066667,"T0","carb",1.940276095,1.39998587339073,1.2047305702935,1.59109531982771
"2",2,"CFAB19","400_28",2,447,28,"T0","F","PAST","B","T0","T0","AB_F",11.39933333,"T0","carb",0.991084967,1.39998587339073,1.2047305702935,1.59109531982771
"3",3,"CFAC15","400_28",2,447,28,"T0","F","PAST","C","T0","T0","AC_F",10.686,"T0","carb",1.642438919,1.39998587339073,1.2047305702935,1.59109531982771
"4",4,"CFAD11","400_28",2,447,28,"T0","F","PAST","D","T0","T0","AD_F",10.54933333,"T0","carb",1.890483184,1.39998587339073,1.2047305702935,1.59109531982771
"5",5,"CFAD11","400_28",2,447,28,"T0","F","PAST","D","T0","T0","AD_F",10.54933333,"T0","carb",1.890483184,1.39998587339073,1.2047305702935,1.59109531982771
"6",6,"CFAE9","400_28",2,447,28,"T0","F","PAST","E","T0","T0","AE_F",14.14233333,"T0","carb",1.346412069,1.39998587339073,1.2047305702935,1.59109531982771
"7",7,"CFAE9","400_28",2,447,28,"T0","F","PAST","E","T0","T0","AE_F",14.14233333,"T0","carb",1.346412069,1.39998587339073,1.2047305702935,1.59109531982771
"8",8,"CFAF11","400_28",2,447,28,"T0","F","PAST","F","T0","T0","AF_F",6.160666667,"T0","carb",1.680024557,1.39998587339073,1.2047305702935,1.59109531982771
"9",9,"CFPB8","400_28",2,447,28,"T0","F","PSTR","B","T0","T0","PB_F",7.280333333,"T0","carb",0.793801603,0.84195836380508,0.581006433399987,1.09239441694223
"10",10,"CFPE13","400_28",2,447,28,"T0","F","PSTR","E","T0","T0","PE_F",8.785333333,"T0","carb",0.627460006,0.84195836380508,0.581006433399987,1.09239441694223
"11",11,"CFSA9","400_28",2,447,28,"T0","F","SSID","A","T0","T0","SA_F",8.170666667,"T0","carb",0.605160317,1.07611740701917,0.849313977069834,1.29738866054654
"12",12,"CFSB9","400_28",2,447,28,"T0","F","SSID","B","T0","T0","SB_F",11.544,"T0","carb",1.034981647,1.07611740701917,0.849313977069834,1.29738866054654
"13",13,"CFSC11","400_28",2,447,28,"T0","F","SSID","C","T0","T0","SC_F",9.465666667,"T0","carb",1.261600217,1.07611740701917,0.849313977069834,1.29738866054654
"14",14,"CFSD12","400_28",2,447,28,"T0","F","SSID","D","T0","T0","SD_F",9.394333333,"T0","carb",1.179693974,1.07611740701917,0.849313977069834,1.29738866054654
"15",15,"CFSE9","400_28",2,447,28,"T0","F","SSID","E","T0","T0","SE_F",9.466666667,"T0","carb",0.764934434,1.07611740701917,0.849313977069834,1.29738866054654
"16",16,"CNAA13","400_28",2,447,28,"T0","N","PAST","A","T0","T0","AA_N",7.16,"T0","carb",1.360746142,1.39998587339073,1.2047305702935,1.59109531982771
"17",17,"CNAB9","400_28",2,447,28,"T0","N","PAST","B","T0","T0","AB_N",9.5,"T0","carb",1.122135651,1.39998587339073,1.2047305702935,1.59109531982771
"18",18,"CNAC9","400_28",2,447,28,"T0","N","PAST","C","T0","T0","AC_N",9.716333333,"T0","carb",0.950007658,1.39998587339073,1.2047305702935,1.59109531982771
"19",19,"CNAD12","400_28",2,447,28,"T0","N","PAST","D","T0","T0","AD_N",10.35566667,"T0","carb",0.56932635,1.39998587339073,1.2047305702935,1.59109531982771
"20",20,"CNAE9","400_28",2,447,28,"T0","N","PAST","E","T0","T0","AE_N",9.664,"T0","carb",1.333993209,1.39998587339073,1.2047305702935,1.59109531982771
"21",21,"CNAF9","400_28",2,447,28,"T0","N","PAST","F","T0","T0","AF_N",10.11366667,"T0","carb",1.569155731,1.39998587339073,1.2047305702935,1.59109531982771
"22",22,"CNPA9","400_28",2,447,28,"T0","N","PSTR","A","T0","T0","PA_N",10.44766667,"T0","carb",0.293315858,0.84195836380508,0.581006433399987,1.09239441694223
"23",23,"CNPB9","400_28",2,447,28,"T0","N","PSTR","B","T0","T0","PB_N",11.17033333,"T0","carb",0.450948388,0.84195836380508,0.581006433399987,1.09239441694223
"24",24,"CNPC10","400_28",2,447,28,"T0","N","PSTR","C","T0","T0","PC_N",10.55266667,"T0","carb",1.120939875,0.84195836380508,0.581006433399987,1.09239441694223
"25",25,"CNPD9","400_28",2,447,28,"T0","N","PSTR","D","T0","T0","PD_N",7.814333333,"T0","carb",1.024084037,0.84195836380508,0.581006433399987,1.09239441694223
"26",26,"CNPE10","400_28",2,447,28,"T0","N","PSTR","E","T0","T0","PE_N",10.709,"T0","carb",1.103422649,0.84195836380508,0.581006433399987,1.09239441694223
"27",27,"CNPF15","400_28",2,447,28,"T0","N","PSTR","F","T0","T0","PF_N",9.076,"T0","carb",1.324968812,0.84195836380508,0.581006433399987,1.09239441694223
"28",28,"CNSB15","400_28",2,447,28,"T0","N","SSID","B","T0","T0","SB_N",10.22766667,"T0","carb",1.484708171,1.07611740701917,0.849313977069834,1.29738866054654
"29",29,"CNSC9","400_28",2,447,28,"T0","N","SSID","C","T0","T0","SC_N",11.61133333,"T0","carb",1.069439676,1.07611740701917,0.849313977069834,1.29738866054654
"30",30,"CNSD10","400_28",2,447,28,"T0","N","SSID","D","T0","T0","SD_N",11.04566667,"T0","carb",1.226928056,1.07611740701917,0.849313977069834,1.29738866054654
"31",31,"CNSE9","400_28",2,447,28,"T0","N","SSID","E","T0","T0","SE_N",10.54866667,"T0","carb",0.69827626,1.07611740701917,0.849313977069834,1.29738866054654
"32",32,"CNSF22","400_28",2,447,28,"T0","N","SSID","F","T0","T0","SF_N",10.542,"T0","carb",1.403308738,1.07611740701917,0.849313977069834,1.29738866054654
"33",1,"CFAA15","400_28",2,447,28,"T0","F","PAST","A","T0","T0","AA_F",12.00066667,"T0","carb",1.940276095,1.39998587339073,1.2047305702935,1.59109531982771
"34",2,"CFAB19","400_28",2,447,28,"T0","F","PAST","B","T0","T0","AB_F",11.39933333,"T0","carb",0.991084967,1.39998587339073,1.2047305702935,1.59109531982771
"35",3,"CFAC15","400_28",2,447,28,"T0","F","PAST","C","T0","T0","AC_F",10.686,"T0","carb",1.642438919,1.39998587339073,1.2047305702935,1.59109531982771
"36",4,"CFAD11","400_28",2,447,28,"T0","F","PAST","D","T0","T0","AD_F",10.54933333,"T0","carb",1.890483184,1.39998587339073,1.2047305702935,1.59109531982771
"37",5,"CFAD11","400_28",2,447,28,"T0","F","PAST","D","T0","T0","AD_F",10.54933333,"T0","carb",1.890483184,1.39998587339073,1.2047305702935,1.59109531982771
"38",6,"CFAE9","400_28",2,447,28,"T0","F","PAST","E","T0","T0","AE_F",14.14233333,"T0","carb",1.346412069,1.39998587339073,1.2047305702935,1.59109531982771
"39",7,"CFAE9","400_28",2,447,28,"T0","F","PAST","E","T0","T0","AE_F",14.14233333,"T0","carb",1.346412069,1.39998587339073,1.2047305702935,1.59109531982771
"40",8,"CFAF11","400_28",2,447,28,"T0","F","PAST","F","T0","T0","AF_F",6.160666667,"T0","carb",1.680024557,1.39998587339073,1.2047305702935,1.59109531982771
"41",9,"CFPB8","400_28",2,447,28,"T0","F","PSTR","B","T0","T0","PB_F",7.280333333,"T0","carb",0.793801603,0.84195836380508,0.581006433399987,1.09239441694223
"42",10,"CFPE13","400_28",2,447,28,"T0","F","PSTR","E","T0","T0","PE_F",8.785333333,"T0","carb",0.627460006,0.84195836380508,0.581006433399987,1.09239441694223
"43",11,"CFSA9","400_28",2,447,28,"T0","F","SSID","A","T0","T0","SA_F",8.170666667,"T0","carb",0.605160317,1.07611740701917,0.849313977069834,1.29738866054654
"44",12,"CFSB9","400_28",2,447,28,"T0","F","SSID","B","T0","T0","SB_F",11.544,"T0","carb",1.034981647,1.07611740701917,0.849313977069834,1.29738866054654
"45",13,"CFSC11","400_28",2,447,28,"T0","F","SSID","C","T0","T0","SC_F",9.465666667,"T0","carb",1.261600217,1.07611740701917,0.849313977069834,1.29738866054654
"46",14,"CFSD12","400_28",2,447,28,"T0","F","SSID","D","T0","T0","SD_F",9.394333333,"T0","carb",1.179693974,1.07611740701917,0.849313977069834,1.29738866054654
"47",15,"CFSE9","400_28",2,447,28,"T0","F","SSID","E","T0","T0","SE_F",9.466666667,"T0","carb",0.764934434,1.07611740701917,0.849313977069834,1.29738866054654
"48",16,"CNAA13","400_28",2,447,28,"T0","N","PAST","A","T0","T0","AA_N",7.16,"T0","carb",1.360746142,1.39998587339073,1.2047305702935,1.59109531982771
"49",17,"CNAB9","400_28",2,447,28,"T0","N","PAST","B","T0","T0","AB_N",9.5,"T0","carb",1.122135651,1.39998587339073,1.2047305702935,1.59109531982771
"50",18,"CNAC9","400_28",2,447,28,"T0","N","PAST","C","T0","T0","AC_N",9.716333333,"T0","carb",0.950007658,1.39998587339073,1.2047305702935,1.59109531982771
"51",19,"CNAD12","400_28",2,447,28,"T0","N","PAST","D","T0","T0","AD_N",10.35566667,"T0","carb",0.56932635,1.39998587339073,1.2047305702935,1.59109531982771
"52",20,"CNAE9","400_28",2,447,28,"T0","N","PAST","E","T0","T0","AE_N",9.664,"T0","carb",1.333993209,1.39998587339073,1.2047305702935,1.59109531982771
"53",21,"CNAF9","400_28",2,447,28,"T0","N","PAST","F","T0","T0","AF_N",10.11366667,"T0","carb",1.569155731,1.39998587339073,1.2047305702935,1.59109531982771
"54",22,"CNPA9","400_28",2,447,28,"T0","N","PSTR","A","T0","T0","PA_N",10.44766667,"T0","carb",0.293315858,0.84195836380508,0.581006433399987,1.09239441694223
"55",23,"CNPB9","400_28",2,447,28,"T0","N","PSTR","B","T0","T0","PB_N",11.17033333,"T0","carb",0.450948388,0.84195836380508,0.581006433399987,1.09239441694223
"56",24,"CNPC10","400_28",2,447,28,"T0","N","PSTR","C","T0","T0","PC_N",10.55266667,"T0","carb",1.120939875,0.84195836380508,0.581006433399987,1.09239441694223
"57",25,"CNPD9","400_28",2,447,28,"T0","N","PSTR","D","T0","T0","PD_N",7.814333333,"T0","carb",1.024084037,0.84195836380508,0.581006433399987,1.09239441694223
"58",26,"CNPE10","400_28",2,447,28,"T0","N","PSTR","E","T0","T0","PE_N",10.709,"T0","carb",1.103422649,0.84195836380508,0.581006433399987,1.09239441694223
"59",27,"CNPF15","400_28",2,447,28,"T0","N","PSTR","F","T0","T0","PF_N",9.076,"T0","carb",1.324968812,0.84195836380508,0.581006433399987,1.09239441694223
"60",28,"CNSB15","400_28",2,447,28,"T0","N","SSID","B","T0","T0","SB_N",10.22766667,"T0","carb",1.484708171,1.07611740701917,0.849313977069834,1.29738866054654
"61",29,"CNSC9","400_28",2,447,28,"T0","N","SSID","C","T0","T0","SC_N",11.61133333,"T0","carb",1.069439676,1.07611740701917,0.849313977069834,1.29738866054654
"62",30,"CNSD10","400_28",2,447,28,"T0","N","SSID","D","T0","T0","SD_N",11.04566667,"T0","carb",1.226928056,1.07611740701917,0.849313977069834,1.29738866054654
"63",31,"CNSE9","400_28",2,447,28,"T0","N","SSID","E","T0","T0","SE_N",10.54866667,"T0","carb",0.69827626,1.07611740701917,0.849313977069834,1.29738866054654
"64",32,"CNSF22","400_28",2,447,28,"T0","N","SSID","F","T0","T0","SF_N",10.542,"T0","carb",1.403308738,1.07611740701917,0.849313977069834,1.29738866054654
"65",1,"CFAA15","400_28",2,447,28,"T0","F","PAST","A","T0","T0","AA_F",12.00066667,"T0","carb",1.940276095,1.39998587339073,1.2047305702935,1.59109531982771
"66",2,"CFAB19","400_28",2,447,28,"T0","F","PAST","B","T0","T0","AB_F",11.39933333,"T0","carb",0.991084967,1.39998587339073,1.2047305702935,1.59109531982771
"67",3,"CFAC15","400_28",2,447,28,"T0","F","PAST","C","T0","T0","AC_F",10.686,"T0","carb",1.642438919,1.39998587339073,1.2047305702935,1.59109531982771
"68",4,"CFAD11","400_28",2,447,28,"T0","F","PAST","D","T0","T0","AD_F",10.54933333,"T0","carb",1.890483184,1.39998587339073,1.2047305702935,1.59109531982771
"69",5,"CFAD11","400_28",2,447,28,"T0","F","PAST","D","T0","T0","AD_F",10.54933333,"T0","carb",1.890483184,1.39998587339073,1.2047305702935,1.59109531982771
"70",6,"CFAE9","400_28",2,447,28,"T0","F","PAST","E","T0","T0","AE_F",14.14233333,"T0","carb",1.346412069,1.39998587339073,1.2047305702935,1.59109531982771
"71",7,"CFAE9","400_28",2,447,28,"T0","F","PAST","E","T0","T0","AE_F",14.14233333,"T0","carb",1.346412069,1.39998587339073,1.2047305702935,1.59109531982771
"72",8,"CFAF11","400_28",2,447,28,"T0","F","PAST","F","T0","T0","AF_F",6.160666667,"T0","carb",1.680024557,1.39998587339073,1.2047305702935,1.59109531982771
"73",9,"CFPB8","400_28",2,447,28,"T0","F","PSTR","B","T0","T0","PB_F",7.280333333,"T0","carb",0.793801603,0.84195836380508,0.581006433399987,1.09239441694223
"74",10,"CFPE13","400_28",2,447,28,"T0","F","PSTR","E","T0","T0","PE_F",8.785333333,"T0","carb",0.627460006,0.84195836380508,0.581006433399987,1.09239441694223
"75",11,"CFSA9","400_28",2,447,28,"T0","F","SSID","A","T0","T0","SA_F",8.170666667,"T0","carb",0.605160317,1.07611740701917,0.849313977069834,1.29738866054654
"76",12,"CFSB9","400_28",2,447,28,"T0","F","SSID","B","T0","T0","SB_F",11.544,"T0","carb",1.034981647,1.07611740701917,0.849313977069834,1.29738866054654
"77",13,"CFSC11","400_28",2,447,28,"T0","F","SSID","C","T0","T0","SC_F",9.465666667,"T0","carb",1.261600217,1.07611740701917,0.849313977069834,1.29738866054654
"78",14,"CFSD12","400_28",2,447,28,"T0","F","SSID","D","T0","T0","SD_F",9.394333333,"T0","carb",1.179693974,1.07611740701917,0.849313977069834,1.29738866054654
"79",15,"CFSE9","400_28",2,447,28,"T0","F","SSID","E","T0","T0","SE_F",9.466666667,"T0","carb",0.764934434,1.07611740701917,0.849313977069834,1.29738866054654
"80",16,"CNAA13","400_28",2,447,28,"T0","N","PAST","A","T0","T0","AA_N",7.16,"T0","carb",1.360746142,1.39998587339073,1.2047305702935,1.59109531982771
"81",17,"CNAB9","400_28",2,447,28,"T0","N","PAST","B","T0","T0","AB_N",9.5,"T0","carb",1.122135651,1.39998587339073,1.2047305702935,1.59109531982771
"82",18,"CNAC9","400_28",2,447,28,"T0","N","PAST","C","T0","T0","AC_N",9.716333333,"T0","carb",0.950007658,1.39998587339073,1.2047305702935,1.59109531982771
"83",19,"CNAD12","400_28",2,447,28,"T0","N","PAST","D","T0","T0","AD_N",10.35566667,"T0","carb",0.56932635,1.39998587339073,1.2047305702935,1.59109531982771
"84",20,"CNAE9","400_28",2,447,28,"T0","N","PAST","E","T0","T0","AE_N",9.664,"T0","carb",1.333993209,1.39998587339073,1.2047305702935,1.59109531982771
"85",21,"CNAF9","400_28",2,447,28,"T0","N","PAST","F","T0","T0","AF_N",10.11366667,"T0","carb",1.569155731,1.39998587339073,1.2047305702935,1.59109531982771
"86",22,"CNPA9","400_28",2,447,28,"T0","N","PSTR","A","T0","T0","PA_N",10.44766667,"T0","carb",0.293315858,0.84195836380508,0.581006433399987,1.09239441694223
"87",23,"CNPB9","400_28",2,447,28,"T0","N","PSTR","B","T0","T0","PB_N",11.17033333,"T0","carb",0.450948388,0.84195836380508,0.581006433399987,1.09239441694223
"88",24,"CNPC10","400_28",2,447,28,"T0","N","PSTR","C","T0","T0","PC_N",10.55266667,"T0","carb",1.120939875,0.84195836380508,0.581006433399987,1.09239441694223
"89",25,"CNPD9","400_28",2,447,28,"T0","N","PSTR","D","T0","T0","PD_N",7.814333333,"T0","carb",1.024084037,0.84195836380508,0.581006433399987,1.09239441694223
"90",26,"CNPE10","400_28",2,447,28,"T0","N","PSTR","E","T0","T0","PE_N",10.709,"T0","carb",1.103422649,0.84195836380508,0.581006433399987,1.09239441694223
"91",27,"CNPF15","400_28",2,447,28,"T0","N","PSTR","F","T0","T0","PF_N",9.076,"T0","carb",1.324968812,0.84195836380508,0.581006433399987,1.09239441694223
"92",28,"CNSB15","400_28",2,447,28,"T0","N","SSID","B","T0","T0","SB_N",10.22766667,"T0","carb",1.484708171,1.07611740701917,0.849313977069834,1.29738866054654
"93",29,"CNSC9","400_28",2,447,28,"T0","N","SSID","C","T0","T0","SC_N",11.61133333,"T0","carb",1.069439676,1.07611740701917,0.849313977069834,1.29738866054654
"94",30,"CNSD10","400_28",2,447,28,"T0","N","SSID","D","T0","T0","SD_N",11.04566667,"T0","carb",1.226928056,1.07611740701917,0.849313977069834,1.29738866054654
"95",31,"CNSE9","400_28",2,447,28,"T0","N","SSID","E","T0","T0","SE_N",10.54866667,"T0","carb",0.69827626,1.07611740701917,0.849313977069834,1.29738866054654
"96",32,"CNSF22","400_28",2,447,28,"T0","N","SSID","F","T0","T0","SF_N",10.542,"T0","carb",1.403308738,1.07611740701917,0.849313977069834,1.29738866054654
"97",1,"CFAA15","400_28",2,447,28,"T0","F","PAST","A","T0","T0","AA_F",12.00066667,"T0","chla",1.198,43.6096679015166,23.6316061419515,63.1635353929048
"98",2,"CFAB19","400_28",2,447,28,"T0","F","PAST","B","T0","T0","AB_F",11.39933333,"T0","chla",69.379,43.6096679015166,23.6316061419515,63.1635353929048
"99",3,"CFAC15","400_28",2,447,28,"T0","F","PAST","C","T0","T0","AC_F",10.686,"T0","chla",44.57,43.6096679015166,23.6316061419515,63.1635353929048
"100",4,"CFAD11","400_28",2,447,28,"T0","F","PAST","D","T0","T0","AD_F",10.54933333,"T0","chla",99.405,43.6096679015166,23.6316061419515,63.1635353929048
"101",5,"CFAD11","400_28",2,447,28,"T0","F","PAST","D","T0","T0","AD_F",10.54933333,"T0","chla",99.405,43.6096679015166,23.6316061419515,63.1635353929048
"102",6,"CFAE9","400_28",2,447,28,"T0","F","PAST","E","T0","T0","AE_F",14.14233333,"T0","chla",34.099,43.6096679015166,23.6316061419515,63.1635353929048
"103",7,"CFAE9","400_28",2,447,28,"T0","F","PAST","E","T0","T0","AE_F",14.14233333,"T0","chla",34.099,43.6096679015166,23.6316061419515,63.1635353929048
"104",8,"CFAF11","400_28",2,447,28,"T0","F","PAST","F","T0","T0","AF_F",6.160666667,"T0","chla",19.384,43.6096679015166,23.6316061419515,63.1635353929048
"105",9,"CFPB8","400_28",2,447,28,"T0","F","PSTR","B","T0","T0","PB_F",7.280333333,"T0","chla",68.647,52.170247444446,25.4702618398834,77.7942733071605
"106",10,"CFPE13","400_28",2,447,28,"T0","F","PSTR","E","T0","T0","PE_F",8.785333333,"T0","chla",6.886,52.170247444446,25.4702618398834,77.7942733071605
"107",11,"CFSA9","400_28",2,447,28,"T0","F","SSID","A","T0","T0","SA_F",8.170666667,"T0","chla",21.623,45.3603752940354,22.1543836567557,68.0003276971972
"108",12,"CFSB9","400_28",2,447,28,"T0","F","SSID","B","T0","T0","SB_F",11.544,"T0","chla",51.496,45.3603752940354,22.1543836567557,68.0003276971972
"109",13,"CFSC11","400_28",2,447,28,"T0","F","SSID","C","T0","T0","SC_F",9.465666667,"T0","chla",11.301,45.3603752940354,22.1543836567557,68.0003276971972
"110",14,"CFSD12","400_28",2,447,28,"T0","F","SSID","D","T0","T0","SD_F",9.394333333,"T0","chla",46.666,45.3603752940354,22.1543836567557,68.0003276971972
"111",15,"CFSE9","400_28",2,447,28,"T0","F","SSID","E","T0","T0","SE_F",9.466666667,"T0","chla",26.674,45.3603752940354,22.1543836567557,68.0003276971972
"112",16,"CNAA13","400_28",2,447,28,"T0","N","PAST","A","T0","T0","AA_N",7.16,"T0","chla",15.124,43.6096679015166,23.6316061419515,63.1635353929048
"113",17,"CNAB9","400_28",2,447,28,"T0","N","PAST","B","T0","T0","AB_N",9.5,"T0","chla",55.377,43.6096679015166,23.6316061419515,63.1635353929048
"114",18,"CNAC9","400_28",2,447,28,"T0","N","PAST","C","T0","T0","AC_N",9.716333333,"T0","chla",79.411,43.6096679015166,23.6316061419515,63.1635353929048
"115",19,"CNAD12","400_28",2,447,28,"T0","N","PAST","D","T0","T0","AD_N",10.35566667,"T0","chla",3.454,43.6096679015166,23.6316061419515,63.1635353929048
"116",20,"CNAE9","400_28",2,447,28,"T0","N","PAST","E","T0","T0","AE_N",9.664,"T0","chla",17.238,43.6096679015166,23.6316061419515,63.1635353929048
"117",21,"CNAF9","400_28",2,447,28,"T0","N","PAST","F","T0","T0","AF_N",10.11366667,"T0","chla",41.787,43.6096679015166,23.6316061419515,63.1635353929048
"118",22,"CNPA9","400_28",2,447,28,"T0","N","PSTR","A","T0","T0","PA_N",10.44766667,"T0","chla",9.148,52.170247444446,25.4702618398834,77.7942733071605
"119",23,"CNPB9","400_28",2,447,28,"T0","N","PSTR","B","T0","T0","PB_N",11.17033333,"T0","chla",5.652,52.170247444446,25.4702618398834,77.7942733071605
"120",24,"CNPC10","400_28",2,447,28,"T0","N","PSTR","C","T0","T0","PC_N",10.55266667,"T0","chla",9.14,52.170247444446,25.4702618398834,77.7942733071605
"121",25,"CNPD9","400_28",2,447,28,"T0","N","PSTR","D","T0","T0","PD_N",7.814333333,"T0","chla",81.236,52.170247444446,25.4702618398834,77.7942733071605
"122",26,"CNPE10","400_28",2,447,28,"T0","N","PSTR","E","T0","T0","PE_N",10.709,"T0","chla",119.128,52.170247444446,25.4702618398834,77.7942733071605
"123",27,"CNPF15","400_28",2,447,28,"T0","N","PSTR","F","T0","T0","PF_N",9.076,"T0","chla",117.86,52.170247444446,25.4702618398834,77.7942733071605
"124",28,"CNSB15","400_28",2,447,28,"T0","N","SSID","B","T0","T0","SB_N",10.22766667,"T0","chla",66.697,45.3603752940354,22.1543836567557,68.0003276971972
"125",29,"CNSC9","400_28",2,447,28,"T0","N","SSID","C","T0","T0","SC_N",11.61133333,"T0","chla",55.879,45.3603752940354,22.1543836567557,68.0003276971972
"126",30,"CNSD10","400_28",2,447,28,"T0","N","SSID","D","T0","T0","SD_N",11.04566667,"T0","chla",101.447,45.3603752940354,22.1543836567557,68.0003276971972
"127",31,"CNSE9","400_28",2,447,28,"T0","N","SSID","E","T0","T0","SE_N",10.54866667,"T0","chla",2.992,45.3603752940354,22.1543836567557,68.0003276971972
"128",32,"CNSF22","400_28",2,447,28,"T0","N","SSID","F","T0","T0","SF_N",10.542,"T0","chla",65.54,45.3603752940354,22.1543836567557,68.0003276971972
"129",1,"CFAA15","400_28",2,447,28,"T0","F","PAST","A","T0","T0","AA_F",12.00066667,"T0","chla",1.198,43.6096679015166,23.6316061419515,63.1635353929048
"130",2,"CFAB19","400_28",2,447,28,"T0","F","PAST","B","T0","T0","AB_F",11.39933333,"T0","chla",69.379,43.6096679015166,23.6316061419515,63.1635353929048
"131",3,"CFAC15","400_28",2,447,28,"T0","F","PAST","C","T0","T0","AC_F",10.686,"T0","chla",44.57,43.6096679015166,23.6316061419515,63.1635353929048
"132",4,"CFAD11","400_28",2,447,28,"T0","F","PAST","D","T0","T0","AD_F",10.54933333,"T0","chla",99.405,43.6096679015166,23.6316061419515,63.1635353929048
"133",5,"CFAD11","400_28",2,447,28,"T0","F","PAST","D","T0","T0","AD_F",10.54933333,"T0","chla",99.405,43.6096679015166,23.6316061419515,63.1635353929048
"134",6,"CFAE9","400_28",2,447,28,"T0","F","PAST","E","T0","T0","AE_F",14.14233333,"T0","chla",34.099,43.6096679015166,23.6316061419515,63.1635353929048
"135",7,"CFAE9","400_28",2,447,28,"T0","F","PAST","E","T0","T0","AE_F",14.14233333,"T0","chla",34.099,43.6096679015166,23.6316061419515,63.1635353929048
"136",8,"CFAF11","400_28",2,447,28,"T0","F","PAST","F","T0","T0","AF_F",6.160666667,"T0","chla",19.384,43.6096679015166,23.6316061419515,63.1635353929048
"137",9,"CFPB8","400_28",2,447,28,"T0","F","PSTR","B","T0","T0","PB_F",7.280333333,"T0","chla",68.647,52.170247444446,25.4702618398834,77.7942733071605
"138",10,"CFPE13","400_28",2,447,28,"T0","F","PSTR","E","T0","T0","PE_F",8.785333333,"T0","chla",6.886,52.170247444446,25.4702618398834,77.7942733071605
"139",11,"CFSA9","400_28",2,447,28,"T0","F","SSID","A","T0","T0","SA_F",8.170666667,"T0","chla",21.623,45.3603752940354,22.1543836567557,68.0003276971972
"140",12,"CFSB9","400_28",2,447,28,"T0","F","SSID","B","T0","T0","SB_F",11.544,"T0","chla",51.496,45.3603752940354,22.1543836567557,68.0003276971972
"141",13,"CFSC11","400_28",2,447,28,"T0","F","SSID","C","T0","T0","SC_F",9.465666667,"T0","chla",11.301,45.3603752940354,22.1543836567557,68.0003276971972
"142",14,"CFSD12","400_28",2,447,28,"T0","F","SSID","D","T0","T0","SD_F",9.394333333,"T0","chla",46.666,45.3603752940354,22.1543836567557,68.0003276971972
"143",15,"CFSE9","400_28",2,447,28,"T0","F","SSID","E","T0","T0","SE_F",9.466666667,"T0","chla",26.674,45.3603752940354,22.1543836567557,68.0003276971972
"144",16,"CNAA13","400_28",2,447,28,"T0","N","PAST","A","T0","T0","AA_N",7.16,"T0","chla",15.124,43.6096679015166,23.6316061419515,63.1635353929048
"145",17,"CNAB9","400_28",2,447,28,"T0","N","PAST","B","T0","T0","AB_N",9.5,"T0","chla",55.377,43.6096679015166,23.6316061419515,63.1635353929048
"146",18,"CNAC9","400_28",2,447,28,"T0","N","PAST","C","T0","T0","AC_N",9.716333333,"T0","chla",79.411,43.6096679015166,23.6316061419515,63.1635353929048
"147",19,"CNAD12","400_28",2,447,28,"T0","N","PAST","D","T0","T0","AD_N",10.35566667,"T0","chla",3.454,43.6096679015166,23.6316061419515,63.1635353929048
"148",20,"CNAE9","400_28",2,447,28,"T0","N","PAST","E","T0","T0","AE_N",9.664,"T0","chla",17.238,43.6096679015166,23.6316061419515,63.1635353929048
"149",21,"CNAF9","400_28",2,447,28,"T0","N","PAST","F","T0","T0","AF_N",10.11366667,"T0","chla",41.787,43.6096679015166,23.6316061419515,63.1635353929048
"150",22,"CNPA9","400_28",2,447,28,"T0","N","PSTR","A","T0","T0","PA_N",10.44766667,"T0","chla",9.148,52.170247444446,25.4702618398834,77.7942733071605
"151",23,"CNPB9","400_28",2,447,28,"T0","N","PSTR","B","T0","T0","PB_N",11.17033333,"T0","chla",5.652,52.170247444446,25.4702618398834,77.7942733071605
"152",24,"CNPC10","400_28",2,447,28,"T0","N","PSTR","C","T0","T0","PC_N",10.55266667,"T0","chla",9.14,52.170247444446,25.4702618398834,77.7942733071605
"153",25,"CNPD9","400_28",2,447,28,"T0","N","PSTR","D","T0","T0","PD_N",7.814333333,"T0","chla",81.236,52.170247444446,25.4702618398834,77.7942733071605
"154",26,"CNPE10","400_28",2,447,28,"T0","N","PSTR","E","T0","T0","PE_N",10.709,"T0","chla",119.128,52.170247444446,25.4702618398834,77.7942733071605
"155",27,"CNPF15","400_28",2,447,28,"T0","N","PSTR","F","T0","T0","PF_N",9.076,"T0","chla",117.86,52.170247444446,25.4702618398834,77.7942733071605
"156",28,"CNSB15","400_28",2,447,28,"T0","N","SSID","B","T0","T0","SB_N",10.22766667,"T0","chla",66.697,45.3603752940354,22.1543836567557,68.0003276971972
"157",29,"CNSC9","400_28",2,447,28,"T0","N","SSID","C","T0","T0","SC_N",11.61133333,"T0","chla",55.879,45.3603752940354,22.1543836567557,68.0003276971972
"158",30,"CNSD10","400_28",2,447,28,"T0","N","SSID","D","T0","T0","SD_N",11.04566667,"T0","chla",101.447,45.3603752940354,22.1543836567557,68.0003276971972
"159",31,"CNSE9","400_28",2,447,28,"T0","N","SSID","E","T0","T0","SE_N",10.54866667,"T0","chla",2.992,45.3603752940354,22.1543836567557,68.0003276971972
"160",32,"CNSF22","400_28",2,447,28,"T0","N","SSID","F","T0","T0","SF_N",10.542,"T0","chla",65.54,45.3603752940354,22.1543836567557,68.0003276971972
"161",1,"CFAA15","400_28",2,447,28,"T0","F","PAST","A","T0","T0","AA_F",12.00066667,"T0","chla",1.198,43.6096679015166,23.6316061419515,63.1635353929048
"162",2,"CFAB19","400_28",2,447,28,"T0","F","PAST","B","T0","T0","AB_F",11.39933333,"T0","chla",69.379,43.6096679015166,23.6316061419515,63.1635353929048
"163",3,"CFAC15","400_28",2,447,28,"T0","F","PAST","C","T0","T0","AC_F",10.686,"T0","chla",44.57,43.6096679015166,23.6316061419515,63.1635353929048
"164",4,"CFAD11","400_28",2,447,28,"T0","F","PAST","D","T0","T0","AD_F",10.54933333,"T0","chla",99.405,43.6096679015166,23.6316061419515,63.1635353929048
"165",5,"CFAD11","400_28",2,447,28,"T0","F","PAST","D","T0","T0","AD_F",10.54933333,"T0","chla",99.405,43.6096679015166,23.6316061419515,63.1635353929048
"166",6,"CFAE9","400_28",2,447,28,"T0","F","PAST","E","T0","T0","AE_F",14.14233333,"T0","chla",34.099,43.6096679015166,23.6316061419515,63.1635353929048
"167",7,"CFAE9","400_28",2,447,28,"T0","F","PAST","E","T0","T0","AE_F",14.14233333,"T0","chla",34.099,43.6096679015166,23.6316061419515,63.1635353929048
"168",8,"CFAF11","400_28",2,447,28,"T0","F","PAST","F","T0","T0","AF_F",6.160666667,"T0","chla",19.384,43.6096679015166,23.6316061419515,63.1635353929048
"169",9,"CFPB8","400_28",2,447,28,"T0","F","PSTR","B","T0","T0","PB_F",7.280333333,"T0","chla",68.647,52.170247444446,25.4702618398834,77.7942733071605
"170",10,"CFPE13","400_28",2,447,28,"T0","F","PSTR","E","T0","T0","PE_F",8.785333333,"T0","chla",6.886,52.170247444446,25.4702618398834,77.7942733071605
"171",11,"CFSA9","400_28",2,447,28,"T0","F","SSID","A","T0","T0","SA_F",8.170666667,"T0","chla",21.623,45.3603752940354,22.1543836567557,68.0003276971972
"172",12,"CFSB9","400_28",2,447,28,"T0","F","SSID","B","T0","T0","SB_F",11.544,"T0","chla",51.496,45.3603752940354,22.1543836567557,68.0003276971972
"173",13,"CFSC11","400_28",2,447,28,"T0","F","SSID","C","T0","T0","SC_F",9.465666667,"T0","chla",11.301,45.3603752940354,22.1543836567557,68.0003276971972
"174",14,"CFSD12","400_28",2,447,28,"T0","F","SSID","D","T0","T0","SD_F",9.394333333,"T0","chla",46.666,45.3603752940354,22.1543836567557,68.0003276971972
"175",15,"CFSE9","400_28",2,447,28,"T0","F","SSID","E","T0","T0","SE_F",9.466666667,"T0","chla",26.674,45.3603752940354,22.1543836567557,68.0003276971972
"176",16,"CNAA13","400_28",2,447,28,"T0","N","PAST","A","T0","T0","AA_N",7.16,"T0","chla",15.124,43.6096679015166,23.6316061419515,63.1635353929048
"177",17,"CNAB9","400_28",2,447,28,"T0","N","PAST","B","T0","T0","AB_N",9.5,"T0","chla",55.377,43.6096679015166,23.6316061419515,63.1635353929048
"178",18,"CNAC9","400_28",2,447,28,"T0","N","PAST","C","T0","T0","AC_N",9.716333333,"T0","chla",79.411,43.6096679015166,23.6316061419515,63.1635353929048
"179",19,"CNAD12","400_28",2,447,28,"T0","N","PAST","D","T0","T0","AD_N",10.35566667,"T0","chla",3.454,43.6096679015166,23.6316061419515,63.1635353929048
"180",20,"CNAE9","400_28",2,447,28,"T0","N","PAST","E","T0","T0","AE_N",9.664,"T0","chla",17.238,43.6096679015166,23.6316061419515,63.1635353929048
"181",21,"CNAF9","400_28",2,447,28,"T0","N","PAST","F","T0","T0","AF_N",10.11366667,"T0","chla",41.787,43.6096679015166,23.6316061419515,63.1635353929048
"182",22,"CNPA9","400_28",2,447,28,"T0","N","PSTR","A","T0","T0","PA_N",10.44766667,"T0","chla",9.148,52.170247444446,25.4702618398834,77.7942733071605
"183",23,"CNPB9","400_28",2,447,28,"T0","N","PSTR","B","T0","T0","PB_N",11.17033333,"T0","chla",5.652,52.170247444446,25.4702618398834,77.7942733071605
"184",24,"CNPC10","400_28",2,447,28,"T0","N","PSTR","C","T0","T0","PC_N",10.55266667,"T0","chla",9.14,52.170247444446,25.4702618398834,77.7942733071605
"185",25,"CNPD9","400_28",2,447,28,"T0","N","PSTR","D","T0","T0","PD_N",7.814333333,"T0","chla",81.236,52.170247444446,25.4702618398834,77.7942733071605
"186",26,"CNPE10","400_28",2,447,28,"T0","N","PSTR","E","T0","T0","PE_N",10.709,"T0","chla",119.128,52.170247444446,25.4702618398834,77.7942733071605
"187",27,"CNPF15","400_28",2,447,28,"T0","N","PSTR","F","T0","T0","PF_N",9.076,"T0","chla",117.86,52.170247444446,25.4702618398834,77.7942733071605
"188",28,"CNSB15","400_28",2,447,28,"T0","N","SSID","B","T0","T0","SB_N",10.22766667,"T0","chla",66.697,45.3603752940354,22.1543836567557,68.0003276971972
"189",29,"CNSC9","400_28",2,447,28,"T0","N","SSID","C","T0","T0","SC_N",11.61133333,"T0","chla",55.879,45.3603752940354,22.1543836567557,68.0003276971972
"190",30,"CNSD10","400_28",2,447,28,"T0","N","SSID","D","T0","T0","SD_N",11.04566667,"T0","chla",101.447,45.3603752940354,22.1543836567557,68.0003276971972
"191",31,"CNSE9","400_28",2,447,28,"T0","N","SSID","E","T0","T0","SE_N",10.54866667,"T0","chla",2.992,45.3603752940354,22.1543836567557,68.0003276971972
"192",32,"CNSF22","400_28",2,447,28,"T0","N","SSID","F","T0","T0","SF_N",10.542,"T0","chla",65.54,45.3603752940354,22.1543836567557,68.0003276971972
"193",1,"CFAA15","400_28",2,447,28,"T0","F","PAST","A","T0","T0","AA_F",12.00066667,"T0","den",1.487617355,1.63721721072773,1.26284618685358,2.00363921309968
"194",2,"CFAB19","400_28",2,447,28,"T0","F","PAST","B","T0","T0","AB_F",11.39933333,"T0","den",2.148283525,1.63721721072773,1.26284618685358,2.00363921309968
"195",3,"CFAC15","400_28",2,447,28,"T0","F","PAST","C","T0","T0","AC_F",10.686,"T0","den",2.708590679,1.63721721072773,1.26284618685358,2.00363921309968
"196",4,"CFAD11","400_28",2,447,28,"T0","F","PAST","D","T0","T0","AD_F",10.54933333,"T0","den",2.022497472,1.63721721072773,1.26284618685358,2.00363921309968
"197",5,"CFAD11","400_28",2,447,28,"T0","F","PAST","D","T0","T0","AD_F",10.54933333,"T0","den",2.022497472,1.63721721072773,1.26284618685358,2.00363921309968
"198",6,"CFAE9","400_28",2,447,28,"T0","F","PAST","E","T0","T0","AE_F",14.14233333,"T0","den",0.5513941594,1.63721721072773,1.26284618685358,2.00363921309968
"199",7,"CFAE9","400_28",2,447,28,"T0","F","PAST","E","T0","T0","AE_F",14.14233333,"T0","den",0.5513941594,1.63721721072773,1.26284618685358,2.00363921309968
"200",8,"CFAF11","400_28",2,447,28,"T0","F","PAST","F","T0","T0","AF_F",6.160666667,"T0","den",1.702846012,1.63721721072773,1.26284618685358,2.00363921309968
"201",9,"CFPB8","400_28",2,447,28,"T0","F","PSTR","B","T0","T0","PB_F",7.280333333,"T0","den",1.31532439,1.87458876293302,1.37425489328626,2.35476010855463
"202",10,"CFPE13","400_28",2,447,28,"T0","F","PSTR","E","T0","T0","PE_F",8.785333333,"T0","den",1.193261496,1.87458876293302,1.37425489328626,2.35476010855463
"203",11,"CFSA9","400_28",2,447,28,"T0","F","SSID","A","T0","T0","SA_F",8.170666667,"T0","den",1.3125,2.04371325430909,1.6088537091831,2.46796573003164
"204",12,"CFSB9","400_28",2,447,28,"T0","F","SSID","B","T0","T0","SB_F",11.544,"T0","den",1.426130457,2.04371325430909,1.6088537091831,2.46796573003164
"205",13,"CFSC11","400_28",2,447,28,"T0","F","SSID","C","T0","T0","SC_F",9.465666667,"T0","den",2.419762651,2.04371325430909,1.6088537091831,2.46796573003164
"206",14,"CFSD12","400_28",2,447,28,"T0","F","SSID","D","T0","T0","SD_F",9.394333333,"T0","den",2.264769542,2.04371325430909,1.6088537091831,2.46796573003164
"207",15,"CFSE9","400_28",2,447,28,"T0","F","SSID","E","T0","T0","SE_F",9.466666667,"T0","den",1.325070423,2.04371325430909,1.6088537091831,2.46796573003164
"208",16,"CNAA13","400_28",2,447,28,"T0","N","PAST","A","T0","T0","AA_N",7.16,"T0","den",1.942981844,1.63721721072773,1.26284618685358,2.00363921309968
"209",17,"CNAB9","400_28",2,447,28,"T0","N","PAST","B","T0","T0","AB_N",9.5,"T0","den",1.485473684,1.63721721072773,1.26284618685358,2.00363921309968
"210",18,"CNAC9","400_28",2,447,28,"T0","N","PAST","C","T0","T0","AC_N",9.716333333,"T0","den",1.35874301,1.63721721072773,1.26284618685358,2.00363921309968
"211",19,"CNAD12","400_28",2,447,28,"T0","N","PAST","D","T0","T0","AD_N",10.35566667,"T0","den",0.8562139891,1.63721721072773,1.26284618685358,2.00363921309968
"212",20,"CNAE9","400_28",2,447,28,"T0","N","PAST","E","T0","T0","AE_N",9.664,"T0","den",1.705660182,1.63721721072773,1.26284618685358,2.00363921309968
"213",21,"CNAF9","400_28",2,447,28,"T0","N","PAST","F","T0","T0","AF_N",10.11366667,"T0","den",2.440460103,1.63721721072773,1.26284618685358,2.00363921309968
"214",22,"CNPA9","400_28",2,447,28,"T0","N","PSTR","A","T0","T0","PA_N",10.44766667,"T0","den",0.1648214912,1.87458876293302,1.37425489328626,2.35476010855463
"215",23,"CNPB9","400_28",2,447,28,"T0","N","PSTR","B","T0","T0","PB_N",11.17033333,"T0","den",2.453373519,1.87458876293302,1.37425489328626,2.35476010855463
"216",24,"CNPC10","400_28",2,447,28,"T0","N","PSTR","C","T0","T0","PC_N",10.55266667,"T0","den",3.215869606,1.87458876293302,1.37425489328626,2.35476010855463
"217",25,"CNPD9","400_28",2,447,28,"T0","N","PSTR","D","T0","T0","PD_N",7.814333333,"T0","den",2.357718722,1.87458876293302,1.37425489328626,2.35476010855463
"218",26,"CNPE10","400_28",2,447,28,"T0","N","PSTR","E","T0","T0","PE_N",10.709,"T0","den",1.908612693,1.87458876293302,1.37425489328626,2.35476010855463
"219",27,"CNPF15","400_28",2,447,28,"T0","N","PSTR","F","T0","T0","PF_N",9.076,"T0","den",2.39400617,1.87458876293302,1.37425489328626,2.35476010855463
"220",28,"CNSB15","400_28",2,447,28,"T0","N","SSID","B","T0","T0","SB_N",10.22766667,"T0","den",2.233451749,2.04371325430909,1.6088537091831,2.46796573003164
"221",29,"CNSC9","400_28",2,447,28,"T0","N","SSID","C","T0","T0","SC_N",11.61133333,"T0","den",2.238502612,2.04371325430909,1.6088537091831,2.46796573003164
"222",30,"CNSD10","400_28",2,447,28,"T0","N","SSID","D","T0","T0","SD_N",11.04566667,"T0","den",2.453601714,2.04371325430909,1.6088537091831,2.46796573003164
"223",31,"CNSE9","400_28",2,447,28,"T0","N","SSID","E","T0","T0","SE_N",10.54866667,"T0","den",2.17790558,2.04371325430909,1.6088537091831,2.46796573003164
"224",32,"CNSF22","400_28",2,447,28,"T0","N","SSID","F","T0","T0","SF_N",10.542,"T0","den",2.523809524,2.04371325430909,1.6088537091831,2.46796573003164
"225",1,"CFAA15","400_28",2,447,28,"T0","F","PAST","A","T0","T0","AA_F",12.00066667,"T0","den",1.487617355,1.63721721072773,1.26284618685358,2.00363921309968
"226",2,"CFAB19","400_28",2,447,28,"T0","F","PAST","B","T0","T0","AB_F",11.39933333,"T0","den",2.148283525,1.63721721072773,1.26284618685358,2.00363921309968
"227",3,"CFAC15","400_28",2,447,28,"T0","F","PAST","C","T0","T0","AC_F",10.686,"T0","den",2.708590679,1.63721721072773,1.26284618685358,2.00363921309968
"228",4,"CFAD11","400_28",2,447,28,"T0","F","PAST","D","T0","T0","AD_F",10.54933333,"T0","den",2.022497472,1.63721721072773,1.26284618685358,2.00363921309968
"229",5,"CFAD11","400_28",2,447,28,"T0","F","PAST","D","T0","T0","AD_F",10.54933333,"T0","den",2.022497472,1.63721721072773,1.26284618685358,2.00363921309968
"230",6,"CFAE9","400_28",2,447,28,"T0","F","PAST","E","T0","T0","AE_F",14.14233333,"T0","den",0.5513941594,1.63721721072773,1.26284618685358,2.00363921309968
"231",7,"CFAE9","400_28",2,447,28,"T0","F","PAST","E","T0","T0","AE_F",14.14233333,"T0","den",0.5513941594,1.63721721072773,1.26284618685358,2.00363921309968
"232",8,"CFAF11","400_28",2,447,28,"T0","F","PAST","F","T0","T0","AF_F",6.160666667,"T0","den",1.702846012,1.63721721072773,1.26284618685358,2.00363921309968
"233",9,"CFPB8","400_28",2,447,28,"T0","F","PSTR","B","T0","T0","PB_F",7.280333333,"T0","den",1.31532439,1.87458876293302,1.37425489328626,2.35476010855463
"234",10,"CFPE13","400_28",2,447,28,"T0","F","PSTR","E","T0","T0","PE_F",8.785333333,"T0","den",1.193261496,1.87458876293302,1.37425489328626,2.35476010855463
"235",11,"CFSA9","400_28",2,447,28,"T0","F","SSID","A","T0","T0","SA_F",8.170666667,"T0","den",1.3125,2.04371325430909,1.6088537091831,2.46796573003164
"236",12,"CFSB9","400_28",2,447,28,"T0","F","SSID","B","T0","T0","SB_F",11.544,"T0","den",1.426130457,2.04371325430909,1.6088537091831,2.46796573003164
"237",13,"CFSC11","400_28",2,447,28,"T0","F","SSID","C","T0","T0","SC_F",9.465666667,"T0","den",2.419762651,2.04371325430909,1.6088537091831,2.46796573003164
"238",14,"CFSD12","400_28",2,447,28,"T0","F","SSID","D","T0","T0","SD_F",9.394333333,"T0","den",2.264769542,2.04371325430909,1.6088537091831,2.46796573003164
"239",15,"CFSE9","400_28",2,447,28,"T0","F","SSID","E","T0","T0","SE_F",9.466666667,"T0","den",1.325070423,2.04371325430909,1.6088537091831,2.46796573003164
"240",16,"CNAA13","400_28",2,447,28,"T0","N","PAST","A","T0","T0","AA_N",7.16,"T0","den",1.942981844,1.63721721072773,1.26284618685358,2.00363921309968
"241",17,"CNAB9","400_28",2,447,28,"T0","N","PAST","B","T0","T0","AB_N",9.5,"T0","den",1.485473684,1.63721721072773,1.26284618685358,2.00363921309968
"242",18,"CNAC9","400_28",2,447,28,"T0","N","PAST","C","T0","T0","AC_N",9.716333333,"T0","den",1.35874301,1.63721721072773,1.26284618685358,2.00363921309968
"243",19,"CNAD12","400_28",2,447,28,"T0","N","PAST","D","T0","T0","AD_N",10.35566667,"T0","den",0.8562139891,1.63721721072773,1.26284618685358,2.00363921309968
"244",20,"CNAE9","400_28",2,447,28,"T0","N","PAST","E","T0","T0","AE_N",9.664,"T0","den",1.705660182,1.63721721072773,1.26284618685358,2.00363921309968
"245",21,"CNAF9","400_28",2,447,28,"T0","N","PAST","F","T0","T0","AF_N",10.11366667,"T0","den",2.440460103,1.63721721072773,1.26284618685358,2.00363921309968
"246",22,"CNPA9","400_28",2,447,28,"T0","N","PSTR","A","T0","T0","PA_N",10.44766667,"T0","den",0.1648214912,1.87458876293302,1.37425489328626,2.35476010855463
"247",23,"CNPB9","400_28",2,447,28,"T0","N","PSTR","B","T0","T0","PB_N",11.17033333,"T0","den",2.453373519,1.87458876293302,1.37425489328626,2.35476010855463
"248",24,"CNPC10","400_28",2,447,28,"T0","N","PSTR","C","T0","T0","PC_N",10.55266667,"T0","den",3.215869606,1.87458876293302,1.37425489328626,2.35476010855463
"249",25,"CNPD9","400_28",2,447,28,"T0","N","PSTR","D","T0","T0","PD_N",7.814333333,"T0","den",2.357718722,1.87458876293302,1.37425489328626,2.35476010855463
"250",26,"CNPE10","400_28",2,447,28,"T0","N","PSTR","E","T0","T0","PE_N",10.709,"T0","den",1.908612693,1.87458876293302,1.37425489328626,2.35476010855463
"251",27,"CNPF15","400_28",2,447,28,"T0","N","PSTR","F","T0","T0","PF_N",9.076,"T0","den",2.39400617,1.87458876293302,1.37425489328626,2.35476010855463
"252",28,"CNSB15","400_28",2,447,28,"T0","N","SSID","B","T0","T0","SB_N",10.22766667,"T0","den",2.233451749,2.04371325430909,1.6088537091831,2.46796573003164
"253",29,"CNSC9","400_28",2,447,28,"T0","N","SSID","C","T0","T0","SC_N",11.61133333,"T0","den",2.238502612,2.04371325430909,1.6088537091831,2.46796573003164
"254",30,"CNSD10","400_28",2,447,28,"T0","N","SSID","D","T0","T0","SD_N",11.04566667,"T0","den",2.453601714,2.04371325430909,1.6088537091831,2.46796573003164
"255",31,"CNSE9","400_28",2,447,28,"T0","N","SSID","E","T0","T0","SE_N",10.54866667,"T0","den",2.17790558,2.04371325430909,1.6088537091831,2.46796573003164
"256",32,"CNSF22","400_28",2,447,28,"T0","N","SSID","F","T0","T0","SF_N",10.542,"T0","den",2.523809524,2.04371325430909,1.6088537091831,2.46796573003164
"257",1,"CFAA15","400_28",2,447,28,"T0","F","PAST","A","T0","T0","AA_F",12.00066667,"T0","den",1.487617355,1.63721721072773,1.26284618685358,2.00363921309968
"258",2,"CFAB19","400_28",2,447,28,"T0","F","PAST","B","T0","T0","AB_F",11.39933333,"T0","den",2.148283525,1.63721721072773,1.26284618685358,2.00363921309968
"259",3,"CFAC15","400_28",2,447,28,"T0","F","PAST","C","T0","T0","AC_F",10.686,"T0","den",2.708590679,1.63721721072773,1.26284618685358,2.00363921309968
"260",4,"CFAD11","400_28",2,447,28,"T0","F","PAST","D","T0","T0","AD_F",10.54933333,"T0","den",2.022497472,1.63721721072773,1.26284618685358,2.00363921309968
"261",5,"CFAD11","400_28",2,447,28,"T0","F","PAST","D","T0","T0","AD_F",10.54933333,"T0","den",2.022497472,1.63721721072773,1.26284618685358,2.00363921309968
"262",6,"CFAE9","400_28",2,447,28,"T0","F","PAST","E","T0","T0","AE_F",14.14233333,"T0","den",0.5513941594,1.63721721072773,1.26284618685358,2.00363921309968
"263",7,"CFAE9","400_28",2,447,28,"T0","F","PAST","E","T0","T0","AE_F",14.14233333,"T0","den",0.5513941594,1.63721721072773,1.26284618685358,2.00363921309968
"264",8,"CFAF11","400_28",2,447,28,"T0","F","PAST","F","T0","T0","AF_F",6.160666667,"T0","den",1.702846012,1.63721721072773,1.26284618685358,2.00363921309968
"265",9,"CFPB8","400_28",2,447,28,"T0","F","PSTR","B","T0","T0","PB_F",7.280333333,"T0","den",1.31532439,1.87458876293302,1.37425489328626,2.35476010855463
"266",10,"CFPE13","400_28",2,447,28,"T0","F","PSTR","E","T0","T0","PE_F",8.785333333,"T0","den",1.193261496,1.87458876293302,1.37425489328626,2.35476010855463
"267",11,"CFSA9","400_28",2,447,28,"T0","F","SSID","A","T0","T0","SA_F",8.170666667,"T0","den",1.3125,2.04371325430909,1.6088537091831,2.46796573003164
"268",12,"CFSB9","400_28",2,447,28,"T0","F","SSID","B","T0","T0","SB_F",11.544,"T0","den",1.426130457,2.04371325430909,1.6088537091831,2.46796573003164
"269",13,"CFSC11","400_28",2,447,28,"T0","F","SSID","C","T0","T0","SC_F",9.465666667,"T0","den",2.419762651,2.04371325430909,1.6088537091831,2.46796573003164
"270",14,"CFSD12","400_28",2,447,28,"T0","F","SSID","D","T0","T0","SD_F",9.394333333,"T0","den",2.264769542,2.04371325430909,1.6088537091831,2.46796573003164
"271",15,"CFSE9","400_28",2,447,28,"T0","F","SSID","E","T0","T0","SE_F",9.466666667,"T0","den",1.325070423,2.04371325430909,1.6088537091831,2.46796573003164
"272",16,"CNAA13","400_28",2,447,28,"T0","N","PAST","A","T0","T0","AA_N",7.16,"T0","den",1.942981844,1.63721721072773,1.26284618685358,2.00363921309968
"273",17,"CNAB9","400_28",2,447,28,"T0","N","PAST","B","T0","T0","AB_N",9.5,"T0","den",1.485473684,1.63721721072773,1.26284618685358,2.00363921309968
"274",18,"CNAC9","400_28",2,447,28,"T0","N","PAST","C","T0","T0","AC_N",9.716333333,"T0","den",1.35874301,1.63721721072773,1.26284618685358,2.00363921309968
"275",19,"CNAD12","400_28",2,447,28,"T0","N","PAST","D","T0","T0","AD_N",10.35566667,"T0","den",0.8562139891,1.63721721072773,1.26284618685358,2.00363921309968
"276",20,"CNAE9","400_28",2,447,28,"T0","N","PAST","E","T0","T0","AE_N",9.664,"T0","den",1.705660182,1.63721721072773,1.26284618685358,2.00363921309968
"277",21,"CNAF9","400_28",2,447,28,"T0","N","PAST","F","T0","T0","AF_N",10.11366667,"T0","den",2.440460103,1.63721721072773,1.26284618685358,2.00363921309968
"278",22,"CNPA9","400_28",2,447,28,"T0","N","PSTR","A","T0","T0","PA_N",10.44766667,"T0","den",0.1648214912,1.87458876293302,1.37425489328626,2.35476010855463
"279",23,"CNPB9","400_28",2,447,28,"T0","N","PSTR","B","T0","T0","PB_N",11.17033333,"T0","den",2.453373519,1.87458876293302,1.37425489328626,2.35476010855463
"280",24,"CNPC10","400_28",2,447,28,"T0","N","PSTR","C","T0","T0","PC_N",10.55266667,"T0","den",3.215869606,1.87458876293302,1.37425489328626,2.35476010855463
"281",25,"CNPD9","400_28",2,447,28,"T0","N","PSTR","D","T0","T0","PD_N",7.814333333,"T0","den",2.357718722,1.87458876293302,1.37425489328626,2.35476010855463
"282",26,"CNPE10","400_28",2,447,28,"T0","N","PSTR","E","T0","T0","PE_N",10.709,"T0","den",1.908612693,1.87458876293302,1.37425489328626,2.35476010855463
"283",27,"CNPF15","400_28",2,447,28,"T0","N","PSTR","F","T0","T0","PF_N",9.076,"T0","den",2.39400617,1.87458876293302,1.37425489328626,2.35476010855463
"284",28,"CNSB15","400_28",2,447,28,"T0","N","SSID","B","T0","T0","SB_N",10.22766667,"T0","den",2.233451749,2.04371325430909,1.6088537091831,2.46796573003164
"285",29,"CNSC9","400_28",2,447,28,"T0","N","SSID","C","T0","T0","SC_N",11.61133333,"T0","den",2.238502612,2.04371325430909,1.6088537091831,2.46796573003164
"286",30,"CNSD10","400_28",2,447,28,"T0","N","SSID","D","T0","T0","SD_N",11.04566667,"T0","den",2.453601714,2.04371325430909,1.6088537091831,2.46796573003164
"287",31,"CNSE9","400_28",2,447,28,"T0","N","SSID","E","T0","T0","SE_N",10.54866667,"T0","den",2.17790558,2.04371325430909,1.6088537091831,2.46796573003164
"288",32,"CNSF22","400_28",2,447,28,"T0","N","SSID","F","T0","T0","SF_N",10.542,"T0","den",2.523809524,2.04371325430909,1.6088537091831,2.46796573003164
"289",1,"CFAA15","400_28",2,447,28,"T0","F","PAST","A","T0","T0","AA_F",12.00066667,"T0","host",2.325267997,1.82515445299625,1.54297822951882,2.09714669625945
"290",2,"CFAB19","400_28",2,447,28,"T0","F","PAST","B","T0","T0","AB_F",11.39933333,"T0","host",1.317340251,1.82515445299625,1.54297822951882,2.09714669625945
"291",3,"CFAC15","400_28",2,447,28,"T0","F","PAST","C","T0","T0","AC_F",10.686,"T0","host",2.058804767,1.82515445299625,1.54297822951882,2.09714669625945
"292",4,"CFAD11","400_28",2,447,28,"T0","F","PAST","D","T0","T0","AD_F",10.54933333,"T0","host",2.365122748,1.82515445299625,1.54297822951882,2.09714669625945
"293",5,"CFAD11","400_28",2,447,28,"T0","F","PAST","D","T0","T0","AD_F",10.54933333,"T0","host",2.365122748,1.82515445299625,1.54297822951882,2.09714669625945
"294",6,"CFAE9","400_28",2,447,28,"T0","F","PAST","E","T0","T0","AE_F",14.14233333,"T0","host",1.733187163,1.82515445299625,1.54297822951882,2.09714669625945
"295",7,"CFAE9","400_28",2,447,28,"T0","F","PAST","E","T0","T0","AE_F",14.14233333,"T0","host",1.733187163,1.82515445299625,1.54297822951882,2.09714669625945
"296",8,"CFAF11","400_28",2,447,28,"T0","F","PAST","F","T0","T0","AF_F",6.160666667,"T0","host",2.161405571,1.82515445299625,1.54297822951882,2.09714669625945
"297",9,"CFPB8","400_28",2,447,28,"T0","F","PSTR","B","T0","T0","PB_F",7.280333333,"T0","host",1.065649513,1.28502408852984,0.966458399811627,1.62185419524122
"298",10,"CFPE13","400_28",2,447,28,"T0","F","PSTR","E","T0","T0","PE_F",8.785333333,"T0","host",1.098071551,1.28502408852984,0.966458399811627,1.62185419524122
"299",11,"CFSA9","400_28",2,447,28,"T0","F","SSID","A","T0","T0","SA_F",8.170666667,"T0","host",1.008753175,1.66753775640928,1.36393575690596,1.96546447760458
"300",12,"CFSB9","400_28",2,447,28,"T0","F","SSID","B","T0","T0","SB_F",11.544,"T0","host",1.577018011,1.66753775640928,1.36393575690596,1.96546447760458
"301",13,"CFSC11","400_28",2,447,28,"T0","F","SSID","C","T0","T0","SC_F",9.465666667,"T0","host",2.096572684,1.66753775640928,1.36393575690596,1.96546447760458
"302",14,"CFSD12","400_28",2,447,28,"T0","F","SSID","D","T0","T0","SD_F",9.394333333,"T0","host",1.681157498,1.66753775640928,1.36393575690596,1.96546447760458
"303",15,"CFSE9","400_28",2,447,28,"T0","F","SSID","E","T0","T0","SE_F",9.466666667,"T0","host",1.116762788,1.66753775640928,1.36393575690596,1.96546447760458
"304",16,"CNAA13","400_28",2,447,28,"T0","N","PAST","A","T0","T0","AA_N",7.16,"T0","host",1.775449795,1.82515445299625,1.54297822951882,2.09714669625945
"305",17,"CNAC9","400_28",2,447,28,"T0","N","PAST","C","T0","T0","AC_N",9.716333333,"T0","host",1.309519491,1.82515445299625,1.54297822951882,2.09714669625945
"306",18,"CNAD12","400_28",2,447,28,"T0","N","PAST","D","T0","T0","AD_N",10.35566667,"T0","host",0.768345326,1.82515445299625,1.54297822951882,2.09714669625945
"307",19,"CNAE9","400_28",2,447,28,"T0","N","PAST","E","T0","T0","AE_N",9.664,"T0","host",1.843591996,1.82515445299625,1.54297822951882,2.09714669625945
"308",20,"CNAF9","400_28",2,447,28,"T0","N","PAST","F","T0","T0","AF_N",10.11366667,"T0","host",2.003082565,1.82515445299625,1.54297822951882,2.09714669625945
"309",21,"CNPA9","400_28",2,447,28,"T0","N","PSTR","A","T0","T0","PA_N",10.44766667,"T0","host",0.44248854,1.28502408852984,0.966458399811627,1.62185419524122
"310",22,"CNPB9","400_28",2,447,28,"T0","N","PSTR","B","T0","T0","PB_N",11.17033333,"T0","host",0.967239162,1.28502408852984,0.966458399811627,1.62185419524122
"311",23,"CNPC10","400_28",2,447,28,"T0","N","PSTR","C","T0","T0","PC_N",10.55266667,"T0","host",1.495374009,1.28502408852984,0.966458399811627,1.62185419524122
"312",24,"CNPD9","400_28",2,447,28,"T0","N","PSTR","D","T0","T0","PD_N",7.814333333,"T0","host",1.633776762,1.28502408852984,0.966458399811627,1.62185419524122
"313",25,"CNPE10","400_28",2,447,28,"T0","N","PSTR","E","T0","T0","PE_N",10.709,"T0","host",1.757899697,1.28502408852984,0.966458399811627,1.62185419524122
"314",26,"CNPF15","400_28",2,447,28,"T0","N","PSTR","F","T0","T0","PF_N",9.076,"T0","host",1.800674048,1.28502408852984,0.966458399811627,1.62185419524122
"315",27,"CNSB15","400_28",2,447,28,"T0","N","SSID","B","T0","T0","SB_N",10.22766667,"T0","host",2.182382278,1.66753775640928,1.36393575690596,1.96546447760458
"316",28,"CNSC9","400_28",2,447,28,"T0","N","SSID","C","T0","T0","SC_N",11.61133333,"T0","host",1.615917276,1.66753775640928,1.36393575690596,1.96546447760458
"317",29,"CNSD10","400_28",2,447,28,"T0","N","SSID","D","T0","T0","SD_N",11.04566667,"T0","host",1.813452016,1.66753775640928,1.36393575690596,1.96546447760458
"318",30,"CNSE9","400_28",2,447,28,"T0","N","SSID","E","T0","T0","SE_N",10.54866667,"T0","host",1.055579505,1.66753775640928,1.36393575690596,1.96546447760458
"319",31,"CNSF22","400_28",2,447,28,"T0","N","SSID","F","T0","T0","SF_N",10.542,"T0","host",2.535837484,1.66753775640928,1.36393575690596,1.96546447760458
"320",1,"CFAA15","400_28",2,447,28,"T0","F","PAST","A","T0","T0","AA_F",12.00066667,"T0","host",2.325267997,1.82515445299625,1.54297822951882,2.09714669625945
"321",2,"CFAB19","400_28",2,447,28,"T0","F","PAST","B","T0","T0","AB_F",11.39933333,"T0","host",1.317340251,1.82515445299625,1.54297822951882,2.09714669625945
"322",3,"CFAC15","400_28",2,447,28,"T0","F","PAST","C","T0","T0","AC_F",10.686,"T0","host",2.058804767,1.82515445299625,1.54297822951882,2.09714669625945
"323",4,"CFAD11","400_28",2,447,28,"T0","F","PAST","D","T0","T0","AD_F",10.54933333,"T0","host",2.365122748,1.82515445299625,1.54297822951882,2.09714669625945
"324",5,"CFAD11","400_28",2,447,28,"T0","F","PAST","D","T0","T0","AD_F",10.54933333,"T0","host",2.365122748,1.82515445299625,1.54297822951882,2.09714669625945
"325",6,"CFAE9","400_28",2,447,28,"T0","F","PAST","E","T0","T0","AE_F",14.14233333,"T0","host",1.733187163,1.82515445299625,1.54297822951882,2.09714669625945
"326",7,"CFAE9","400_28",2,447,28,"T0","F","PAST","E","T0","T0","AE_F",14.14233333,"T0","host",1.733187163,1.82515445299625,1.54297822951882,2.09714669625945
"327",8,"CFAF11","400_28",2,447,28,"T0","F","PAST","F","T0","T0","AF_F",6.160666667,"T0","host",2.161405571,1.82515445299625,1.54297822951882,2.09714669625945
"328",9,"CFPB8","400_28",2,447,28,"T0","F","PSTR","B","T0","T0","PB_F",7.280333333,"T0","host",1.065649513,1.28502408852984,0.966458399811627,1.62185419524122
"329",10,"CFPE13","400_28",2,447,28,"T0","F","PSTR","E","T0","T0","PE_F",8.785333333,"T0","host",1.098071551,1.28502408852984,0.966458399811627,1.62185419524122
"330",11,"CFSA9","400_28",2,447,28,"T0","F","SSID","A","T0","T0","SA_F",8.170666667,"T0","host",1.008753175,1.66753775640928,1.36393575690596,1.96546447760458
"331",12,"CFSB9","400_28",2,447,28,"T0","F","SSID","B","T0","T0","SB_F",11.544,"T0","host",1.577018011,1.66753775640928,1.36393575690596,1.96546447760458
"332",13,"CFSC11","400_28",2,447,28,"T0","F","SSID","C","T0","T0","SC_F",9.465666667,"T0","host",2.096572684,1.66753775640928,1.36393575690596,1.96546447760458
"333",14,"CFSD12","400_28",2,447,28,"T0","F","SSID","D","T0","T0","SD_F",9.394333333,"T0","host",1.681157498,1.66753775640928,1.36393575690596,1.96546447760458
"334",15,"CFSE9","400_28",2,447,28,"T0","F","SSID","E","T0","T0","SE_F",9.466666667,"T0","host",1.116762788,1.66753775640928,1.36393575690596,1.96546447760458
"335",16,"CNAA13","400_28",2,447,28,"T0","N","PAST","A","T0","T0","AA_N",7.16,"T0","host",1.775449795,1.82515445299625,1.54297822951882,2.09714669625945
"336",17,"CNAC9","400_28",2,447,28,"T0","N","PAST","C","T0","T0","AC_N",9.716333333,"T0","host",1.309519491,1.82515445299625,1.54297822951882,2.09714669625945
"337",18,"CNAD12","400_28",2,447,28,"T0","N","PAST","D","T0","T0","AD_N",10.35566667,"T0","host",0.768345326,1.82515445299625,1.54297822951882,2.09714669625945
"338",19,"CNAE9","400_28",2,447,28,"T0","N","PAST","E","T0","T0","AE_N",9.664,"T0","host",1.843591996,1.82515445299625,1.54297822951882,2.09714669625945
"339",20,"CNAF9","400_28",2,447,28,"T0","N","PAST","F","T0","T0","AF_N",10.11366667,"T0","host",2.003082565,1.82515445299625,1.54297822951882,2.09714669625945
"340",21,"CNPA9","400_28",2,447,28,"T0","N","PSTR","A","T0","T0","PA_N",10.44766667,"T0","host",0.44248854,1.28502408852984,0.966458399811627,1.62185419524122
"341",22,"CNPB9","400_28",2,447,28,"T0","N","PSTR","B","T0","T0","PB_N",11.17033333,"T0","host",0.967239162,1.28502408852984,0.966458399811627,1.62185419524122
"342",23,"CNPC10","400_28",2,447,28,"T0","N","PSTR","C","T0","T0","PC_N",10.55266667,"T0","host",1.495374009,1.28502408852984,0.966458399811627,1.62185419524122
"343",24,"CNPD9","400_28",2,447,28,"T0","N","PSTR","D","T0","T0","PD_N",7.814333333,"T0","host",1.633776762,1.28502408852984,0.966458399811627,1.62185419524122
"344",25,"CNPE10","400_28",2,447,28,"T0","N","PSTR","E","T0","T0","PE_N",10.709,"T0","host",1.757899697,1.28502408852984,0.966458399811627,1.62185419524122
"345",26,"CNPF15","400_28",2,447,28,"T0","N","PSTR","F","T0","T0","PF_N",9.076,"T0","host",1.800674048,1.28502408852984,0.966458399811627,1.62185419524122
"346",27,"CNSB15","400_28",2,447,28,"T0","N","SSID","B","T0","T0","SB_N",10.22766667,"T0","host",2.182382278,1.66753775640928,1.36393575690596,1.96546447760458
"347",28,"CNSC9","400_28",2,447,28,"T0","N","SSID","C","T0","T0","SC_N",11.61133333,"T0","host",1.615917276,1.66753775640928,1.36393575690596,1.96546447760458
"348",29,"CNSD10","400_28",2,447,28,"T0","N","SSID","D","T0","T0","SD_N",11.04566667,"T0","host",1.813452016,1.66753775640928,1.36393575690596,1.96546447760458
"349",30,"CNSE9","400_28",2,447,28,"T0","N","SSID","E","T0","T0","SE_N",10.54866667,"T0","host",1.055579505,1.66753775640928,1.36393575690596,1.96546447760458
"350",31,"CNSF22","400_28",2,447,28,"T0","N","SSID","F","T0","T0","SF_N",10.542,"T0","host",2.535837484,1.66753775640928,1.36393575690596,1.96546447760458
"351",1,"CFAA15","400_28",2,447,28,"T0","F","PAST","A","T0","T0","AA_F",12.00066667,"T0","host",2.325267997,1.82515445299625,1.54297822951882,2.09714669625945
"352",2,"CFAB19","400_28",2,447,28,"T0","F","PAST","B","T0","T0","AB_F",11.39933333,"T0","host",1.317340251,1.82515445299625,1.54297822951882,2.09714669625945
"353",3,"CFAC15","400_28",2,447,28,"T0","F","PAST","C","T0","T0","AC_F",10.686,"T0","host",2.058804767,1.82515445299625,1.54297822951882,2.09714669625945
"354",4,"CFAD11","400_28",2,447,28,"T0","F","PAST","D","T0","T0","AD_F",10.54933333,"T0","host",2.365122748,1.82515445299625,1.54297822951882,2.09714669625945
"355",5,"CFAD11","400_28",2,447,28,"T0","F","PAST","D","T0","T0","AD_F",10.54933333,"T0","host",2.365122748,1.82515445299625,1.54297822951882,2.09714669625945
"356",6,"CFAE9","400_28",2,447,28,"T0","F","PAST","E","T0","T0","AE_F",14.14233333,"T0","host",1.733187163,1.82515445299625,1.54297822951882,2.09714669625945
"357",7,"CFAE9","400_28",2,447,28,"T0","F","PAST","E","T0","T0","AE_F",14.14233333,"T0","host",1.733187163,1.82515445299625,1.54297822951882,2.09714669625945
"358",8,"CFAF11","400_28",2,447,28,"T0","F","PAST","F","T0","T0","AF_F",6.160666667,"T0","host",2.161405571,1.82515445299625,1.54297822951882,2.09714669625945
"359",9,"CFPB8","400_28",2,447,28,"T0","F","PSTR","B","T0","T0","PB_F",7.280333333,"T0","host",1.065649513,1.28502408852984,0.966458399811627,1.62185419524122
"360",10,"CFPE13","400_28",2,447,28,"T0","F","PSTR","E","T0","T0","PE_F",8.785333333,"T0","host",1.098071551,1.28502408852984,0.966458399811627,1.62185419524122
"361",11,"CFSA9","400_28",2,447,28,"T0","F","SSID","A","T0","T0","SA_F",8.170666667,"T0","host",1.008753175,1.66753775640928,1.36393575690596,1.96546447760458
"362",12,"CFSB9","400_28",2,447,28,"T0","F","SSID","B","T0","T0","SB_F",11.544,"T0","host",1.577018011,1.66753775640928,1.36393575690596,1.96546447760458
"363",13,"CFSC11","400_28",2,447,28,"T0","F","SSID","C","T0","T0","SC_F",9.465666667,"T0","host",2.096572684,1.66753775640928,1.36393575690596,1.96546447760458
"364",14,"CFSD12","400_28",2,447,28,"T0","F","SSID","D","T0","T0","SD_F",9.394333333,"T0","host",1.681157498,1.66753775640928,1.36393575690596,1.96546447760458
"365",15,"CFSE9","400_28",2,447,28,"T0","F","SSID","E","T0","T0","SE_F",9.466666667,"T0","host",1.116762788,1.66753775640928,1.36393575690596,1.96546447760458
"366",16,"CNAA13","400_28",2,447,28,"T0","N","PAST","A","T0","T0","AA_N",7.16,"T0","host",1.775449795,1.82515445299625,1.54297822951882,2.09714669625945
"367",17,"CNAC9","400_28",2,447,28,"T0","N","PAST","C","T0","T0","AC_N",9.716333333,"T0","host",1.309519491,1.82515445299625,1.54297822951882,2.09714669625945
"368",18,"CNAD12","400_28",2,447,28,"T0","N","PAST","D","T0","T0","AD_N",10.35566667,"T0","host",0.768345326,1.82515445299625,1.54297822951882,2.09714669625945
"369",19,"CNAE9","400_28",2,447,28,"T0","N","PAST","E","T0","T0","AE_N",9.664,"T0","host",1.843591996,1.82515445299625,1.54297822951882,2.09714669625945
"370",20,"CNAF9","400_28",2,447,28,"T0","N","PAST","F","T0","T0","AF_N",10.11366667,"T0","host",2.003082565,1.82515445299625,1.54297822951882,2.09714669625945
"371",21,"CNPA9","400_28",2,447,28,"T0","N","PSTR","A","T0","T0","PA_N",10.44766667,"T0","host",0.44248854,1.28502408852984,0.966458399811627,1.62185419524122
"372",22,"CNPB9","400_28",2,447,28,"T0","N","PSTR","B","T0","T0","PB_N",11.17033333,"T0","host",0.967239162,1.28502408852984,0.966458399811627,1.62185419524122
"373",23,"CNPC10","400_28",2,447,28,"T0","N","PSTR","C","T0","T0","PC_N",10.55266667,"T0","host",1.495374009,1.28502408852984,0.966458399811627,1.62185419524122
"374",24,"CNPD9","400_28",2,447,28,"T0","N","PSTR","D","T0","T0","PD_N",7.814333333,"T0","host",1.633776762,1.28502408852984,0.966458399811627,1.62185419524122
"375",25,"CNPE10","400_28",2,447,28,"T0","N","PSTR","E","T0","T0","PE_N",10.709,"T0","host",1.757899697,1.28502408852984,0.966458399811627,1.62185419524122
"376",26,"CNPF15","400_28",2,447,28,"T0","N","PSTR","F","T0","T0","PF_N",9.076,"T0","host",1.800674048,1.28502408852984,0.966458399811627,1.62185419524122
"377",27,"CNSB15","400_28",2,447,28,"T0","N","SSID","B","T0","T0","SB_N",10.22766667,"T0","host",2.182382278,1.66753775640928,1.36393575690596,1.96546447760458
"378",28,"CNSC9","400_28",2,447,28,"T0","N","SSID","C","T0","T0","SC_N",11.61133333,"T0","host",1.615917276,1.66753775640928,1.36393575690596,1.96546447760458
"379",29,"CNSD10","400_28",2,447,28,"T0","N","SSID","D","T0","T0","SD_N",11.04566667,"T0","host",1.813452016,1.66753775640928,1.36393575690596,1.96546447760458
"380",30,"CNSE9","400_28",2,447,28,"T0","N","SSID","E","T0","T0","SE_N",10.54866667,"T0","host",1.055579505,1.66753775640928,1.36393575690596,1.96546447760458
"381",31,"CNSF22","400_28",2,447,28,"T0","N","SSID","F","T0","T0","SF_N",10.542,"T0","host",2.535837484,1.66753775640928,1.36393575690596,1.96546447760458
"382",1,"CFAA15","400_28",2,447,28,"T0","F","PAST","A","T0","T0","AA_F",12.00066667,"T0","lipid",0.118991902,0.101730642000465,0.0574706720932387,0.144393231900747
"383",2,"CFAB19","400_28",2,447,28,"T0","F","PAST","B","T0","T0","AB_F",11.39933333,"T0","lipid",0.151255284,0.101730642000465,0.0574706720932387,0.144393231900747
"384",3,"CFAC15","400_28",2,447,28,"T0","F","PAST","C","T0","T0","AC_F",10.686,"T0","lipid",0.100365848,0.101730642000465,0.0574706720932387,0.144393231900747
"385",4,"CFAD11","400_28",2,447,28,"T0","F","PAST","D","T0","T0","AD_F",10.54933333,"T0","lipid",0.138639564,0.101730642000465,0.0574706720932387,0.144393231900747
"386",5,"CFAD11","400_28",2,447,28,"T0","F","PAST","D","T0","T0","AD_F",10.54933333,"T0","lipid",0.138639564,0.101730642000465,0.0574706720932387,0.144393231900747
"387",6,"CFAE9","400_28",2,447,28,"T0","F","PAST","E","T0","T0","AE_F",14.14233333,"T0","lipid",0.094775094,0.101730642000465,0.0574706720932387,0.144393231900747
"388",7,"CFAE9","400_28",2,447,28,"T0","F","PAST","E","T0","T0","AE_F",14.14233333,"T0","lipid",0.094775094,0.101730642000465,0.0574706720932387,0.144393231900747
"389",8,"CFAF11","400_28",2,447,28,"T0","F","PAST","F","T0","T0","AF_F",6.160666667,"T0","lipid",0.116381014,0.101730642000465,0.0574706720932387,0.144393231900747
"390",9,"CFPB8","400_28",2,447,28,"T0","F","PSTR","B","T0","T0","PB_F",7.280333333,"T0","lipid",0.13484791,0.0827769116773735,0.0328091729983897,0.135609465048355
"391",10,"CFPE13","400_28",2,447,28,"T0","F","PSTR","E","T0","T0","PE_F",8.785333333,"T0","lipid",0.081611545,0.0827769116773735,0.0328091729983897,0.135609465048355
"392",11,"CFSA9","400_28",2,447,28,"T0","F","SSID","A","T0","T0","SA_F",8.170666667,"T0","lipid",0.005592858,0.0725137756617163,0.0248931250052125,0.119244246259701
"393",12,"CFSB9","400_28",2,447,28,"T0","F","SSID","B","T0","T0","SB_F",11.544,"T0","lipid",0.017036364,0.0725137756617163,0.0248931250052125,0.119244246259701
"394",13,"CFSC11","400_28",2,447,28,"T0","F","SSID","C","T0","T0","SC_F",9.465666667,"T0","lipid",0.165972467,0.0725137756617163,0.0248931250052125,0.119244246259701
"395",14,"CFSD12","400_28",2,447,28,"T0","F","SSID","D","T0","T0","SD_F",9.394333333,"T0","lipid",0.029463524,0.0725137756617163,0.0248931250052125,0.119244246259701
"396",15,"CFSE9","400_28",2,447,28,"T0","F","SSID","E","T0","T0","SE_F",9.466666667,"T0","lipid",0.016828354,0.0725137756617163,0.0248931250052125,0.119244246259701
"397",16,"CNAA13","400_28",2,447,28,"T0","N","PAST","A","T0","T0","AA_N",7.16,"T0","lipid",0.056703653,0.101730642000465,0.0574706720932387,0.144393231900747
"398",17,"CNAC9","400_28",2,447,28,"T0","N","PAST","C","T0","T0","AC_N",9.716333333,"T0","lipid",0.089511833,0.101730642000465,0.0574706720932387,0.144393231900747
"399",18,"CNAD12","400_28",2,447,28,"T0","N","PAST","D","T0","T0","AD_N",10.35566667,"T0","lipid",0.082018976,0.101730642000465,0.0574706720932387,0.144393231900747
"400",19,"CNAE9","400_28",2,447,28,"T0","N","PAST","E","T0","T0","AE_N",9.664,"T0","lipid",0.069598787,0.101730642000465,0.0574706720932387,0.144393231900747
"401",20,"CNAF9","400_28",2,447,28,"T0","N","PAST","F","T0","T0","AF_N",10.11366667,"T0","lipid",0.075926834,0.101730642000465,0.0574706720932387,0.144393231900747
"402",21,"CNPA9","400_28",2,447,28,"T0","N","PSTR","A","T0","T0","PA_N",10.44766667,"T0","lipid",0.009172682,0.0827769116773735,0.0328091729983897,0.135609465048355
"403",22,"CNPB9","400_28",2,447,28,"T0","N","PSTR","B","T0","T0","PB_N",11.17033333,"T0","lipid",0.046290774,0.0827769116773735,0.0328091729983897,0.135609465048355
"404",23,"CNPC10","400_28",2,447,28,"T0","N","PSTR","C","T0","T0","PC_N",10.55266667,"T0","lipid",0.054434134,0.0827769116773735,0.0328091729983897,0.135609465048355
"405",24,"CNPD9","400_28",2,447,28,"T0","N","PSTR","D","T0","T0","PD_N",7.814333333,"T0","lipid",0.108692725,0.0827769116773735,0.0328091729983897,0.135609465048355
"406",25,"CNPE10","400_28",2,447,28,"T0","N","PSTR","E","T0","T0","PE_N",10.709,"T0","lipid",0.175477048,0.0827769116773735,0.0328091729983897,0.135609465048355
"407",26,"CNPF15","400_28",2,447,28,"T0","N","PSTR","F","T0","T0","PF_N",9.076,"T0","lipid",0.048705236,0.0827769116773735,0.0328091729983897,0.135609465048355
"408",27,"CNSB15","400_28",2,447,28,"T0","N","SSID","B","T0","T0","SB_N",10.22766667,"T0","lipid",0.004674107,0.0725137756617163,0.0248931250052125,0.119244246259701
"409",28,"CNSC9","400_28",2,447,28,"T0","N","SSID","C","T0","T0","SC_N",11.61133333,"T0","lipid",0.0344776,0.0725137756617163,0.0248931250052125,0.119244246259701
"410",29,"CNSD10","400_28",2,447,28,"T0","N","SSID","D","T0","T0","SD_N",11.04566667,"T0","lipid",0.04152396,0.0725137756617163,0.0248931250052125,0.119244246259701
"411",30,"CNSE9","400_28",2,447,28,"T0","N","SSID","E","T0","T0","SE_N",10.54866667,"T0","lipid",0.021303245,0.0725137756617163,0.0248931250052125,0.119244246259701
"412",31,"CNSF22","400_28",2,447,28,"T0","N","SSID","F","T0","T0","SF_N",10.542,"T0","lipid",0.389528746,0.0725137756617163,0.0248931250052125,0.119244246259701
"413",1,"CFAA15","400_28",2,447,28,"T0","F","PAST","A","T0","T0","AA_F",12.00066667,"T0","lipid",0.118991902,0.101730642000465,0.0574706720932387,0.144393231900747
"414",2,"CFAB19","400_28",2,447,28,"T0","F","PAST","B","T0","T0","AB_F",11.39933333,"T0","lipid",0.151255284,0.101730642000465,0.0574706720932387,0.144393231900747
"415",3,"CFAC15","400_28",2,447,28,"T0","F","PAST","C","T0","T0","AC_F",10.686,"T0","lipid",0.100365848,0.101730642000465,0.0574706720932387,0.144393231900747
"416",4,"CFAD11","400_28",2,447,28,"T0","F","PAST","D","T0","T0","AD_F",10.54933333,"T0","lipid",0.138639564,0.101730642000465,0.0574706720932387,0.144393231900747
"417",5,"CFAD11","400_28",2,447,28,"T0","F","PAST","D","T0","T0","AD_F",10.54933333,"T0","lipid",0.138639564,0.101730642000465,0.0574706720932387,0.144393231900747
"418",6,"CFAE9","400_28",2,447,28,"T0","F","PAST","E","T0","T0","AE_F",14.14233333,"T0","lipid",0.094775094,0.101730642000465,0.0574706720932387,0.144393231900747
"419",7,"CFAE9","400_28",2,447,28,"T0","F","PAST","E","T0","T0","AE_F",14.14233333,"T0","lipid",0.094775094,0.101730642000465,0.0574706720932387,0.144393231900747
"420",8,"CFAF11","400_28",2,447,28,"T0","F","PAST","F","T0","T0","AF_F",6.160666667,"T0","lipid",0.116381014,0.101730642000465,0.0574706720932387,0.144393231900747
"421",9,"CFPB8","400_28",2,447,28,"T0","F","PSTR","B","T0","T0","PB_F",7.280333333,"T0","lipid",0.13484791,0.0827769116773735,0.0328091729983897,0.135609465048355
"422",10,"CFPE13","400_28",2,447,28,"T0","F","PSTR","E","T0","T0","PE_F",8.785333333,"T0","lipid",0.081611545,0.0827769116773735,0.0328091729983897,0.135609465048355
"423",11,"CFSA9","400_28",2,447,28,"T0","F","SSID","A","T0","T0","SA_F",8.170666667,"T0","lipid",0.005592858,0.0725137756617163,0.0248931250052125,0.119244246259701
"424",12,"CFSB9","400_28",2,447,28,"T0","F","SSID","B","T0","T0","SB_F",11.544,"T0","lipid",0.017036364,0.0725137756617163,0.0248931250052125,0.119244246259701
"425",13,"CFSC11","400_28",2,447,28,"T0","F","SSID","C","T0","T0","SC_F",9.465666667,"T0","lipid",0.165972467,0.0725137756617163,0.0248931250052125,0.119244246259701
"426",14,"CFSD12","400_28",2,447,28,"T0","F","SSID","D","T0","T0","SD_F",9.394333333,"T0","lipid",0.029463524,0.0725137756617163,0.0248931250052125,0.119244246259701
"427",15,"CFSE9","400_28",2,447,28,"T0","F","SSID","E","T0","T0","SE_F",9.466666667,"T0","lipid",0.016828354,0.0725137756617163,0.0248931250052125,0.119244246259701
"428",16,"CNAA13","400_28",2,447,28,"T0","N","PAST","A","T0","T0","AA_N",7.16,"T0","lipid",0.056703653,0.101730642000465,0.0574706720932387,0.144393231900747
"429",17,"CNAC9","400_28",2,447,28,"T0","N","PAST","C","T0","T0","AC_N",9.716333333,"T0","lipid",0.089511833,0.101730642000465,0.0574706720932387,0.144393231900747
"430",18,"CNAD12","400_28",2,447,28,"T0","N","PAST","D","T0","T0","AD_N",10.35566667,"T0","lipid",0.082018976,0.101730642000465,0.0574706720932387,0.144393231900747
"431",19,"CNAE9","400_28",2,447,28,"T0","N","PAST","E","T0","T0","AE_N",9.664,"T0","lipid",0.069598787,0.101730642000465,0.0574706720932387,0.144393231900747
"432",20,"CNAF9","400_28",2,447,28,"T0","N","PAST","F","T0","T0","AF_N",10.11366667,"T0","lipid",0.075926834,0.101730642000465,0.0574706720932387,0.144393231900747
"433",21,"CNPA9","400_28",2,447,28,"T0","N","PSTR","A","T0","T0","PA_N",10.44766667,"T0","lipid",0.009172682,0.0827769116773735,0.0328091729983897,0.135609465048355
"434",22,"CNPB9","400_28",2,447,28,"T0","N","PSTR","B","T0","T0","PB_N",11.17033333,"T0","lipid",0.046290774,0.0827769116773735,0.0328091729983897,0.135609465048355
"435",23,"CNPC10","400_28",2,447,28,"T0","N","PSTR","C","T0","T0","PC_N",10.55266667,"T0","lipid",0.054434134,0.0827769116773735,0.0328091729983897,0.135609465048355
"436",24,"CNPD9","400_28",2,447,28,"T0","N","PSTR","D","T0","T0","PD_N",7.814333333,"T0","lipid",0.108692725,0.0827769116773735,0.0328091729983897,0.135609465048355
"437",25,"CNPE10","400_28",2,447,28,"T0","N","PSTR","E","T0","T0","PE_N",10.709,"T0","lipid",0.175477048,0.0827769116773735,0.0328091729983897,0.135609465048355
"438",26,"CNPF15","400_28",2,447,28,"T0","N","PSTR","F","T0","T0","PF_N",9.076,"T0","lipid",0.048705236,0.0827769116773735,0.0328091729983897,0.135609465048355
"439",27,"CNSB15","400_28",2,447,28,"T0","N","SSID","B","T0","T0","SB_N",10.22766667,"T0","lipid",0.004674107,0.0725137756617163,0.0248931250052125,0.119244246259701
"440",28,"CNSC9","400_28",2,447,28,"T0","N","SSID","C","T0","T0","SC_N",11.61133333,"T0","lipid",0.0344776,0.0725137756617163,0.0248931250052125,0.119244246259701
"441",29,"CNSD10","400_28",2,447,28,"T0","N","SSID","D","T0","T0","SD_N",11.04566667,"T0","lipid",0.04152396,0.0725137756617163,0.0248931250052125,0.119244246259701
"442",30,"CNSE9","400_28",2,447,28,"T0","N","SSID","E","T0","T0","SE_N",10.54866667,"T0","lipid",0.021303245,0.0725137756617163,0.0248931250052125,0.119244246259701
"443",31,"CNSF22","400_28",2,447,28,"T0","N","SSID","F","T0","T0","SF_N",10.542,"T0","lipid",0.389528746,0.0725137756617163,0.0248931250052125,0.119244246259701
"444",1,"CFAA15","400_28",2,447,28,"T0","F","PAST","A","T0","T0","AA_F",12.00066667,"T0","lipid",0.118991902,0.101730642000465,0.0574706720932387,0.144393231900747
"445",2,"CFAB19","400_28",2,447,28,"T0","F","PAST","B","T0","T0","AB_F",11.39933333,"T0","lipid",0.151255284,0.101730642000465,0.0574706720932387,0.144393231900747
"446",3,"CFAC15","400_28",2,447,28,"T0","F","PAST","C","T0","T0","AC_F",10.686,"T0","lipid",0.100365848,0.101730642000465,0.0574706720932387,0.144393231900747
"447",4,"CFAD11","400_28",2,447,28,"T0","F","PAST","D","T0","T0","AD_F",10.54933333,"T0","lipid",0.138639564,0.101730642000465,0.0574706720932387,0.144393231900747
"448",5,"CFAD11","400_28",2,447,28,"T0","F","PAST","D","T0","T0","AD_F",10.54933333,"T0","lipid",0.138639564,0.101730642000465,0.0574706720932387,0.144393231900747
"449",6,"CFAE9","400_28",2,447,28,"T0","F","PAST","E","T0","T0","AE_F",14.14233333,"T0","lipid",0.094775094,0.101730642000465,0.0574706720932387,0.144393231900747
"450",7,"CFAE9","400_28",2,447,28,"T0","F","PAST","E","T0","T0","AE_F",14.14233333,"T0","lipid",0.094775094,0.101730642000465,0.0574706720932387,0.144393231900747
"451",8,"CFAF11","400_28",2,447,28,"T0","F","PAST","F","T0","T0","AF_F",6.160666667,"T0","lipid",0.116381014,0.101730642000465,0.0574706720932387,0.144393231900747
"452",9,"CFPB8","400_28",2,447,28,"T0","F","PSTR","B","T0","T0","PB_F",7.280333333,"T0","lipid",0.13484791,0.0827769116773735,0.0328091729983897,0.135609465048355
"453",10,"CFPE13","400_28",2,447,28,"T0","F","PSTR","E","T0","T0","PE_F",8.785333333,"T0","lipid",0.081611545,0.0827769116773735,0.0328091729983897,0.135609465048355
"454",11,"CFSA9","400_28",2,447,28,"T0","F","SSID","A","T0","T0","SA_F",8.170666667,"T0","lipid",0.005592858,0.0725137756617163,0.0248931250052125,0.119244246259701
"455",12,"CFSB9","400_28",2,447,28,"T0","F","SSID","B","T0","T0","SB_F",11.544,"T0","lipid",0.017036364,0.0725137756617163,0.0248931250052125,0.119244246259701
"456",13,"CFSC11","400_28",2,447,28,"T0","F","SSID","C","T0","T0","SC_F",9.465666667,"T0","lipid",0.165972467,0.0725137756617163,0.0248931250052125,0.119244246259701
"457",14,"CFSD12","400_28",2,447,28,"T0","F","SSID","D","T0","T0","SD_F",9.394333333,"T0","lipid",0.029463524,0.0725137756617163,0.0248931250052125,0.119244246259701
"458",15,"CFSE9","400_28",2,447,28,"T0","F","SSID","E","T0","T0","SE_F",9.466666667,"T0","lipid",0.016828354,0.0725137756617163,0.0248931250052125,0.119244246259701
"459",16,"CNAA13","400_28",2,447,28,"T0","N","PAST","A","T0","T0","AA_N",7.16,"T0","lipid",0.056703653,0.101730642000465,0.0574706720932387,0.144393231900747
"460",17,"CNAC9","400_28",2,447,28,"T0","N","PAST","C","T0","T0","AC_N",9.716333333,"T0","lipid",0.089511833,0.101730642000465,0.0574706720932387,0.144393231900747
"461",18,"CNAD12","400_28",2,447,28,"T0","N","PAST","D","T0","T0","AD_N",10.35566667,"T0","lipid",0.082018976,0.101730642000465,0.0574706720932387,0.144393231900747
"462",19,"CNAE9","400_28",2,447,28,"T0","N","PAST","E","T0","T0","AE_N",9.664,"T0","lipid",0.069598787,0.101730642000465,0.0574706720932387,0.144393231900747
"463",20,"CNAF9","400_28",2,447,28,"T0","N","PAST","F","T0","T0","AF_N",10.11366667,"T0","lipid",0.075926834,0.101730642000465,0.0574706720932387,0.144393231900747
"464",21,"CNPA9","400_28",2,447,28,"T0","N","PSTR","A","T0","T0","PA_N",10.44766667,"T0","lipid",0.009172682,0.0827769116773735,0.0328091729983897,0.135609465048355
"465",22,"CNPB9","400_28",2,447,28,"T0","N","PSTR","B","T0","T0","PB_N",11.17033333,"T0","lipid",0.046290774,0.0827769116773735,0.0328091729983897,0.135609465048355
"466",23,"CNPC10","400_28",2,447,28,"T0","N","PSTR","C","T0","T0","PC_N",10.55266667,"T0","lipid",0.054434134,0.0827769116773735,0.0328091729983897,0.135609465048355
"467",24,"CNPD9","400_28",2,447,28,"T0","N","PSTR","D","T0","T0","PD_N",7.814333333,"T0","lipid",0.108692725,0.0827769116773735,0.0328091729983897,0.135609465048355
"468",25,"CNPE10","400_28",2,447,28,"T0","N","PSTR","E","T0","T0","PE_N",10.709,"T0","lipid",0.175477048,0.0827769116773735,0.0328091729983897,0.135609465048355
"469",26,"CNPF15","400_28",2,447,28,"T0","N","PSTR","F","T0","T0","PF_N",9.076,"T0","lipid",0.048705236,0.0827769116773735,0.0328091729983897,0.135609465048355
"470",27,"CNSB15","400_28",2,447,28,"T0","N","SSID","B","T0","T0","SB_N",10.22766667,"T0","lipid",0.004674107,0.0725137756617163,0.0248931250052125,0.119244246259701
"471",28,"CNSC9","400_28",2,447,28,"T0","N","SSID","C","T0","T0","SC_N",11.61133333,"T0","lipid",0.0344776,0.0725137756617163,0.0248931250052125,0.119244246259701
"472",29,"CNSD10","400_28",2,447,28,"T0","N","SSID","D","T0","T0","SD_N",11.04566667,"T0","lipid",0.04152396,0.0725137756617163,0.0248931250052125,0.119244246259701
"473",30,"CNSE9","400_28",2,447,28,"T0","N","SSID","E","T0","T0","SE_N",10.54866667,"T0","lipid",0.021303245,0.0725137756617163,0.0248931250052125,0.119244246259701
"474",31,"CNSF22","400_28",2,447,28,"T0","N","SSID","F","T0","T0","SF_N",10.542,"T0","lipid",0.389528746,0.0725137756617163,0.0248931250052125,0.119244246259701
"475",1,"CFAA15","400_28",2,447,28,"T0","F","PAST","A","T0","T0","AA_F",12.00066667,"T0","pro",0.266,0.299352007887191,0.234192143309045,0.363128332790574
"476",2,"CFAB19","400_28",2,447,28,"T0","F","PAST","B","T0","T0","AB_F",11.39933333,"T0","pro",0.175,0.299352007887191,0.234192143309045,0.363128332790574
"477",3,"CFAC15","400_28",2,447,28,"T0","F","PAST","C","T0","T0","AC_F",10.686,"T0","pro",0.316,0.299352007887191,0.234192143309045,0.363128332790574
"478",4,"CFAD11","400_28",2,447,28,"T0","F","PAST","D","T0","T0","AD_F",10.54933333,"T0","pro",0.336,0.299352007887191,0.234192143309045,0.363128332790574
"479",5,"CFAD11","400_28",2,447,28,"T0","F","PAST","D","T0","T0","AD_F",10.54933333,"T0","pro",0.336,0.299352007887191,0.234192143309045,0.363128332790574
"480",6,"CFAE9","400_28",2,447,28,"T0","F","PAST","E","T0","T0","AE_F",14.14233333,"T0","pro",0.292,0.299352007887191,0.234192143309045,0.363128332790574
"481",7,"CFAE9","400_28",2,447,28,"T0","F","PAST","E","T0","T0","AE_F",14.14233333,"T0","pro",0.292,0.299352007887191,0.234192143309045,0.363128332790574
"482",8,"CFAF11","400_28",2,447,28,"T0","F","PAST","F","T0","T0","AF_F",6.160666667,"T0","pro",0.365,0.299352007887191,0.234192143309045,0.363128332790574
"483",9,"CFPB8","400_28",2,447,28,"T0","F","PSTR","B","T0","T0","PB_F",7.280333333,"T0","pro",0.137,0.357738413384061,0.270654517700398,0.441312990100043
"484",10,"CFPE13","400_28",2,447,28,"T0","F","PSTR","E","T0","T0","PE_F",8.785333333,"T0","pro",0.389,0.357738413384061,0.270654517700398,0.441312990100043
"485",11,"CFSA9","400_28",2,447,28,"T0","F","SSID","A","T0","T0","SA_F",8.170666667,"T0","pro",0.398,0.523872650083894,0.448184663397059,0.597714459684838
"486",12,"CFSB9","400_28",2,447,28,"T0","F","SSID","B","T0","T0","SB_F",11.544,"T0","pro",0.525,0.523872650083894,0.448184663397059,0.597714459684838
"487",13,"CFSC11","400_28",2,447,28,"T0","F","SSID","C","T0","T0","SC_F",9.465666667,"T0","pro",0.669,0.523872650083894,0.448184663397059,0.597714459684838
"488",14,"CFSD12","400_28",2,447,28,"T0","F","SSID","D","T0","T0","SD_F",9.394333333,"T0","pro",0.472,0.523872650083894,0.448184663397059,0.597714459684838
"489",15,"CFSE9","400_28",2,447,28,"T0","F","SSID","E","T0","T0","SE_F",9.466666667,"T0","pro",0.335,0.523872650083894,0.448184663397059,0.597714459684838
"490",16,"CNAA13","400_28",2,447,28,"T0","N","PAST","A","T0","T0","AA_N",7.16,"T0","pro",0.358,0.299352007887191,0.234192143309045,0.363128332790574
"491",17,"CNAB9","400_28",2,447,28,"T0","N","PAST","B","T0","T0","AB_N",9.5,"T0","pro",0.281,0.299352007887191,0.234192143309045,0.363128332790574
"492",18,"CNAC9","400_28",2,447,28,"T0","N","PAST","C","T0","T0","AC_N",9.716333333,"T0","pro",0.27,0.299352007887191,0.234192143309045,0.363128332790574
"493",19,"CNAD12","400_28",2,447,28,"T0","N","PAST","D","T0","T0","AD_N",10.35566667,"T0","pro",0.117,0.299352007887191,0.234192143309045,0.363128332790574
"494",20,"CNAE9","400_28",2,447,28,"T0","N","PAST","E","T0","T0","AE_N",9.664,"T0","pro",0.44,0.299352007887191,0.234192143309045,0.363128332790574
"495",21,"CNAF9","400_28",2,447,28,"T0","N","PAST","F","T0","T0","AF_N",10.11366667,"T0","pro",0.358,0.299352007887191,0.234192143309045,0.363128332790574
"496",22,"CNPA9","400_28",2,447,28,"T0","N","PSTR","A","T0","T0","PA_N",10.44766667,"T0","pro",0.14,0.357738413384061,0.270654517700398,0.441312990100043
"497",23,"CNPB9","400_28",2,447,28,"T0","N","PSTR","B","T0","T0","PB_N",11.17033333,"T0","pro",0.47,0.357738413384061,0.270654517700398,0.441312990100043
"498",24,"CNPC10","400_28",2,447,28,"T0","N","PSTR","C","T0","T0","PC_N",10.55266667,"T0","pro",0.32,0.357738413384061,0.270654517700398,0.441312990100043
"499",25,"CNPD9","400_28",2,447,28,"T0","N","PSTR","D","T0","T0","PD_N",7.814333333,"T0","pro",0.501,0.357738413384061,0.270654517700398,0.441312990100043
"500",26,"CNPE10","400_28",2,447,28,"T0","N","PSTR","E","T0","T0","PE_N",10.709,"T0","pro",0.479,0.357738413384061,0.270654517700398,0.441312990100043
"501",27,"CNPF15","400_28",2,447,28,"T0","N","PSTR","F","T0","T0","PF_N",9.076,"T0","pro",0.427,0.357738413384061,0.270654517700398,0.441312990100043
"502",28,"CNSB15","400_28",2,447,28,"T0","N","SSID","B","T0","T0","SB_N",10.22766667,"T0","pro",0.693,0.523872650083894,0.448184663397059,0.597714459684838
"503",29,"CNSC9","400_28",2,447,28,"T0","N","SSID","C","T0","T0","SC_N",11.61133333,"T0","pro",0.512,0.523872650083894,0.448184663397059,0.597714459684838
"504",30,"CNSD10","400_28",2,447,28,"T0","N","SSID","D","T0","T0","SD_N",11.04566667,"T0","pro",0.545,0.523872650083894,0.448184663397059,0.597714459684838
"505",31,"CNSE9","400_28",2,447,28,"T0","N","SSID","E","T0","T0","SE_N",10.54866667,"T0","pro",0.336,0.523872650083894,0.448184663397059,0.597714459684838
"506",32,"CNSF22","400_28",2,447,28,"T0","N","SSID","F","T0","T0","SF_N",10.542,"T0","pro",0.743,0.523872650083894,0.448184663397059,0.597714459684838
"507",1,"CFAA15","400_28",2,447,28,"T0","F","PAST","A","T0","T0","AA_F",12.00066667,"T0","pro",0.266,0.299352007887191,0.234192143309045,0.363128332790574
"508",2,"CFAB19","400_28",2,447,28,"T0","F","PAST","B","T0","T0","AB_F",11.39933333,"T0","pro",0.175,0.299352007887191,0.234192143309045,0.363128332790574
"509",3,"CFAC15","400_28",2,447,28,"T0","F","PAST","C","T0","T0","AC_F",10.686,"T0","pro",0.316,0.299352007887191,0.234192143309045,0.363128332790574
"510",4,"CFAD11","400_28",2,447,28,"T0","F","PAST","D","T0","T0","AD_F",10.54933333,"T0","pro",0.336,0.299352007887191,0.234192143309045,0.363128332790574
"511",5,"CFAD11","400_28",2,447,28,"T0","F","PAST","D","T0","T0","AD_F",10.54933333,"T0","pro",0.336,0.299352007887191,0.234192143309045,0.363128332790574
"512",6,"CFAE9","400_28",2,447,28,"T0","F","PAST","E","T0","T0","AE_F",14.14233333,"T0","pro",0.292,0.299352007887191,0.234192143309045,0.363128332790574
"513",7,"CFAE9","400_28",2,447,28,"T0","F","PAST","E","T0","T0","AE_F",14.14233333,"T0","pro",0.292,0.299352007887191,0.234192143309045,0.363128332790574
"514",8,"CFAF11","400_28",2,447,28,"T0","F","PAST","F","T0","T0","AF_F",6.160666667,"T0","pro",0.365,0.299352007887191,0.234192143309045,0.363128332790574
"515",9,"CFPB8","400_28",2,447,28,"T0","F","PSTR","B","T0","T0","PB_F",7.280333333,"T0","pro",0.137,0.357738413384061,0.270654517700398,0.441312990100043
"516",10,"CFPE13","400_28",2,447,28,"T0","F","PSTR","E","T0","T0","PE_F",8.785333333,"T0","pro",0.389,0.357738413384061,0.270654517700398,0.441312990100043
"517",11,"CFSA9","400_28",2,447,28,"T0","F","SSID","A","T0","T0","SA_F",8.170666667,"T0","pro",0.398,0.523872650083894,0.448184663397059,0.597714459684838
"518",12,"CFSB9","400_28",2,447,28,"T0","F","SSID","B","T0","T0","SB_F",11.544,"T0","pro",0.525,0.523872650083894,0.448184663397059,0.597714459684838
"519",13,"CFSC11","400_28",2,447,28,"T0","F","SSID","C","T0","T0","SC_F",9.465666667,"T0","pro",0.669,0.523872650083894,0.448184663397059,0.597714459684838
"520",14,"CFSD12","400_28",2,447,28,"T0","F","SSID","D","T0","T0","SD_F",9.394333333,"T0","pro",0.472,0.523872650083894,0.448184663397059,0.597714459684838
"521",15,"CFSE9","400_28",2,447,28,"T0","F","SSID","E","T0","T0","SE_F",9.466666667,"T0","pro",0.335,0.523872650083894,0.448184663397059,0.597714459684838
"522",16,"CNAA13","400_28",2,447,28,"T0","N","PAST","A","T0","T0","AA_N",7.16,"T0","pro",0.358,0.299352007887191,0.234192143309045,0.363128332790574
"523",17,"CNAB9","400_28",2,447,28,"T0","N","PAST","B","T0","T0","AB_N",9.5,"T0","pro",0.281,0.299352007887191,0.234192143309045,0.363128332790574
"524",18,"CNAC9","400_28",2,447,28,"T0","N","PAST","C","T0","T0","AC_N",9.716333333,"T0","pro",0.27,0.299352007887191,0.234192143309045,0.363128332790574
"525",19,"CNAD12","400_28",2,447,28,"T0","N","PAST","D","T0","T0","AD_N",10.35566667,"T0","pro",0.117,0.299352007887191,0.234192143309045,0.363128332790574
"526",20,"CNAE9","400_28",2,447,28,"T0","N","PAST","E","T0","T0","AE_N",9.664,"T0","pro",0.44,0.299352007887191,0.234192143309045,0.363128332790574
"527",21,"CNAF9","400_28",2,447,28,"T0","N","PAST","F","T0","T0","AF_N",10.11366667,"T0","pro",0.358,0.299352007887191,0.234192143309045,0.363128332790574
"528",22,"CNPA9","400_28",2,447,28,"T0","N","PSTR","A","T0","T0","PA_N",10.44766667,"T0","pro",0.14,0.357738413384061,0.270654517700398,0.441312990100043
"529",23,"CNPB9","400_28",2,447,28,"T0","N","PSTR","B","T0","T0","PB_N",11.17033333,"T0","pro",0.47,0.357738413384061,0.270654517700398,0.441312990100043
"530",24,"CNPC10","400_28",2,447,28,"T0","N","PSTR","C","T0","T0","PC_N",10.55266667,"T0","pro",0.32,0.357738413384061,0.270654517700398,0.441312990100043
"531",25,"CNPD9","400_28",2,447,28,"T0","N","PSTR","D","T0","T0","PD_N",7.814333333,"T0","pro",0.501,0.357738413384061,0.270654517700398,0.441312990100043
"532",26,"CNPE10","400_28",2,447,28,"T0","N","PSTR","E","T0","T0","PE_N",10.709,"T0","pro",0.479,0.357738413384061,0.270654517700398,0.441312990100043
"533",27,"CNPF15","400_28",2,447,28,"T0","N","PSTR","F","T0","T0","PF_N",9.076,"T0","pro",0.427,0.357738413384061,0.270654517700398,0.441312990100043
"534",28,"CNSB15","400_28",2,447,28,"T0","N","SSID","B","T0","T0","SB_N",10.22766667,"T0","pro",0.693,0.523872650083894,0.448184663397059,0.597714459684838
"535",29,"CNSC9","400_28",2,447,28,"T0","N","SSID","C","T0","T0","SC_N",11.61133333,"T0","pro",0.512,0.523872650083894,0.448184663397059,0.597714459684838
"536",30,"CNSD10","400_28",2,447,28,"T0","N","SSID","D","T0","T0","SD_N",11.04566667,"T0","pro",0.545,0.523872650083894,0.448184663397059,0.597714459684838
"537",31,"CNSE9","400_28",2,447,28,"T0","N","SSID","E","T0","T0","SE_N",10.54866667,"T0","pro",0.336,0.523872650083894,0.448184663397059,0.597714459684838
"538",32,"CNSF22","400_28",2,447,28,"T0","N","SSID","F","T0","T0","SF_N",10.542,"T0","pro",0.743,0.523872650083894,0.448184663397059,0.597714459684838
"539",1,"CFAA15","400_28",2,447,28,"T0","F","PAST","A","T0","T0","AA_F",12.00066667,"T0","pro",0.266,0.299352007887191,0.234192143309045,0.363128332790574
"540",2,"CFAB19","400_28",2,447,28,"T0","F","PAST","B","T0","T0","AB_F",11.39933333,"T0","pro",0.175,0.299352007887191,0.234192143309045,0.363128332790574
"541",3,"CFAC15","400_28",2,447,28,"T0","F","PAST","C","T0","T0","AC_F",10.686,"T0","pro",0.316,0.299352007887191,0.234192143309045,0.363128332790574
"542",4,"CFAD11","400_28",2,447,28,"T0","F","PAST","D","T0","T0","AD_F",10.54933333,"T0","pro",0.336,0.299352007887191,0.234192143309045,0.363128332790574
"543",5,"CFAD11","400_28",2,447,28,"T0","F","PAST","D","T0","T0","AD_F",10.54933333,"T0","pro",0.336,0.299352007887191,0.234192143309045,0.363128332790574
"544",6,"CFAE9","400_28",2,447,28,"T0","F","PAST","E","T0","T0","AE_F",14.14233333,"T0","pro",0.292,0.299352007887191,0.234192143309045,0.363128332790574
"545",7,"CFAE9","400_28",2,447,28,"T0","F","PAST","E","T0","T0","AE_F",14.14233333,"T0","pro",0.292,0.299352007887191,0.234192143309045,0.363128332790574
"546",8,"CFAF11","400_28",2,447,28,"T0","F","PAST","F","T0","T0","AF_F",6.160666667,"T0","pro",0.365,0.299352007887191,0.234192143309045,0.363128332790574
"547",9,"CFPB8","400_28",2,447,28,"T0","F","PSTR","B","T0","T0","PB_F",7.280333333,"T0","pro",0.137,0.357738413384061,0.270654517700398,0.441312990100043
"548",10,"CFPE13","400_28",2,447,28,"T0","F","PSTR","E","T0","T0","PE_F",8.785333333,"T0","pro",0.389,0.357738413384061,0.270654517700398,0.441312990100043
"549",11,"CFSA9","400_28",2,447,28,"T0","F","SSID","A","T0","T0","SA_F",8.170666667,"T0","pro",0.398,0.523872650083894,0.448184663397059,0.597714459684838
"550",12,"CFSB9","400_28",2,447,28,"T0","F","SSID","B","T0","T0","SB_F",11.544,"T0","pro",0.525,0.523872650083894,0.448184663397059,0.597714459684838
"551",13,"CFSC11","400_28",2,447,28,"T0","F","SSID","C","T0","T0","SC_F",9.465666667,"T0","pro",0.669,0.523872650083894,0.448184663397059,0.597714459684838
"552",14,"CFSD12","400_28",2,447,28,"T0","F","SSID","D","T0","T0","SD_F",9.394333333,"T0","pro",0.472,0.523872650083894,0.448184663397059,0.597714459684838
"553",15,"CFSE9","400_28",2,447,28,"T0","F","SSID","E","T0","T0","SE_F",9.466666667,"T0","pro",0.335,0.523872650083894,0.448184663397059,0.597714459684838
"554",16,"CNAA13","400_28",2,447,28,"T0","N","PAST","A","T0","T0","AA_N",7.16,"T0","pro",0.358,0.299352007887191,0.234192143309045,0.363128332790574
"555",17,"CNAB9","400_28",2,447,28,"T0","N","PAST","B","T0","T0","AB_N",9.5,"T0","pro",0.281,0.299352007887191,0.234192143309045,0.363128332790574
"556",18,"CNAC9","400_28",2,447,28,"T0","N","PAST","C","T0","T0","AC_N",9.716333333,"T0","pro",0.27,0.299352007887191,0.234192143309045,0.363128332790574
"557",19,"CNAD12","400_28",2,447,28,"T0","N","PAST","D","T0","T0","AD_N",10.35566667,"T0","pro",0.117,0.299352007887191,0.234192143309045,0.363128332790574
"558",20,"CNAE9","400_28",2,447,28,"T0","N","PAST","E","T0","T0","AE_N",9.664,"T0","pro",0.44,0.299352007887191,0.234192143309045,0.363128332790574
"559",21,"CNAF9","400_28",2,447,28,"T0","N","PAST","F","T0","T0","AF_N",10.11366667,"T0","pro",0.358,0.299352007887191,0.234192143309045,0.363128332790574
"560",22,"CNPA9","400_28",2,447,28,"T0","N","PSTR","A","T0","T0","PA_N",10.44766667,"T0","pro",0.14,0.357738413384061,0.270654517700398,0.441312990100043
"561",23,"CNPB9","400_28",2,447,28,"T0","N","PSTR","B","T0","T0","PB_N",11.17033333,"T0","pro",0.47,0.357738413384061,0.270654517700398,0.441312990100043
"562",24,"CNPC10","400_28",2,447,28,"T0","N","PSTR","C","T0","T0","PC_N",10.55266667,"T0","pro",0.32,0.357738413384061,0.270654517700398,0.441312990100043
"563",25,"CNPD9","400_28",2,447,28,"T0","N","PSTR","D","T0","T0","PD_N",7.814333333,"T0","pro",0.501,0.357738413384061,0.270654517700398,0.441312990100043
"564",26,"CNPE10","400_28",2,447,28,"T0","N","PSTR","E","T0","T0","PE_N",10.709,"T0","pro",0.479,0.357738413384061,0.270654517700398,0.441312990100043
"565",27,"CNPF15","400_28",2,447,28,"T0","N","PSTR","F","T0","T0","PF_N",9.076,"T0","pro",0.427,0.357738413384061,0.270654517700398,0.441312990100043
"566",28,"CNSB15","400_28",2,447,28,"T0","N","SSID","B","T0","T0","SB_N",10.22766667,"T0","pro",0.693,0.523872650083894,0.448184663397059,0.597714459684838
"567",29,"CNSC9","400_28",2,447,28,"T0","N","SSID","C","T0","T0","SC_N",11.61133333,"T0","pro",0.512,0.523872650083894,0.448184663397059,0.597714459684838
"568",30,"CNSD10","400_28",2,447,28,"T0","N","SSID","D","T0","T0","SD_N",11.04566667,"T0","pro",0.545,0.523872650083894,0.448184663397059,0.597714459684838
"569",31,"CNSE9","400_28",2,447,28,"T0","N","SSID","E","T0","T0","SE_N",10.54866667,"T0","pro",0.336,0.523872650083894,0.448184663397059,0.597714459684838
"570",32,"CNSF22","400_28",2,447,28,"T0","N","SSID","F","T0","T0","SF_N",10.542,"T0","pro",0.743,0.523872650083894,0.448184663397059,0.597714459684838
