date,treat,temp,pco2,value,param
10/9/2015,288_28,28,288,217.6,mpco2
10/9/2015,288_28,28,288,220.7,mpco2
10/9/2015,288_28,28,288,222.9,mpco2
10/9/2015,311_31,31,311,232.9,mpco2
10/9/2015,311_31,31,311,227.9,mpco2
10/9/2015,311_31,31,311,236.9,mpco2
10/9/2015,3285_28,28,3285,3034.6,mpco2
10/9/2015,3285_28,28,3285,3387.3,mpco2
10/9/2015,3285_28,28,3285,3136.9,mpco2
10/9/2015,3309_31,31,3309,3173.6,mpco2
10/9/2015,3309_31,31,3309,3203.1,mpco2
10/9/2015,3309_31,31,3309,3458.5,mpco2
10/9/2015,447_28,28,447,290,mpco2
10/9/2015,447_28,28,447,302.2,mpco2
10/9/2015,447_28,28,447,304.6,mpco2
10/9/2015,405_31,31,405,235.9,mpco2
10/9/2015,405_31,31,405,251.2,mpco2
10/9/2015,405_31,31,405,247.6,mpco2
10/9/2015,673_28,28,673,557.3,mpco2
10/9/2015,673_28,28,673,554.7,mpco2
10/9/2015,673_28,28,673,562.2,mpco2
10/9/2015,701_31,31,701,462.3,mpco2
10/9/2015,701_31,31,701,469.4,mpco2
10/9/2015,701_31,31,701,489.1,mpco2
12/10/2015,288_28,28,288,385.4,mpco2
12/10/2015,288_28,28,288,399.7,mpco2
12/10/2015,288_28,28,288,450.1,mpco2
12/10/2015,311_31,31,311,279.7,mpco2
12/10/2015,311_31,31,311,287,mpco2
12/10/2015,311_31,31,311,377.2,mpco2
12/10/2015,3285_28,28,3285,4189.3,mpco2
12/10/2015,3285_28,28,3285,3524,mpco2
12/10/2015,3285_28,28,3285,3071.5,mpco2
12/10/2015,3309_31,31,3309,3588.8,mpco2
12/10/2015,3309_31,31,3309,3665.4,mpco2
12/10/2015,3309_31,31,3309,2830.4,mpco2
12/10/2015,447_28,28,447,462.8,mpco2
12/10/2015,447_28,28,447,451.2,mpco2
12/10/2015,447_28,28,447,494.5,mpco2
12/10/2015,405_31,31,405,566.7,mpco2
12/10/2015,405_31,31,405,604.1,mpco2
12/10/2015,405_31,31,405,792.1,mpco2
12/10/2015,673_28,28,673,981.2,mpco2
12/10/2015,673_28,28,673,887.4,mpco2
12/10/2015,673_28,28,673,809.3,mpco2
12/10/2015,701_31,31,701,746.4,mpco2
12/10/2015,701_31,31,701,773.5,mpco2
12/10/2015,701_31,31,701,646.6,mpco2
11/10/2015,288_28,28,288,257,mpco2
11/10/2015,288_28,28,288,262.4,mpco2
11/10/2015,288_28,28,288,NA,mpco2
11/10/2015,311_31,31,311,330.3,mpco2
11/10/2015,311_31,31,311,337.9,mpco2
11/10/2015,311_31,31,311,NA,mpco2
11/10/2015,3285_28,28,3285,2798.2,mpco2
11/10/2015,3285_28,28,3285,3480.5,mpco2
11/10/2015,3285_28,28,3285,3071.5,mpco2
11/10/2015,3309_31,31,3309,3015.7,mpco2
11/10/2015,3309_31,31,3309,3204.1,mpco2
11/10/2015,3309_31,31,3309,3287.5,mpco2
11/10/2015,447_28,28,447,524.6,mpco2
11/10/2015,447_28,28,447,505.4,mpco2
11/10/2015,447_28,28,447,496.6,mpco2
11/10/2015,405_31,31,405,565.2,mpco2
11/10/2015,405_31,31,405,604.5,mpco2
11/10/2015,405_31,31,405,614.8,mpco2
11/10/2015,673_28,28,673,698,mpco2
11/10/2015,673_28,28,673,719.2,mpco2
11/10/2015,673_28,28,673,712.2,mpco2
11/10/2015,701_31,31,701,708.8,mpco2
11/10/2015,701_31,31,701,724.8,mpco2
11/10/2015,701_31,31,701,733.7,mpco2
12/16/2015,288_28,28,288,491,mpco2
12/16/2015,288_28,28,288,519.8,mpco2
12/16/2015,288_28,28,288,436.9,mpco2
12/16/2015,311_31,31,311,342.4,mpco2
12/16/2015,311_31,31,311,376.7,mpco2
12/16/2015,311_31,31,311,325.6,mpco2
12/16/2015,3285_28,28,3285,3751.4,mpco2
12/16/2015,3285_28,28,3285,3282.3,mpco2
12/16/2015,3285_28,28,3285,3352,mpco2
12/16/2015,3309_31,31,3309,3240.8,mpco2
12/16/2015,3309_31,31,3309,2773,mpco2
12/16/2015,3309_31,31,3309,2835.9,mpco2
12/16/2015,447_28,28,447,553,mpco2
12/16/2015,447_28,28,447,501,mpco2
12/16/2015,447_28,28,447,500.4,mpco2
12/16/2015,405_31,31,405,702,mpco2
12/16/2015,405_31,31,405,701.9,mpco2
12/16/2015,405_31,31,405,658.4,mpco2
12/16/2015,673_28,28,673,755.3,mpco2
12/16/2015,673_28,28,673,729.9,mpco2
12/16/2015,673_28,28,673,630.6,mpco2
12/16/2015,701_31,31,701,663,mpco2
12/16/2015,701_31,31,701,592.7,mpco2
12/16/2015,701_31,31,701,548.6,mpco2
9/19/2015,288_28,28,288,367,mpco2
9/19/2015,288_28,28,288,422.2,mpco2
9/19/2015,288_28,28,288,379.1,mpco2
9/19/2015,311_31,31,311,319.5,mpco2
9/19/2015,311_31,31,311,320.8,mpco2
9/19/2015,311_31,31,311,319.3,mpco2
9/19/2015,3285_28,28,3285,2999.6,mpco2
9/19/2015,3285_28,28,3285,2831.2,mpco2
9/19/2015,3285_28,28,3285,2442.3,mpco2
9/19/2015,3309_31,31,3309,3108.8,mpco2
9/19/2015,3309_31,31,3309,3735.7,mpco2
9/19/2015,3309_31,31,3309,2870.3,mpco2
9/19/2015,447_28,28,447,467.6,mpco2
9/19/2015,447_28,28,447,470.7,mpco2
9/19/2015,447_28,28,447,443.6,mpco2
9/19/2015,405_31,31,405,351.6,mpco2
9/19/2015,405_31,31,405,376.8,mpco2
9/19/2015,405_31,31,405,357.7,mpco2
9/19/2015,673_28,28,673,718.3,mpco2
9/19/2015,673_28,28,673,676.8,mpco2
9/19/2015,673_28,28,673,717.4,mpco2
9/19/2015,701_31,31,701,714.9,mpco2
9/19/2015,701_31,31,701,671.5,mpco2
9/19/2015,701_31,31,701,776,mpco2
11/20/2015,288_28,28,288,344.3,mpco2
11/20/2015,288_28,28,288,370,mpco2
11/20/2015,288_28,28,288,371.9,mpco2
11/20/2015,311_31,31,311,275.6,mpco2
11/20/2015,311_31,31,311,280.5,mpco2
11/20/2015,311_31,31,311,274.6,mpco2
11/20/2015,3285_28,28,3285,3674.9,mpco2
11/20/2015,3285_28,28,3285,3278.9,mpco2
11/20/2015,3285_28,28,3285,3419.2,mpco2
11/20/2015,3309_31,31,3309,2895.6,mpco2
11/20/2015,3309_31,31,3309,2680.7,mpco2
11/20/2015,3309_31,31,3309,2959.2,mpco2
11/20/2015,447_28,28,447,427.1,mpco2
11/20/2015,447_28,28,447,441.8,mpco2
11/20/2015,447_28,28,447,456.7,mpco2
11/20/2015,405_31,31,405,461.5,mpco2
11/20/2015,405_31,31,405,493.2,mpco2
11/20/2015,405_31,31,405,469.7,mpco2
11/20/2015,673_28,28,673,703.8,mpco2
11/20/2015,673_28,28,673,743.7,mpco2
11/20/2015,673_28,28,673,739.7,mpco2
11/20/2015,701_31,31,701,556.4,mpco2
11/20/2015,701_31,31,701,602.5,mpco2
11/20/2015,701_31,31,701,569,mpco2
10/20/2015,288_28,28,288,233.3,mpco2
10/20/2015,288_28,28,288,231.8,mpco2
10/20/2015,288_28,28,288,217.2,mpco2
10/20/2015,311_31,31,311,220.7,mpco2
10/20/2015,311_31,31,311,216.5,mpco2
10/20/2015,311_31,31,311,213.9,mpco2
10/20/2015,3285_28,28,3285,3093.9,mpco2
10/20/2015,3285_28,28,3285,3115.1,mpco2
10/20/2015,3285_28,28,3285,3168.3,mpco2
10/20/2015,3309_31,31,3309,3182.2,mpco2
10/20/2015,3309_31,31,3309,3230.1,mpco2
10/20/2015,3309_31,31,3309,3281.8,mpco2
10/20/2015,447_28,28,447,296.9,mpco2
10/20/2015,447_28,28,447,285.5,mpco2
10/20/2015,447_28,28,447,306.7,mpco2
10/20/2015,405_31,31,405,316.9,mpco2
10/20/2015,405_31,31,405,316.8,mpco2
10/20/2015,405_31,31,405,305.3,mpco2
10/20/2015,673_28,28,673,660.2,mpco2
10/20/2015,673_28,28,673,634,mpco2
10/20/2015,673_28,28,673,652.5,mpco2
10/20/2015,701_31,31,701,630.4,mpco2
10/20/2015,701_31,31,701,708.2,mpco2
10/20/2015,701_31,31,701,630,mpco2
11/30/2015,288_28,28,288,294.8,mpco2
11/30/2015,288_28,28,288,292.2,mpco2
11/30/2015,288_28,28,288,300.8,mpco2
11/30/2015,311_31,31,311,229.6,mpco2
11/30/2015,311_31,31,311,222.8,mpco2
11/30/2015,311_31,31,311,236.5,mpco2
11/30/2015,3285_28,28,3285,3642.2,mpco2
11/30/2015,3285_28,28,3285,3642.8,mpco2
11/30/2015,3285_28,28,3285,3813.8,mpco2
11/30/2015,3309_31,31,3309,2889.3,mpco2
11/30/2015,3309_31,31,3309,2969.8,mpco2
11/30/2015,3309_31,31,3309,3025.1,mpco2
11/30/2015,447_28,28,447,393.6,mpco2
11/30/2015,447_28,28,447,372.8,mpco2
11/30/2015,447_28,28,447,382.8,mpco2
11/30/2015,405_31,31,405,435.7,mpco2
11/30/2015,405_31,31,405,418.1,mpco2
11/30/2015,405_31,31,405,440.6,mpco2
11/30/2015,673_28,28,673,738,mpco2
11/30/2015,673_28,28,673,808.4,mpco2
11/30/2015,673_28,28,673,759.8,mpco2
11/30/2015,701_31,31,701,668.8,mpco2
11/30/2015,701_31,31,701,689.6,mpco2
11/30/2015,701_31,31,701,745.1,mpco2
10/30/2015,288_28,28,288,259.3,mpco2
10/30/2015,288_28,28,288,263,mpco2
10/30/2015,288_28,28,288,258.2,mpco2
10/30/2015,311_31,31,311,416.4,mpco2
10/30/2015,311_31,31,311,380.4,mpco2
10/30/2015,311_31,31,311,414.9,mpco2
10/30/2015,3285_28,28,3285,3223.5,mpco2
10/30/2015,3285_28,28,3285,2523.3,mpco2
10/30/2015,3285_28,28,3285,3268,mpco2
10/30/2015,3309_31,31,3309,3052.3,mpco2
10/30/2015,3309_31,31,3309,3180.3,mpco2
10/30/2015,3309_31,31,3309,3972.6,mpco2
10/30/2015,447_28,28,447,411.9,mpco2
10/30/2015,447_28,28,447,417.2,mpco2
10/30/2015,447_28,28,447,408.4,mpco2
10/30/2015,405_31,31,405,306.7,mpco2
10/30/2015,405_31,31,405,321.7,mpco2
10/30/2015,405_31,31,405,307.1,mpco2
10/30/2015,673_28,28,673,688.6,mpco2
10/30/2015,673_28,28,673,684.7,mpco2
10/30/2015,673_28,28,673,716.3,mpco2
10/30/2015,701_31,31,701,702.2,mpco2
10/30/2015,701_31,31,701,705.2,mpco2
10/30/2015,701_31,31,701,735.5,mpco2
9/30/2015,288_28,28,288,177.2,mpco2
9/30/2015,288_28,28,288,164.8,mpco2
9/30/2015,288_28,28,288,218.3,mpco2
9/30/2015,311_31,31,311,221.4,mpco2
9/30/2015,311_31,31,311,215.6,mpco2
9/30/2015,311_31,31,311,225.6,mpco2
9/30/2015,3285_28,28,3285,3290.2,mpco2
9/30/2015,3285_28,28,3285,4299.3,mpco2
9/30/2015,3285_28,28,3285,3455.1,mpco2
9/30/2015,3309_31,31,3309,4435.8,mpco2
9/30/2015,3309_31,31,3309,4373.7,mpco2
9/30/2015,3309_31,31,3309,4438.4,mpco2
9/30/2015,447_28,28,447,255,mpco2
9/30/2015,447_28,28,447,252.5,mpco2
9/30/2015,447_28,28,447,260.8,mpco2
9/30/2015,405_31,31,405,397.9,mpco2
9/30/2015,405_31,31,405,385.5,mpco2
9/30/2015,405_31,31,405,397.2,mpco2
9/30/2015,673_28,28,673,575.5,mpco2
9/30/2015,673_28,28,673,633.1,mpco2
9/30/2015,673_28,28,673,595,mpco2
9/30/2015,701_31,31,701,815.3,mpco2
9/30/2015,701_31,31,701,836.2,mpco2
9/30/2015,701_31,31,701,878.7,mpco2
10/9/2015,288_28,28,288,27.9,mtemp
10/9/2015,288_28,28,288,27.8,mtemp
10/9/2015,288_28,28,288,27.8,mtemp
10/9/2015,311_31,31,311,30.5,mtemp
10/9/2015,311_31,31,311,30.5,mtemp
10/9/2015,311_31,31,311,30.4,mtemp
10/9/2015,3285_28,28,3285,28.2,mtemp
10/9/2015,3285_28,28,3285,28.3,mtemp
10/9/2015,3285_28,28,3285,28.4,mtemp
10/9/2015,3309_31,31,3309,30.9,mtemp
10/9/2015,3309_31,31,3309,31,mtemp
10/9/2015,3309_31,31,3309,31,mtemp
10/9/2015,447_28,28,447,28,mtemp
10/9/2015,447_28,28,447,28.1,mtemp
10/9/2015,447_28,28,447,28,mtemp
10/9/2015,405_31,31,405,31.4,mtemp
10/9/2015,405_31,31,405,31.4,mtemp
10/9/2015,405_31,31,405,31.4,mtemp
10/9/2015,673_28,28,673,27.9,mtemp
10/9/2015,673_28,28,673,28.1,mtemp
10/9/2015,673_28,28,673,28,mtemp
10/9/2015,701_31,31,701,30.9,mtemp
10/9/2015,701_31,31,701,30.9,mtemp
10/9/2015,701_31,31,701,30.9,mtemp
12/10/2015,288_28,28,288,27.9,mtemp
12/10/2015,288_28,28,288,27.9,mtemp
12/10/2015,288_28,28,288,27.8,mtemp
12/10/2015,311_31,31,311,30.8,mtemp
12/10/2015,311_31,31,311,30.7,mtemp
12/10/2015,311_31,31,311,30.8,mtemp
12/10/2015,3285_28,28,3285,28.3,mtemp
12/10/2015,3285_28,28,3285,28.3,mtemp
12/10/2015,3285_28,28,3285,28.3,mtemp
12/10/2015,3309_31,31,3309,31.1,mtemp
12/10/2015,3309_31,31,3309,31.1,mtemp
12/10/2015,3309_31,31,3309,31.2,mtemp
12/10/2015,447_28,28,447,28.2,mtemp
12/10/2015,447_28,28,447,28.1,mtemp
12/10/2015,447_28,28,447,28.2,mtemp
12/10/2015,405_31,31,405,30.8,mtemp
12/10/2015,405_31,31,405,30.9,mtemp
12/10/2015,405_31,31,405,30.8,mtemp
12/10/2015,673_28,28,673,28,mtemp
12/10/2015,673_28,28,673,28.128,mtemp
12/10/2015,673_28,28,673,28,mtemp
12/10/2015,701_31,31,701,31,mtemp
12/10/2015,701_31,31,701,31,mtemp
12/10/2015,701_31,31,701,30.9,mtemp
11/10/2015,288_28,28,288,28,mtemp
11/10/2015,288_28,28,288,28,mtemp
11/10/2015,288_28,28,288,28,mtemp
11/10/2015,311_31,31,311,31.1,mtemp
11/10/2015,311_31,31,311,31.1,mtemp
11/10/2015,311_31,31,311,31,mtemp
11/10/2015,3285_28,28,3285,28.2,mtemp
11/10/2015,3285_28,28,3285,28.2,mtemp
11/10/2015,3285_28,28,3285,28.1,mtemp
11/10/2015,3309_31,31,3309,31,mtemp
11/10/2015,3309_31,31,3309,31.1,mtemp
11/10/2015,3309_31,31,3309,31.2,mtemp
11/10/2015,447_28,28,447,28.2,mtemp
11/10/2015,447_28,28,447,28.2,mtemp
11/10/2015,447_28,28,447,28.1,mtemp
11/10/2015,405_31,31,405,31.3,mtemp
11/10/2015,405_31,31,405,31.2,mtemp
11/10/2015,405_31,31,405,31.3,mtemp
11/10/2015,673_28,28,673,28.1,mtemp
11/10/2015,673_28,28,673,28.2,mtemp
11/10/2015,673_28,28,673,28.2,mtemp
11/10/2015,701_31,31,701,30.8,mtemp
11/10/2015,701_31,31,701,31,mtemp
11/10/2015,701_31,31,701,31,mtemp
12/16/2015,288_28,28,288,27.8,mtemp
12/16/2015,288_28,28,288,27.8,mtemp
12/16/2015,288_28,28,288,27.8,mtemp
12/16/2015,311_31,31,311,30.6,mtemp
12/16/2015,311_31,31,311,30.7,mtemp
12/16/2015,311_31,31,311,30.6,mtemp
12/16/2015,3285_28,28,3285,27.7,mtemp
12/16/2015,3285_28,28,3285,27.8,mtemp
12/16/2015,3285_28,28,3285,27.7,mtemp
12/16/2015,3309_31,31,3309,31.2,mtemp
12/16/2015,3309_31,31,3309,31.2,mtemp
12/16/2015,3309_31,31,3309,31.3,mtemp
12/16/2015,447_28,28,447,28.3,mtemp
12/16/2015,447_28,28,447,28.2,mtemp
12/16/2015,447_28,28,447,28,mtemp
12/16/2015,405_31,31,405,30.9,mtemp
12/16/2015,405_31,31,405,30.9,mtemp
12/16/2015,405_31,31,405,31,mtemp
12/16/2015,673_28,28,673,28.2,mtemp
12/16/2015,673_28,28,673,28.3,mtemp
12/16/2015,673_28,28,673,28.2,mtemp
12/16/2015,701_31,31,701,31,mtemp
12/16/2015,701_31,31,701,31,mtemp
12/16/2015,701_31,31,701,31,mtemp
9/19/2015,288_28,28,288,28.5,mtemp
9/19/2015,288_28,28,288,28.6,mtemp
9/19/2015,288_28,28,288,28.5,mtemp
9/19/2015,311_31,31,311,30.6,mtemp
9/19/2015,311_31,31,311,30.6,mtemp
9/19/2015,311_31,31,311,30.7,mtemp
9/19/2015,3285_28,28,3285,28,mtemp
9/19/2015,3285_28,28,3285,28,mtemp
9/19/2015,3285_28,28,3285,28.1,mtemp
9/19/2015,3309_31,31,3309,30.8,mtemp
9/19/2015,3309_31,31,3309,30.7,mtemp
9/19/2015,3309_31,31,3309,30.8,mtemp
9/19/2015,447_28,28,447,28,mtemp
9/19/2015,447_28,28,447,28.1,mtemp
9/19/2015,447_28,28,447,28,mtemp
9/19/2015,405_31,31,405,31.2,mtemp
9/19/2015,405_31,31,405,31.1,mtemp
9/19/2015,405_31,31,405,31.2,mtemp
9/19/2015,673_28,28,673,27.6,mtemp
9/19/2015,673_28,28,673,27.6,mtemp
9/19/2015,673_28,28,673,27.5,mtemp
9/19/2015,701_31,31,701,30.7,mtemp
9/19/2015,701_31,31,701,30.8,mtemp
9/19/2015,701_31,31,701,30.7,mtemp
11/20/2015,288_28,28,288,27.9,mtemp
11/20/2015,288_28,28,288,27.8,mtemp
11/20/2015,288_28,28,288,27.9,mtemp
11/20/2015,311_31,31,311,31.1,mtemp
11/20/2015,311_31,31,311,31.1,mtemp
11/20/2015,311_31,31,311,31,mtemp
11/20/2015,3285_28,28,3285,28,mtemp
11/20/2015,3285_28,28,3285,28,mtemp
11/20/2015,3285_28,28,3285,27.9,mtemp
11/20/2015,3309_31,31,3309,31.1,mtemp
11/20/2015,3309_31,31,3309,31.1,mtemp
11/20/2015,3309_31,31,3309,31.2,mtemp
11/20/2015,447_28,28,447,28,mtemp
11/20/2015,447_28,28,447,27.9,mtemp
11/20/2015,447_28,28,447,27.8,mtemp
11/20/2015,405_31,31,405,30.8,mtemp
11/20/2015,405_31,31,405,30.8,mtemp
11/20/2015,405_31,31,405,30.8,mtemp
11/20/2015,673_28,28,673,28.1,mtemp
11/20/2015,673_28,28,673,28.2,mtemp
11/20/2015,673_28,28,673,28.1,mtemp
11/20/2015,701_31,31,701,30.5,mtemp
11/20/2015,701_31,31,701,30.5,mtemp
11/20/2015,701_31,31,701,30.5,mtemp
10/20/2015,288_28,28,288,27.8,mtemp
10/20/2015,288_28,28,288,27.9,mtemp
10/20/2015,288_28,28,288,27.8,mtemp
10/20/2015,311_31,31,311,30.8,mtemp
10/20/2015,311_31,31,311,30.9,mtemp
10/20/2015,311_31,31,311,30.9,mtemp
10/20/2015,3285_28,28,3285,28.2,mtemp
10/20/2015,3285_28,28,3285,28.3,mtemp
10/20/2015,3285_28,28,3285,28.3,mtemp
10/20/2015,3309_31,31,3309,30.7,mtemp
10/20/2015,3309_31,31,3309,30.8,mtemp
10/20/2015,3309_31,31,3309,30.9,mtemp
10/20/2015,447_28,28,447,28,mtemp
10/20/2015,447_28,28,447,28.1,mtemp
10/20/2015,447_28,28,447,28,mtemp
10/20/2015,405_31,31,405,30.8,mtemp
10/20/2015,405_31,31,405,30.8,mtemp
10/20/2015,405_31,31,405,30.9,mtemp
10/20/2015,673_28,28,673,27.8,mtemp
10/20/2015,673_28,28,673,27.9,mtemp
10/20/2015,673_28,28,673,27.9,mtemp
10/20/2015,701_31,31,701,31.1,mtemp
10/20/2015,701_31,31,701,31.1,mtemp
10/20/2015,701_31,31,701,31.1,mtemp
11/30/2015,288_28,28,288,27.9,mtemp
11/30/2015,288_28,28,288,28,mtemp
11/30/2015,288_28,28,288,27.9,mtemp
11/30/2015,311_31,31,311,30.7,mtemp
11/30/2015,311_31,31,311,30.7,mtemp
11/30/2015,311_31,31,311,30.7,mtemp
11/30/2015,3285_28,28,3285,27.8,mtemp
11/30/2015,3285_28,28,3285,27.8,mtemp
11/30/2015,3285_28,28,3285,27.8,mtemp
11/30/2015,3309_31,31,3309,31,mtemp
11/30/2015,3309_31,31,3309,30.9,mtemp
11/30/2015,3309_31,31,3309,31,mtemp
11/30/2015,447_28,28,447,28.1,mtemp
11/30/2015,447_28,28,447,28,mtemp
11/30/2015,447_28,28,447,27.8,mtemp
11/30/2015,405_31,31,405,30.9,mtemp
11/30/2015,405_31,31,405,30.9,mtemp
11/30/2015,405_31,31,405,30.8,mtemp
11/30/2015,673_28,28,673,28.1,mtemp
11/30/2015,673_28,28,673,28.2,mtemp
11/30/2015,673_28,28,673,28.2,mtemp
11/30/2015,701_31,31,701,30.2,mtemp
11/30/2015,701_31,31,701,30.2,mtemp
11/30/2015,701_31,31,701,30.2,mtemp
10/30/2015,288_28,28,288,28.1,mtemp
10/30/2015,288_28,28,288,28,mtemp
10/30/2015,288_28,28,288,28.1,mtemp
10/30/2015,311_31,31,311,30.7,mtemp
10/30/2015,311_31,31,311,30.7,mtemp
10/30/2015,311_31,31,311,30.7,mtemp
10/30/2015,3285_28,28,3285,28.2,mtemp
10/30/2015,3285_28,28,3285,28.2,mtemp
10/30/2015,3285_28,28,3285,28.1,mtemp
10/30/2015,3309_31,31,3309,30.8,mtemp
10/30/2015,3309_31,31,3309,30.8,mtemp
10/30/2015,3309_31,31,3309,30.8,mtemp
10/30/2015,447_28,28,447,28.2,mtemp
10/30/2015,447_28,28,447,28.2,mtemp
10/30/2015,447_28,28,447,28,mtemp
10/30/2015,405_31,31,405,30.7,mtemp
10/30/2015,405_31,31,405,30.8,mtemp
10/30/2015,405_31,31,405,30.8,mtemp
10/30/2015,673_28,28,673,28,mtemp
10/30/2015,673_28,28,673,28,mtemp
10/30/2015,673_28,28,673,28,mtemp
10/30/2015,701_31,31,701,31.1,mtemp
10/30/2015,701_31,31,701,31,mtemp
10/30/2015,701_31,31,701,31,mtemp
9/30/2015,288_28,28,288,28.5,mtemp
9/30/2015,288_28,28,288,28.4,mtemp
9/30/2015,288_28,28,288,28.4,mtemp
9/30/2015,311_31,31,311,31.9,mtemp
9/30/2015,311_31,31,311,31.8,mtemp
9/30/2015,311_31,31,311,31.8,mtemp
9/30/2015,3285_28,28,3285,28.1,mtemp
9/30/2015,3285_28,28,3285,28,mtemp
9/30/2015,3285_28,28,3285,28.2,mtemp
9/30/2015,3309_31,31,3309,30,mtemp
9/30/2015,3309_31,31,3309,30,mtemp
9/30/2015,3309_31,31,3309,30.1,mtemp
9/30/2015,447_28,28,447,27.3,mtemp
9/30/2015,447_28,28,447,27.2,mtemp
9/30/2015,447_28,28,447,27.2,mtemp
9/30/2015,405_31,31,405,32.1,mtemp
9/30/2015,405_31,31,405,32.1,mtemp
9/30/2015,405_31,31,405,32.2,mtemp
9/30/2015,673_28,28,673,28.4,mtemp
9/30/2015,673_28,28,673,28.5,mtemp
9/30/2015,673_28,28,673,28.4,mtemp
9/30/2015,701_31,31,701,31.1,mtemp
9/30/2015,701_31,31,701,31,mtemp
9/30/2015,701_31,31,701,31,mtemp
10/9/2015,288_28,28,288,31.561,sal
10/9/2015,288_28,28,288,31.561,sal
10/9/2015,288_28,28,288,31.561,sal
10/9/2015,311_31,31,311,31.501,sal
10/9/2015,311_31,31,311,31.501,sal
10/9/2015,311_31,31,311,31.501,sal
10/9/2015,3285_28,28,3285,31.62766667,sal
10/9/2015,3285_28,28,3285,31.59433333,sal
10/9/2015,3285_28,28,3285,31.561,sal
10/9/2015,3309_31,31,3309,31.501,sal
10/9/2015,3309_31,31,3309,31.501,sal
10/9/2015,3309_31,31,3309,31.501,sal
10/9/2015,447_28,28,447,31.561,sal
10/9/2015,447_28,28,447,31.561,sal
10/9/2015,447_28,28,447,31.561,sal
10/9/2015,405_31,31,405,31.501,sal
10/9/2015,405_31,31,405,31.53433333,sal
10/9/2015,405_31,31,405,31.601,sal
10/9/2015,673_28,28,673,31.461,sal
10/9/2015,673_28,28,673,31.49433333,sal
10/9/2015,673_28,28,673,31.49433333,sal
10/9/2015,701_31,31,701,31.501,sal
10/9/2015,701_31,31,701,31.501,sal
10/9/2015,701_31,31,701,31.501,sal
12/10/2015,288_28,28,288,31.861,sal
12/10/2015,288_28,28,288,31.82766667,sal
12/10/2015,288_28,28,288,31.861,sal
12/10/2015,311_31,31,311,31.89766667,sal
12/10/2015,311_31,31,311,31.89766667,sal
12/10/2015,311_31,31,311,31.931,sal
12/10/2015,3285_28,28,3285,31.99433333,sal
12/10/2015,3285_28,28,3285,31.961,sal
12/10/2015,3285_28,28,3285,31.99433333,sal
12/10/2015,3309_31,31,3309,31.76433333,sal
12/10/2015,3309_31,31,3309,31.831,sal
12/10/2015,3309_31,31,3309,31.79766667,sal
12/10/2015,447_28,28,447,31.92766667,sal
12/10/2015,447_28,28,447,31.861,sal
12/10/2015,447_28,28,447,31.89433333,sal
12/10/2015,405_31,31,405,31.76433333,sal
12/10/2015,405_31,31,405,31.86433333,sal
12/10/2015,405_31,31,405,31.86433333,sal
12/10/2015,673_28,28,673,31.861,sal
12/10/2015,673_28,28,673,31.82766667,sal
12/10/2015,673_28,28,673,31.861,sal
12/10/2015,701_31,31,701,31.831,sal
12/10/2015,701_31,31,701,31.831,sal
12/10/2015,701_31,31,701,31.79766667,sal
11/10/2015,288_28,28,288,31.99766667,sal
11/10/2015,288_28,28,288,31.931,sal
11/10/2015,288_28,28,288,31.931,sal
11/10/2015,311_31,31,311,31.85766667,sal
11/10/2015,311_31,31,311,31.891,sal
11/10/2015,311_31,31,311,31.891,sal
11/10/2015,3285_28,28,3285,32.031,sal
11/10/2015,3285_28,28,3285,32.031,sal
11/10/2015,3285_28,28,3285,32.031,sal
11/10/2015,3309_31,31,3309,31.891,sal
11/10/2015,3309_31,31,3309,31.92433333,sal
11/10/2015,3309_31,31,3309,31.891,sal
11/10/2015,447_28,28,447,32.031,sal
11/10/2015,447_28,28,447,32.031,sal
11/10/2015,447_28,28,447,32.031,sal
11/10/2015,405_31,31,405,31.92433333,sal
11/10/2015,405_31,31,405,31.991,sal
11/10/2015,405_31,31,405,31.92433333,sal
11/10/2015,673_28,28,673,31.931,sal
11/10/2015,673_28,28,673,31.931,sal
11/10/2015,673_28,28,673,31.89766667,sal
11/10/2015,701_31,31,701,31.891,sal
11/10/2015,701_31,31,701,31.891,sal
11/10/2015,701_31,31,701,31.85766667,sal
12/16/2015,288_28,28,288,31.99433333,sal
12/16/2015,288_28,28,288,32.061,sal
12/16/2015,288_28,28,288,31.99433333,sal
12/16/2015,311_31,31,311,32.12433333,sal
12/16/2015,311_31,31,311,32.091,sal
12/16/2015,311_31,31,311,32.091,sal
12/16/2015,3285_28,28,3285,31.961,sal
12/16/2015,3285_28,28,3285,31.961,sal
12/16/2015,3285_28,28,3285,31.89433333,sal
12/16/2015,3309_31,31,3309,32.05766667,sal
12/16/2015,3309_31,31,3309,31.991,sal
12/16/2015,3309_31,31,3309,31.891,sal
12/16/2015,447_28,28,447,31.861,sal
12/16/2015,447_28,28,447,31.861,sal
12/16/2015,447_28,28,447,31.82766667,sal
12/16/2015,405_31,31,405,32.02433333,sal
12/16/2015,405_31,31,405,32.02433333,sal
12/16/2015,405_31,31,405,32.05766667,sal
12/16/2015,673_28,28,673,32.02766667,sal
12/16/2015,673_28,28,673,31.99433333,sal
12/16/2015,673_28,28,673,31.99433333,sal
12/16/2015,701_31,31,701,32.05766667,sal
12/16/2015,701_31,31,701,32.05766667,sal
12/16/2015,701_31,31,701,32.05766667,sal
9/19/2015,288_28,28,288,31.761,sal
9/19/2015,288_28,28,288,31.761,sal
9/19/2015,288_28,28,288,31.761,sal
9/19/2015,311_31,31,311,31.89433333,sal
9/19/2015,311_31,31,311,31.861,sal
9/19/2015,311_31,31,311,31.861,sal
9/19/2015,3285_28,28,3285,31.72766667,sal
9/19/2015,3285_28,28,3285,31.72766667,sal
9/19/2015,3285_28,28,3285,31.761,sal
9/19/2015,3309_31,31,3309,31.82766667,sal
9/19/2015,3309_31,31,3309,31.82766667,sal
9/19/2015,3309_31,31,3309,31.761,sal
9/19/2015,447_28,28,447,31.861,sal
9/19/2015,447_28,28,447,31.79433333,sal
9/19/2015,447_28,28,447,31.761,sal
9/19/2015,405_31,31,405,31.761,sal
9/19/2015,405_31,31,405,31.761,sal
9/19/2015,405_31,31,405,31.79433333,sal
9/19/2015,673_28,28,673,31.761,sal
9/19/2015,673_28,28,673,31.761,sal
9/19/2015,673_28,28,673,31.79433333,sal
9/19/2015,701_31,31,701,31.72766667,sal
9/19/2015,701_31,31,701,31.72766667,sal
9/19/2015,701_31,31,701,31.761,sal
11/20/2015,288_28,28,288,31.861,sal
11/20/2015,288_28,28,288,31.92766667,sal
11/20/2015,288_28,28,288,31.961,sal
11/20/2015,311_31,31,311,31.861,sal
11/20/2015,311_31,31,311,31.82766667,sal
11/20/2015,311_31,31,311,31.89433333,sal
11/20/2015,3285_28,28,3285,31.861,sal
11/20/2015,3285_28,28,3285,31.861,sal
11/20/2015,3285_28,28,3285,31.861,sal
11/20/2015,3309_31,31,3309,31.89433333,sal
11/20/2015,3309_31,31,3309,31.861,sal
11/20/2015,3309_31,31,3309,31.79433333,sal
11/20/2015,447_28,28,447,31.961,sal
11/20/2015,447_28,28,447,31.99433333,sal
11/20/2015,447_28,28,447,31.961,sal
11/20/2015,405_31,31,405,31.961,sal
11/20/2015,405_31,31,405,31.99433333,sal
11/20/2015,405_31,31,405,31.961,sal
11/20/2015,673_28,28,673,31.89433333,sal
11/20/2015,673_28,28,673,31.861,sal
11/20/2015,673_28,28,673,31.861,sal
11/20/2015,701_31,31,701,31.89433333,sal
11/20/2015,701_31,31,701,31.89433333,sal
11/20/2015,701_31,31,701,31.89433333,sal
10/20/2015,288_28,28,288,31.761,sal
10/20/2015,288_28,28,288,31.79433333,sal
10/20/2015,288_28,28,288,31.861,sal
10/20/2015,311_31,31,311,31.961,sal
10/20/2015,311_31,31,311,31.961,sal
10/20/2015,311_31,31,311,31.92766667,sal
10/20/2015,3285_28,28,3285,31.861,sal
10/20/2015,3285_28,28,3285,31.861,sal
10/20/2015,3285_28,28,3285,31.861,sal
10/20/2015,3309_31,31,3309,31.961,sal
10/20/2015,3309_31,31,3309,31.961,sal
10/20/2015,3309_31,31,3309,31.89433333,sal
10/20/2015,447_28,28,447,31.761,sal
10/20/2015,447_28,28,447,31.82766667,sal
10/20/2015,447_28,28,447,31.79433333,sal
10/20/2015,405_31,31,405,31.82766667,sal
10/20/2015,405_31,31,405,31.89433333,sal
10/20/2015,405_31,31,405,31.961,sal
10/20/2015,673_28,28,673,31.761,sal
10/20/2015,673_28,28,673,31.761,sal
10/20/2015,673_28,28,673,31.761,sal
10/20/2015,701_31,31,701,31.861,sal
10/20/2015,701_31,31,701,31.861,sal
10/20/2015,701_31,31,701,31.961,sal
11/30/2015,288_28,28,288,31.861,sal
11/30/2015,288_28,28,288,31.861,sal
11/30/2015,288_28,28,288,31.89433333,sal
11/30/2015,311_31,31,311,31.95766667,sal
11/30/2015,311_31,31,311,31.95766667,sal
11/30/2015,311_31,31,311,31.92433333,sal
11/30/2015,3285_28,28,3285,31.961,sal
11/30/2015,3285_28,28,3285,31.961,sal
11/30/2015,3285_28,28,3285,31.961,sal
11/30/2015,3309_31,31,3309,31.95766667,sal
11/30/2015,3309_31,31,3309,31.891,sal
11/30/2015,3309_31,31,3309,31.991,sal
11/30/2015,447_28,28,447,32.02766667,sal
11/30/2015,447_28,28,447,32.02766667,sal
11/30/2015,447_28,28,447,31.961,sal
11/30/2015,405_31,31,405,31.891,sal
11/30/2015,405_31,31,405,31.92433333,sal
11/30/2015,405_31,31,405,31.891,sal
11/30/2015,673_28,28,673,31.861,sal
11/30/2015,673_28,28,673,31.89433333,sal
11/30/2015,673_28,28,673,31.861,sal
11/30/2015,701_31,31,701,31.92433333,sal
11/30/2015,701_31,31,701,31.92433333,sal
11/30/2015,701_31,31,701,31.85766667,sal
10/30/2015,288_28,28,288,31.82766667,sal
10/30/2015,288_28,28,288,31.82766667,sal
10/30/2015,288_28,28,288,31.89433333,sal
10/30/2015,311_31,31,311,31.82766667,sal
10/30/2015,311_31,31,311,31.79433333,sal
10/30/2015,311_31,31,311,31.861,sal
10/30/2015,3285_28,28,3285,31.961,sal
10/30/2015,3285_28,28,3285,31.99433333,sal
10/30/2015,3285_28,28,3285,31.89433333,sal
10/30/2015,3309_31,31,3309,31.861,sal
10/30/2015,3309_31,31,3309,31.82766667,sal
10/30/2015,3309_31,31,3309,31.861,sal
10/30/2015,447_28,28,447,31.861,sal
10/30/2015,447_28,28,447,31.861,sal
10/30/2015,447_28,28,447,31.861,sal
10/30/2015,405_31,31,405,31.761,sal
10/30/2015,405_31,31,405,31.82766667,sal
10/30/2015,405_31,31,405,31.861,sal
10/30/2015,673_28,28,673,31.82766667,sal
10/30/2015,673_28,28,673,31.82766667,sal
10/30/2015,673_28,28,673,31.82766667,sal
10/30/2015,701_31,31,701,31.861,sal
10/30/2015,701_31,31,701,31.861,sal
10/30/2015,701_31,31,701,31.861,sal
9/30/2015,288_28,28,288,31.361,sal
9/30/2015,288_28,28,288,31.42766667,sal
9/30/2015,288_28,28,288,31.39433333,sal
9/30/2015,311_31,31,311,31.361,sal
9/30/2015,311_31,31,311,31.361,sal
9/30/2015,311_31,31,311,31.29433333,sal
9/30/2015,3285_28,28,3285,31.29433333,sal
9/30/2015,3285_28,28,3285,31.32766667,sal
9/30/2015,3285_28,28,3285,31.361,sal
9/30/2015,3309_31,31,3309,31.461,sal
9/30/2015,3309_31,31,3309,31.461,sal
9/30/2015,3309_31,31,3309,31.461,sal
9/30/2015,447_28,28,447,31.361,sal
9/30/2015,447_28,28,447,31.361,sal
9/30/2015,447_28,28,447,31.32766667,sal
9/30/2015,405_31,31,405,31.32766667,sal
9/30/2015,405_31,31,405,31.361,sal
9/30/2015,405_31,31,405,31.39433333,sal
9/30/2015,673_28,28,673,31.29433333,sal
9/30/2015,673_28,28,673,31.29433333,sal
9/30/2015,673_28,28,673,31.29433333,sal
9/30/2015,701_31,31,701,31.29433333,sal
9/30/2015,701_31,31,701,31.29433333,sal
9/30/2015,701_31,31,701,31.32766667,sal
10/9/2015,288_28,28,288,8.192164179,pHm
10/9/2015,288_28,28,288,8.197761194,pHm
10/9/2015,288_28,28,288,8.192164179,pHm
10/9/2015,311_31,31,311,8.140115163,pHm
10/9/2015,311_31,31,311,8.151631478,pHm
10/9/2015,311_31,31,311,8.16890595,pHm
10/9/2015,3285_28,28,3285,7.296641791,pHm
10/9/2015,3285_28,28,3285,7.268656716,pHm
10/9/2015,3285_28,28,3285,7.291044776,pHm
10/9/2015,3309_31,31,3309,7.24184261,pHm
10/9/2015,3309_31,31,3309,7.236084453,pHm
10/9/2015,3309_31,31,3309,7.224568138,pHm
10/9/2015,447_28,28,447,8.15858209,pHm
10/9/2015,447_28,28,447,8.175373134,pHm
10/9/2015,447_28,28,447,8.175373134,pHm
10/9/2015,405_31,31,405,8.16890595,pHm
10/9/2015,405_31,31,405,8.174664107,pHm
10/9/2015,405_31,31,405,8.197696737,pHm
10/9/2015,673_28,28,673,7.962686567,pHm
10/9/2015,673_28,28,673,7.973880597,pHm
10/9/2015,673_28,28,673,7.957089552,pHm
10/9/2015,701_31,31,701,7.990403071,pHm
10/9/2015,701_31,31,701,7.978886756,pHm
10/9/2015,701_31,31,701,7.967370441,pHm
12/10/2015,288_28,28,288,8.318014706,pHm
12/10/2015,288_28,28,288,8.318014706,pHm
12/10/2015,288_28,28,288,8.3125,pHm
12/10/2015,311_31,31,311,8.466789668,pHm
12/10/2015,311_31,31,311,8.472324723,pHm
12/10/2015,311_31,31,311,8.461254613,pHm
12/10/2015,3285_28,28,3285,7.419117647,pHm
12/10/2015,3285_28,28,3285,7.413602941,pHm
12/10/2015,3285_28,28,3285,7.424632353,pHm
12/10/2015,3309_31,31,3309,7.492619926,pHm
12/10/2015,3309_31,31,3309,7.470479705,pHm
12/10/2015,3309_31,31,3309,7.464944649,pHm
12/10/2015,447_28,28,447,8.295955882,pHm
12/10/2015,447_28,28,447,8.284926471,pHm
12/10/2015,447_28,28,447,8.301470588,pHm
12/10/2015,405_31,31,405,8.212177122,pHm
12/10/2015,405_31,31,405,8.195571956,pHm
12/10/2015,405_31,31,405,8.206642066,pHm
12/10/2015,673_28,28,673,8.020220588,pHm
12/10/2015,673_28,28,673,8.020220588,pHm
12/10/2015,673_28,28,673,8.020220588,pHm
12/10/2015,701_31,31,701,8.140221402,pHm
12/10/2015,701_31,31,701,8.145756458,pHm
12/10/2015,701_31,31,701,8.145756458,pHm
11/10/2015,288_28,28,288,8.401869159,pHm
11/10/2015,288_28,28,288,8.396261682,pHm
11/10/2015,288_28,28,288,8.407476636,pHm
11/10/2015,311_31,31,311,8.322701689,pHm
11/10/2015,311_31,31,311,8.328330206,pHm
11/10/2015,311_31,31,311,8.311444653,pHm
11/10/2015,3285_28,28,3285,7.353271028,pHm
11/10/2015,3285_28,28,3285,7.336448598,pHm
11/10/2015,3285_28,28,3285,7.364485981,pHm
11/10/2015,3309_31,31,3309,7.230769231,pHm
11/10/2015,3309_31,31,3309,7.230769231,pHm
11/10/2015,3309_31,31,3309,7.230769231,pHm
11/10/2015,447_28,28,447,8.160747664,pHm
11/10/2015,447_28,28,447,8.143925234,pHm
11/10/2015,447_28,28,447,8.14953271,pHm
11/10/2015,405_31,31,405,8.080675422,pHm
11/10/2015,405_31,31,405,8.075046904,pHm
11/10/2015,405_31,31,405,8.08630394,pHm
11/10/2015,673_28,28,673,8.020560748,pHm
11/10/2015,673_28,28,673,8.009345794,pHm
11/10/2015,673_28,28,673,8.009345794,pHm
11/10/2015,701_31,31,701,7.990619137,pHm
11/10/2015,701_31,31,701,7.990619137,pHm
11/10/2015,701_31,31,701,7.990619137,pHm
12/16/2015,288_28,28,288,8.269230769,pHm
12/16/2015,288_28,28,288,8.258241758,pHm
12/16/2015,288_28,28,288,8.258241758,pHm
12/16/2015,311_31,31,311,8.413357401,pHm
12/16/2015,311_31,31,311,8.413357401,pHm
12/16/2015,311_31,31,311,8.397111913,pHm
12/16/2015,3285_28,28,3285,7.401098901,pHm
12/16/2015,3285_28,28,3285,7.412087912,pHm
12/16/2015,3285_28,28,3285,7.406593407,pHm
12/16/2015,3309_31,31,3309,7.460288809,pHm
12/16/2015,3309_31,31,3309,7.481949458,pHm
12/16/2015,3309_31,31,3309,7.492779783,pHm
12/16/2015,447_28,28,447,8.192307692,pHm
12/16/2015,447_28,28,447,8.192307692,pHm
12/16/2015,447_28,28,447,8.192307692,pHm
12/16/2015,405_31,31,405,8.126353791,pHm
12/16/2015,405_31,31,405,8.110108303,pHm
12/16/2015,405_31,31,405,8.115523466,pHm
12/16/2015,673_28,28,673,8.126373626,pHm
12/16/2015,673_28,28,673,8.137362637,pHm
12/16/2015,673_28,28,673,8.131868132,pHm
12/16/2015,701_31,31,701,8.16967509,pHm
12/16/2015,701_31,31,701,8.19133574,pHm
12/16/2015,701_31,31,701,8.196750903,pHm
9/19/2015,288_28,28,288,8.331491713,pHm
9/19/2015,288_28,28,288,8.337016575,pHm
9/19/2015,288_28,28,288,8.325966851,pHm
9/19/2015,311_31,31,311,8.35483871,pHm
9/19/2015,311_31,31,311,8.366223909,pHm
9/19/2015,311_31,31,311,8.377609108,pHm
9/19/2015,3285_28,28,3285,7.342541436,pHm
9/19/2015,3285_28,28,3285,7.359116022,pHm
9/19/2015,3285_28,28,3285,7.359116022,pHm
9/19/2015,3309_31,31,3309,7.273244782,pHm
9/19/2015,3309_31,31,3309,7.267552182,pHm
9/19/2015,3309_31,31,3309,7.278937381,pHm
9/19/2015,447_28,28,447,8.171270718,pHm
9/19/2015,447_28,28,447,8.171270718,pHm
9/19/2015,447_28,28,447,8.187845304,pHm
9/19/2015,405_31,31,405,8.337760911,pHm
9/19/2015,405_31,31,405,8.337760911,pHm
9/19/2015,405_31,31,405,8.34345351,pHm
9/19/2015,673_28,28,673,8.033149171,pHm
9/19/2015,673_28,28,673,8.022099448,pHm
9/19/2015,673_28,28,673,8.038674033,pHm
9/19/2015,701_31,31,701,8.018975332,pHm
9/19/2015,701_31,31,701,8.013282732,pHm
9/19/2015,701_31,31,701,8.013282732,pHm
11/20/2015,288_28,28,288,8.269016698,pHm
11/20/2015,288_28,28,288,8.252319109,pHm
11/20/2015,288_28,28,288,8.263450835,pHm
11/20/2015,311_31,31,311,8.34345351,pHm
11/20/2015,311_31,31,311,8.34914611,pHm
11/20/2015,311_31,31,311,8.34914611,pHm
11/20/2015,3285_28,28,3285,7.350649351,pHm
11/20/2015,3285_28,28,3285,7.339517625,pHm
11/20/2015,3285_28,28,3285,7.345083488,pHm
11/20/2015,3309_31,31,3309,7.330170778,pHm
11/20/2015,3309_31,31,3309,7.352941176,pHm
11/20/2015,3309_31,31,3309,7.330170778,pHm
11/20/2015,447_28,28,447,8.185528757,pHm
11/20/2015,447_28,28,447,8.179962894,pHm
11/20/2015,447_28,28,447,8.179962894,pHm
11/20/2015,405_31,31,405,8.127134725,pHm
11/20/2015,405_31,31,405,8.132827324,pHm
11/20/2015,405_31,31,405,8.132827324,pHm
11/20/2015,673_28,28,673,8.035250464,pHm
11/20/2015,673_28,28,673,8.035250464,pHm
11/20/2015,673_28,28,673,8.024118738,pHm
11/20/2015,701_31,31,701,8.092979127,pHm
11/20/2015,701_31,31,701,8.110056926,pHm
11/20/2015,701_31,31,701,8.104364326,pHm
10/20/2015,288_28,28,288,8.237918216,pHm
10/20/2015,288_28,28,288,8.249070632,pHm
10/20/2015,288_28,28,288,8.25464684,pHm
10/20/2015,311_31,31,311,8.264650284,pHm
10/20/2015,311_31,31,311,8.202268431,pHm
10/20/2015,311_31,31,311,8.207939509,pHm
10/20/2015,3285_28,28,3285,7.267657993,pHm
10/20/2015,3285_28,28,3285,7.273234201,pHm
10/20/2015,3285_28,28,3285,7.284386617,pHm
10/20/2015,3309_31,31,3309,7.24952741,pHm
10/20/2015,3309_31,31,3309,7.243856333,pHm
10/20/2015,3309_31,31,3309,7.232514178,pHm
10/20/2015,447_28,28,447,8.221189591,pHm
10/20/2015,447_28,28,447,8.221189591,pHm
10/20/2015,447_28,28,447,8.221189591,pHm
10/20/2015,405_31,31,405,8.145557656,pHm
10/20/2015,405_31,31,405,8.151228733,pHm
10/20/2015,405_31,31,405,8.162570888,pHm
10/20/2015,673_28,28,673,7.920074349,pHm
10/20/2015,673_28,28,673,7.920074349,pHm
10/20/2015,673_28,28,673,7.920074349,pHm
10/20/2015,701_31,31,701,7.930056711,pHm
10/20/2015,701_31,31,701,7.930056711,pHm
10/20/2015,701_31,31,701,7.930056711,pHm
11/30/2015,288_28,28,288,8.422794118,pHm
11/30/2015,288_28,28,288,8.411764706,pHm
11/30/2015,288_28,28,288,8.411764706,pHm
11/30/2015,311_31,31,311,8.536044362,pHm
11/30/2015,311_31,31,311,8.541589649,pHm
11/30/2015,311_31,31,311,8.541589649,pHm
11/30/2015,3285_28,28,3285,7.363970588,pHm
11/30/2015,3285_28,28,3285,7.375,pHm
11/30/2015,3285_28,28,3285,7.369485294,pHm
11/30/2015,3309_31,31,3309,7.46025878,pHm
11/30/2015,3309_31,31,3309,7.465804067,pHm
11/30/2015,3309_31,31,3309,7.426987061,pHm
11/30/2015,447_28,28,447,8.306985294,pHm
11/30/2015,447_28,28,447,8.3125,pHm
11/30/2015,447_28,28,447,8.329044118,pHm
11/30/2015,405_31,31,405,8.292051756,pHm
11/30/2015,405_31,31,405,8.292051756,pHm
11/30/2015,405_31,31,405,8.292051756,pHm
11/30/2015,673_28,28,673,8.042279412,pHm
11/30/2015,673_28,28,673,8.047794118,pHm
11/30/2015,673_28,28,673,8.053308824,pHm
11/30/2015,701_31,31,701,8.136783734,pHm
11/30/2015,701_31,31,701,8.147874307,pHm
11/30/2015,701_31,31,701,8.14232902,pHm
10/30/2015,288_28,28,288,8.431034483,pHm
10/30/2015,288_28,28,288,8.431034483,pHm
10/30/2015,288_28,28,288,8.431034483,pHm
10/30/2015,311_31,31,311,8.20112782,pHm
10/30/2015,311_31,31,311,8.189849624,pHm
10/30/2015,311_31,31,311,8.195488722,pHm
10/30/2015,3285_28,28,3285,7.356321839,pHm
10/30/2015,3285_28,28,3285,7.356321839,pHm
10/30/2015,3285_28,28,3285,7.367816092,pHm
10/30/2015,3309_31,31,3309,7.293233083,pHm
10/30/2015,3309_31,31,3309,7.304511278,pHm
10/30/2015,3309_31,31,3309,7.276315789,pHm
10/30/2015,447_28,28,447,8.24137931,pHm
10/30/2015,447_28,28,447,8.235632184,pHm
10/30/2015,447_28,28,447,8.24137931,pHm
10/30/2015,405_31,31,405,8.291353383,pHm
10/30/2015,405_31,31,405,8.285714286,pHm
10/30/2015,405_31,31,405,8.291353383,pHm
10/30/2015,673_28,28,673,8.034482759,pHm
10/30/2015,673_28,28,673,8.034482759,pHm
10/30/2015,673_28,28,673,8.034482759,pHm
10/30/2015,701_31,31,701,7.953007519,pHm
10/30/2015,701_31,31,701,7.953007519,pHm
10/30/2015,701_31,31,701,7.953007519,pHm
9/30/2015,288_28,28,288,8.382084095,pHm
9/30/2015,288_28,28,288,8.393053016,pHm
9/30/2015,288_28,28,288,8.393053016,pHm
9/30/2015,311_31,31,311,8.300934579,pHm
9/30/2015,311_31,31,311,8.278504673,pHm
9/30/2015,311_31,31,311,8.28411215,pHm
9/30/2015,3285_28,28,3285,7.31261426,pHm
9/30/2015,3285_28,28,3285,7.219378428,pHm
9/30/2015,3285_28,28,3285,7.329067642,pHm
9/30/2015,3309_31,31,3309,7.117757009,pHm
9/30/2015,3309_31,31,3309,7.117757009,pHm
9/30/2015,3309_31,31,3309,7.117757009,pHm
9/30/2015,447_28,28,447,8.288848263,pHm
9/30/2015,447_28,28,447,8.283363803,pHm
9/30/2015,447_28,28,447,8.283363803,pHm
9/30/2015,405_31,31,405,8.138317757,pHm
9/30/2015,405_31,31,405,8.138317757,pHm
9/30/2015,405_31,31,405,8.138317757,pHm
9/30/2015,673_28,28,673,8.053016453,pHm
9/30/2015,673_28,28,673,8.053016453,pHm
9/30/2015,673_28,28,673,8.053016453,pHm
9/30/2015,701_31,31,701,7.852336449,pHm
9/30/2015,701_31,31,701,7.857943925,pHm
9/30/2015,701_31,31,701,7.869158879,pHm
10/9/2015,288_28,28,288,2030.3,alk
10/9/2015,288_28,28,288,2031.3,alk
10/9/2015,288_28,28,288,2030.5,alk
10/9/2015,311_31,31,311,2076.2,alk
10/9/2015,311_31,31,311,2078.2,alk
10/9/2015,311_31,31,311,2073.8,alk
10/9/2015,3285_28,28,3285,2103.1,alk
10/9/2015,3285_28,28,3285,2096.8,alk
10/9/2015,3285_28,28,3285,2104.1,alk
10/9/2015,3309_31,31,3309,2090.3,alk
10/9/2015,3309_31,31,3309,2089.6,alk
10/9/2015,3309_31,31,3309,2093.4,alk
10/9/2015,447_28,28,447,2057.5,alk
10/9/2015,447_28,28,447,2053.5,alk
10/9/2015,447_28,28,447,2055.1,alk
10/9/2015,405_31,31,405,2042.1,alk
10/9/2015,405_31,31,405,2040.9,alk
10/9/2015,405_31,31,405,2039.9,alk
10/9/2015,673_28,28,673,2050,alk
10/9/2015,673_28,28,673,2052.9,alk
10/9/2015,673_28,28,673,2056.1,alk
10/9/2015,701_31,31,701,2029.8,alk
10/9/2015,701_31,31,701,2034.3,alk
10/9/2015,701_31,31,701,2031.5,alk
12/10/2015,288_28,28,288,2087.2,alk
12/10/2015,288_28,28,288,2083.7,alk
12/10/2015,288_28,28,288,2084.2,alk
12/10/2015,311_31,31,311,2132.7,alk
12/10/2015,311_31,31,311,2128,alk
12/10/2015,311_31,31,311,2130,alk
12/10/2015,3285_28,28,3285,2159.6,alk
12/10/2015,3285_28,28,3285,2158,alk
12/10/2015,3285_28,28,3285,2159.3,alk
12/10/2015,3309_31,31,3309,2144,alk
12/10/2015,3309_31,31,3309,2142.2,alk
12/10/2015,3309_31,31,3309,2143.3,alk
12/10/2015,447_28,28,447,2080.2,alk
12/10/2015,447_28,28,447,2075.4,alk
12/10/2015,447_28,28,447,2081.7,alk
12/10/2015,405_31,31,405,2097.1,alk
12/10/2015,405_31,31,405,2092.3,alk
12/10/2015,405_31,31,405,2092.3,alk
12/10/2015,673_28,28,673,2120.9,alk
12/10/2015,673_28,28,673,2119,alk
12/10/2015,673_28,28,673,2120.5,alk
12/10/2015,701_31,31,701,2118.1,alk
12/10/2015,701_31,31,701,2112.4,alk
12/10/2015,701_31,31,701,2115.3,alk
11/10/2015,288_28,28,288,2076.7,alk
11/10/2015,288_28,28,288,2080.6,alk
11/10/2015,288_28,28,288,NA,alk
11/10/2015,311_31,31,311,2143.8,alk
11/10/2015,311_31,31,311,2146.1,alk
11/10/2015,311_31,31,311,NA,alk
11/10/2015,3285_28,28,3285,2134.2,alk
11/10/2015,3285_28,28,3285,2127.9,alk
11/10/2015,3285_28,28,3285,2132.4,alk
11/10/2015,3309_31,31,3309,2119.6,alk
11/10/2015,3309_31,31,3309,2134.8,alk
11/10/2015,3309_31,31,3309,2123.2,alk
11/10/2015,447_28,28,447,2094.2,alk
11/10/2015,447_28,28,447,2111.8,alk
11/10/2015,447_28,28,447,2097.4,alk
11/10/2015,405_31,31,405,2112,alk
11/10/2015,405_31,31,405,2112.7,alk
11/10/2015,405_31,31,405,2099.1,alk
11/10/2015,673_28,28,673,2120.7,alk
11/10/2015,673_28,28,673,2127.9,alk
11/10/2015,673_28,28,673,2112.9,alk
11/10/2015,701_31,31,701,2103.2,alk
11/10/2015,701_31,31,701,2106.9,alk
11/10/2015,701_31,31,701,2093.7,alk
12/16/2015,288_28,28,288,2067.4,alk
12/16/2015,288_28,28,288,2065.6,alk
12/16/2015,288_28,28,288,2068.7,alk
12/16/2015,311_31,31,311,2120.9,alk
12/16/2015,311_31,31,311,2109.7,alk
12/16/2015,311_31,31,311,2115.2,alk
12/16/2015,3285_28,28,3285,2158,alk
12/16/2015,3285_28,28,3285,2156.3,alk
12/16/2015,3285_28,28,3285,2158.3,alk
12/16/2015,3309_31,31,3309,2129.4,alk
12/16/2015,3309_31,31,3309,2126.6,alk
12/16/2015,3309_31,31,3309,2130.4,alk
12/16/2015,447_28,28,447,2081.6,alk
12/16/2015,447_28,28,447,2081.2,alk
12/16/2015,447_28,28,447,2077.3,alk
12/16/2015,405_31,31,405,2069.3,alk
12/16/2015,405_31,31,405,2056.8,alk
12/16/2015,405_31,31,405,2066.8,alk
12/16/2015,673_28,28,673,2124.4,alk
12/16/2015,673_28,28,673,2124.4,alk
12/16/2015,673_28,28,673,2126.2,alk
12/16/2015,701_31,31,701,2105.9,alk
12/16/2015,701_31,31,701,2110.5,alk
12/16/2015,701_31,31,701,2111.6,alk
9/19/2015,288_28,28,288,1978,alk
9/19/2015,288_28,28,288,1971.3,alk
9/19/2015,288_28,28,288,1965.8,alk
9/19/2015,311_31,31,311,2056.2,alk
9/19/2015,311_31,31,311,2048,alk
9/19/2015,311_31,31,311,2064.8,alk
9/19/2015,3285_28,28,3285,2076.2,alk
9/19/2015,3285_28,28,3285,2094.5,alk
9/19/2015,3285_28,28,3285,2094.8,alk
9/19/2015,3309_31,31,3309,2078.6,alk
9/19/2015,3309_31,31,3309,2071.3,alk
9/19/2015,3309_31,31,3309,2086.3,alk
9/19/2015,447_28,28,447,2084.9,alk
9/19/2015,447_28,28,447,2065.2,alk
9/19/2015,447_28,28,447,2094.5,alk
9/19/2015,405_31,31,405,2026.4,alk
9/19/2015,405_31,31,405,2017.3,alk
9/19/2015,405_31,31,405,2009.6,alk
9/19/2015,673_28,28,673,2029.9,alk
9/19/2015,673_28,28,673,2012.1,alk
9/19/2015,673_28,28,673,2022.8,alk
9/19/2015,701_31,31,701,2042.7,alk
9/19/2015,701_31,31,701,2022.6,alk
9/19/2015,701_31,31,701,2020.8,alk
11/20/2015,288_28,28,288,2081.8,alk
11/20/2015,288_28,28,288,2077.2,alk
11/20/2015,288_28,28,288,2092.9,alk
11/20/2015,311_31,31,311,2124.4,alk
11/20/2015,311_31,31,311,2123.7,alk
11/20/2015,311_31,31,311,2123.1,alk
11/20/2015,3285_28,28,3285,2135.2,alk
11/20/2015,3285_28,28,3285,2148.5,alk
11/20/2015,3285_28,28,3285,2148.2,alk
11/20/2015,3309_31,31,3309,2128.5,alk
11/20/2015,3309_31,31,3309,2132.5,alk
11/20/2015,3309_31,31,3309,2132.6,alk
11/20/2015,447_28,28,447,2096,alk
11/20/2015,447_28,28,447,2090.1,alk
11/20/2015,447_28,28,447,2087.7,alk
11/20/2015,405_31,31,405,2110,alk
11/20/2015,405_31,31,405,2110,alk
11/20/2015,405_31,31,405,2110.6,alk
11/20/2015,673_28,28,673,2116.1,alk
11/20/2015,673_28,28,673,2110.1,alk
11/20/2015,673_28,28,673,2109.5,alk
11/20/2015,701_31,31,701,2123.6,alk
11/20/2015,701_31,31,701,2133.9,alk
11/20/2015,701_31,31,701,2115.8,alk
10/20/2015,288_28,28,288,2071.6,alk
10/20/2015,288_28,28,288,2074.6,alk
10/20/2015,288_28,28,288,2084.7,alk
10/20/2015,311_31,31,311,2094.5,alk
10/20/2015,311_31,31,311,2087.4,alk
10/20/2015,311_31,31,311,2098.8,alk
10/20/2015,3285_28,28,3285,2130,alk
10/20/2015,3285_28,28,3285,2141.6,alk
10/20/2015,3285_28,28,3285,2141.7,alk
10/20/2015,3309_31,31,3309,2133,alk
10/20/2015,3309_31,31,3309,2144.1,alk
10/20/2015,3309_31,31,3309,2142.3,alk
10/20/2015,447_28,28,447,2076.2,alk
10/20/2015,447_28,28,447,2082,alk
10/20/2015,447_28,28,447,2065.7,alk
10/20/2015,405_31,31,405,2097.5,alk
10/20/2015,405_31,31,405,2097.4,alk
10/20/2015,405_31,31,405,2108.5,alk
10/20/2015,673_28,28,673,2096.1,alk
10/20/2015,673_28,28,673,2109.2,alk
10/20/2015,673_28,28,673,2109.3,alk
10/20/2015,701_31,31,701,2064.9,alk
10/20/2015,701_31,31,701,2082.1,alk
10/20/2015,701_31,31,701,2080.5,alk
11/30/2015,288_28,28,288,2103.8,alk
11/30/2015,288_28,28,288,2091.6,alk
11/30/2015,288_28,28,288,2087.2,alk
11/30/2015,311_31,31,311,2152,alk
11/30/2015,311_31,31,311,2137.1,alk
11/30/2015,311_31,31,311,2129.4,alk
11/30/2015,3285_28,28,3285,2158.7,alk
11/30/2015,3285_28,28,3285,2155.9,alk
11/30/2015,3285_28,28,3285,2150,alk
11/30/2015,3309_31,31,3309,2147.7,alk
11/30/2015,3309_31,31,3309,2144.7,alk
11/30/2015,3309_31,31,3309,2147.7,alk
11/30/2015,447_28,28,447,2120.5,alk
11/30/2015,447_28,28,447,2107.6,alk
11/30/2015,447_28,28,447,2101.5,alk
11/30/2015,405_31,31,405,2124.7,alk
11/30/2015,405_31,31,405,2114.1,alk
11/30/2015,405_31,31,405,2105.7,alk
11/30/2015,673_28,28,673,2125.7,alk
11/30/2015,673_28,28,673,2120.4,alk
11/30/2015,673_28,28,673,2125.6,alk
11/30/2015,701_31,31,701,2123.7,alk
11/30/2015,701_31,31,701,2118.6,alk
11/30/2015,701_31,31,701,2093.4,alk
10/30/2015,288_28,28,288,2051.3,alk
10/30/2015,288_28,28,288,2051.5,alk
10/30/2015,288_28,28,288,2053.6,alk
10/30/2015,311_31,31,311,2083.3,alk
10/30/2015,311_31,31,311,2105.5,alk
10/30/2015,311_31,31,311,2086.1,alk
10/30/2015,3285_28,28,3285,2129.2,alk
10/30/2015,3285_28,28,3285,2129.5,alk
10/30/2015,3285_28,28,3285,2129.8,alk
10/30/2015,3309_31,31,3309,2127.6,alk
10/30/2015,3309_31,31,3309,2128,alk
10/30/2015,3309_31,31,3309,2096,alk
10/30/2015,447_28,28,447,2065.8,alk
10/30/2015,447_28,28,447,2063.1,alk
10/30/2015,447_28,28,447,2066.5,alk
10/30/2015,405_31,31,405,2073.5,alk
10/30/2015,405_31,31,405,2067.9,alk
10/30/2015,405_31,31,405,2069.4,alk
10/30/2015,673_28,28,673,2091,alk
10/30/2015,673_28,28,673,2091.6,alk
10/30/2015,673_28,28,673,2088.2,alk
10/30/2015,701_31,31,701,2068.4,alk
10/30/2015,701_31,31,701,2066,alk
10/30/2015,701_31,31,701,2065.2,alk
9/30/2015,288_28,28,288,2003.5,alk
9/30/2015,288_28,28,288,2008.8,alk
9/30/2015,288_28,28,288,1946.6,alk
9/30/2015,311_31,31,311,2053.4,alk
9/30/2015,311_31,31,311,2053,alk
9/30/2015,311_31,31,311,2052.1,alk
9/30/2015,3285_28,28,3285,2105.7,alk
9/30/2015,3285_28,28,3285,2103.5,alk
9/30/2015,3285_28,28,3285,2101.4,alk
9/30/2015,3309_31,31,3309,2134.1,alk
9/30/2015,3309_31,31,3309,2132.1,alk
9/30/2015,3309_31,31,3309,2128.1,alk
9/30/2015,447_28,28,447,2078.6,alk
9/30/2015,447_28,28,447,2074.7,alk
9/30/2015,447_28,28,447,2074.7,alk
9/30/2015,405_31,31,405,2053.3,alk
9/30/2015,405_31,31,405,2052.3,alk
9/30/2015,405_31,31,405,2052.7,alk
9/30/2015,673_28,28,673,2049.9,alk
9/30/2015,673_28,28,673,2049.2,alk
9/30/2015,673_28,28,673,2042,alk
9/30/2015,701_31,31,701,2059.5,alk
9/30/2015,701_31,31,701,2060.1,alk
9/30/2015,701_31,31,701,2049.9,alk
10/9/2015,288_28,28,288,1629.9,dic
10/9/2015,288_28,28,288,1634.5,dic
10/9/2015,288_28,28,288,1636,dic
10/9/2015,311_31,31,311,1655.8,dic
10/9/2015,311_31,31,311,1652.6,dic
10/9/2015,311_31,31,311,1658.7,dic
10/9/2015,3285_28,28,3285,2118.2,dic
10/9/2015,3285_28,28,3285,2126.9,dic
10/9/2015,3285_28,28,3285,2122.9,dic
10/9/2015,3309_31,31,3309,2100.7,dic
10/9/2015,3309_31,31,3309,2100.8,dic
10/9/2015,3309_31,31,3309,2114.9,dic
10/9/2015,447_28,28,447,1709.8,dic
10/9/2015,447_28,28,447,1714.3,dic
10/9/2015,447_28,28,447,1718,dic
10/9/2015,405_31,31,405,1625.4,dic
10/9/2015,405_31,31,405,1637.8,dic
10/9/2015,405_31,31,405,1633.6,dic
10/9/2015,673_28,28,673,1830,dic
10/9/2015,673_28,28,673,1830.1,dic
10/9/2015,673_28,28,673,1835.8,dic
10/9/2015,701_31,31,701,1757.2,dic
10/9/2015,701_31,31,701,1763.8,dic
10/9/2015,701_31,31,701,1769.2,dic
12/10/2015,288_28,28,288,1789.9,dic
12/10/2015,288_28,28,288,1794.2,dic
12/10/2015,288_28,28,288,1818.2,dic
12/10/2015,311_31,31,311,1733,dic
12/10/2015,311_31,31,311,1735.9,dic
12/10/2015,311_31,31,311,1794.9,dic
12/10/2015,3285_28,28,3285,2217.4,dic
12/10/2015,3285_28,28,3285,2190.2,dic
12/10/2015,3285_28,28,3285,2172.1,dic
12/10/2015,3309_31,31,3309,2167.2,dic
12/10/2015,3309_31,31,3309,2168.5,dic
12/10/2015,3309_31,31,3309,2133.3,dic
12/10/2015,447_28,28,447,1816.7,dic
12/10/2015,447_28,28,447,1809.1,dic
12/10/2015,447_28,28,447,1830.5,dic
12/10/2015,405_31,31,405,1849.7,dic
12/10/2015,405_31,31,405,1856.4,dic
12/10/2015,405_31,31,405,1904.6,dic
12/10/2015,673_28,28,673,1981.3,dic
12/10/2015,673_28,28,673,1963.2,dic
12/10/2015,673_28,28,673,1950.6,dic
12/10/2015,701_31,31,701,1915.5,dic
12/10/2015,701_31,31,701,1916.6,dic
12/10/2015,701_31,31,701,1888.3,dic
11/10/2015,288_28,28,288,1696.5,dic
11/10/2015,288_28,28,288,1704.3,dic
11/10/2015,288_28,28,288,NA,dic
11/10/2015,311_31,31,311,1775.1,dic
11/10/2015,311_31,31,311,1781.7,dic
11/10/2015,311_31,31,311,NA,dic
11/10/2015,3285_28,28,3285,2136,dic
11/10/2015,3285_28,28,3285,2160,dic
11/10/2015,3285_28,28,3285,2147.4,dic
11/10/2015,3309_31,31,3309,2120.2,dic
11/10/2015,3309_31,31,3309,2142.4,dic
11/10/2015,3309_31,31,3309,2134.6,dic
11/10/2015,447_28,28,447,1851.1,dic
11/10/2015,447_28,28,447,1858.7,dic
11/10/2015,447_28,28,447,1844.3,dic
11/10/2015,405_31,31,405,1857.1,dic
11/10/2015,405_31,31,405,1870.6,dic
11/10/2015,405_31,31,405,1862.1,dic
11/10/2015,673_28,28,673,1925.6,dic
11/10/2015,673_28,28,673,1935.8,dic
11/10/2015,673_28,28,673,1921.4,dic
11/10/2015,701_31,31,701,1894.7,dic
11/10/2015,701_31,31,701,1900.4,dic
11/10/2015,701_31,31,701,1891.5,dic
12/16/2015,288_28,28,288,1819.9,dic
12/16/2015,288_28,28,288,1828.5,dic
12/16/2015,288_28,28,288,1799.2,dic
12/16/2015,311_31,31,311,1768,dic
12/16/2015,311_31,31,311,1778.6,dic
12/16/2015,311_31,31,311,1753,dic
12/16/2015,3285_28,28,3285,2202.1,dic
12/16/2015,3285_28,28,3285,2180.8,dic
12/16/2015,3285_28,28,3285,2186.3,dic
12/16/2015,3309_31,31,3309,2138.1,dic
12/16/2015,3309_31,31,3309,2114.4,dic
12/16/2015,3309_31,31,3309,2120.8,dic
12/16/2015,447_28,28,447,1850.3,dic
12/16/2015,447_28,28,447,1832.7,dic
12/16/2015,447_28,28,447,1830.9,dic
12/16/2015,405_31,31,405,1863.1,dic
12/16/2015,405_31,31,405,1852.5,dic
12/16/2015,405_31,31,405,1849,dic
12/16/2015,673_28,28,673,1940.6,dic
12/16/2015,673_28,28,673,1934.3,dic
12/16/2015,673_28,28,673,1911.2,dic
12/16/2015,701_31,31,701,1883,dic
12/16/2015,701_31,31,701,1866.3,dic
12/16/2015,701_31,31,701,1852.7,dic
9/19/2015,288_28,28,288,1690,dic
9/19/2015,288_28,28,288,1710,dic
9/19/2015,288_28,28,288,1686.4,dic
9/19/2015,311_31,31,311,1706,dic
9/19/2015,311_31,31,311,1700.7,dic
9/19/2015,311_31,31,311,1711.9,dic
9/19/2015,3285_28,28,3285,2092.1,dic
9/19/2015,3285_28,28,3285,2101.9,dic
9/19/2015,3285_28,28,3285,2082.3,dic
9/19/2015,3309_31,31,3309,2087,dic
9/19/2015,3309_31,31,3309,2105.5,dic
9/19/2015,3309_31,31,3309,2083.7,dic
9/19/2015,447_28,28,447,1825.4,dic
9/19/2015,447_28,28,447,1810.1,dic
9/19/2015,447_28,28,447,1823.8,dic
9/19/2015,405_31,31,405,1698.3,dic
9/19/2015,405_31,31,405,1705.9,dic
9/19/2015,405_31,31,405,1688.5,dic
9/19/2015,673_28,28,673,1856.9,dic
9/19/2015,673_28,28,673,1832,dic
9/19/2015,673_28,28,673,1851.1,dic
9/19/2015,701_31,31,701,1847,dic
9/19/2015,701_31,31,701,1819,dic
9/19/2015,701_31,31,701,1841.9,dic
11/20/2015,288_28,28,288,1762.9,dic
11/20/2015,288_28,28,288,1774.1,dic
11/20/2015,288_28,28,288,1786.6,dic
11/20/2015,311_31,31,311,1720.9,dic
11/20/2015,311_31,31,311,1724.6,dic
11/20/2015,311_31,31,311,1719.9,dic
11/20/2015,3285_28,28,3285,2176,dic
11/20/2015,3285_28,28,3285,2172.6,dic
11/20/2015,3285_28,28,3285,2178.6,dic
11/20/2015,3309_31,31,3309,2122.7,dic
11/20/2015,3309_31,31,3309,2116.2,dic
11/20/2015,3309_31,31,3309,2129.3,dic
11/20/2015,447_28,28,447,1815.6,dic
11/20/2015,447_28,28,447,1817.9,dic
11/20/2015,447_28,28,447,1823.3,dic
11/20/2015,405_31,31,405,1819.9,dic
11/20/2015,405_31,31,405,1832.7,dic
11/20/2015,405_31,31,405,1823.9,dic
11/20/2015,673_28,28,673,1922.8,dic
11/20/2015,673_28,28,673,1926.4,dic
11/20/2015,673_28,28,673,1925.7,dic
11/20/2015,701_31,31,701,1869.8,dic
11/20/2015,701_31,31,701,1893.2,dic
11/20/2015,701_31,31,701,1867.6,dic
10/20/2015,288_28,28,288,1675.2,dic
10/20/2015,288_28,28,288,1675,dic
10/20/2015,288_28,28,288,1669,dic
10/20/2015,311_31,31,311,1651.8,dic
10/20/2015,311_31,31,311,1641.4,dic
10/20/2015,311_31,31,311,1647.3,dic
10/20/2015,3285_28,28,3285,2146,dic
10/20/2015,3285_28,28,3285,2157.5,dic
10/20/2015,3285_28,28,3285,2160,dic
10/20/2015,3309_31,31,3309,2141.4,dic
10/20/2015,3309_31,31,3309,2153.6,dic
10/20/2015,3309_31,31,3309,2153.8,dic
10/20/2015,447_28,28,447,1727.9,dic
10/20/2015,447_28,28,447,1723,dic
10/20/2015,447_28,28,447,1726.3,dic
10/20/2015,405_31,31,405,1733.6,dic
10/20/2015,405_31,31,405,1733,dic
10/20/2015,405_31,31,405,1732.4,dic
10/20/2015,673_28,28,673,1897.5,dic
10/20/2015,673_28,28,673,1901,dic
10/20/2015,673_28,28,673,1906,dic
10/20/2015,701_31,31,701,1839.9,dic
10/20/2015,701_31,31,701,1874.8,dic
10/20/2015,701_31,31,701,1852.3,dic
11/30/2015,288_28,28,288,1748,dic
11/30/2015,288_28,28,288,1735.9,dic
11/30/2015,288_28,28,288,1739.4,dic
11/30/2015,311_31,31,311,1703.7,dic
11/30/2015,311_31,31,311,1686,dic
11/30/2015,311_31,31,311,1694.2,dic
11/30/2015,3285_28,28,3285,2197.9,dic
11/30/2015,3285_28,28,3285,2195.5,dic
11/30/2015,3285_28,28,3285,2196.3,dic
11/30/2015,3309_31,31,3309,2140.8,dic
11/30/2015,3309_31,31,3309,2142.3,dic
11/30/2015,3309_31,31,3309,2147,dic
11/30/2015,447_28,28,447,1818,dic
11/30/2015,447_28,28,447,1797.6,dic
11/30/2015,447_28,28,447,1800,dic
11/30/2015,405_31,31,405,1819.7,dic
11/30/2015,405_31,31,405,1802.8,dic
11/30/2015,405_31,31,405,1807.2,dic
11/30/2015,673_28,28,673,1939.2,dic
11/30/2015,673_28,28,673,1948.9,dic
11/30/2015,673_28,28,673,1943.3,dic
11/30/2015,701_31,31,701,1905.7,dic
11/30/2015,701_31,31,701,1906.8,dic
11/30/2015,701_31,31,701,1899.2,dic
10/30/2015,288_28,28,288,1679.3,dic
10/30/2015,288_28,28,288,1683.3,dic
10/30/2015,288_28,28,288,1679.7,dic
10/30/2015,311_31,31,311,1779.6,dic
10/30/2015,311_31,31,311,1779,dic
10/30/2015,311_31,31,311,1780.9,dic
10/30/2015,3285_28,28,3285,2150.7,dic
10/30/2015,3285_28,28,3285,2117.9,dic
10/30/2015,3285_28,28,3285,2153.7,dic
10/30/2015,3309_31,31,3309,2130.4,dic
10/30/2015,3309_31,31,3309,2136.5,dic
10/30/2015,3309_31,31,3309,2137.1,dic
10/30/2015,447_28,28,447,1783.2,dic
10/30/2015,447_28,28,447,1783.5,dic
10/30/2015,447_28,28,447,1783.6,dic
10/30/2015,405_31,31,405,1709.5,dic
10/30/2015,405_31,31,405,1713.9,dic
10/30/2015,405_31,31,405,1705.2,dic
10/30/2015,673_28,28,673,1898.6,dic
10/30/2015,673_28,28,673,1898.2,dic
10/30/2015,673_28,28,673,1902.8,dic
10/30/2015,701_31,31,701,1861.9,dic
10/30/2015,701_31,31,701,1861.1,dic
10/30/2015,701_31,31,701,1867.7,dic
9/30/2015,288_28,28,288,1562.37,dic
9/30/2015,288_28,28,288,1551.1,dic
9/30/2015,288_28,28,288,1564.77,dic
9/30/2015,311_31,31,311,1616.41,dic
9/30/2015,311_31,31,311,1611.22,dic
9/30/2015,311_31,31,311,1620.88,dic
9/30/2015,3285_28,28,3285,2132.74,dic
9/30/2015,3285_28,28,3285,2169.61,dic
9/30/2015,3285_28,28,3285,2134.89,dic
9/30/2015,3309_31,31,3309,2194.49,dic
9/30/2015,3309_31,31,3309,2190.39,dic
9/30/2015,3309_31,31,3309,2188.29,dic
9/30/2015,447_28,28,447,1706.42,dic
9/30/2015,447_28,28,447,1702.26,dic
9/30/2015,447_28,28,447,1709.28,dic
9/30/2015,405_31,31,405,1738.36,dic
9/30/2015,405_31,31,405,1731,dic
9/30/2015,405_31,31,405,1736.33,dic
9/30/2015,673_28,28,673,1832.81,dic
9/30/2015,673_28,28,673,1847.9,dic
9/30/2015,673_28,28,673,1831.94,dic
9/30/2015,701_31,31,701,1881.57,dic
9/30/2015,701_31,31,701,1886.93,dic
9/30/2015,701_31,31,701,1885.94,dic
10/9/2015,288_28,28,288,8.368,pHc
10/9/2015,288_28,28,288,8.363,pHc
10/9/2015,288_28,28,288,8.36,pHc
10/9/2015,311_31,31,311,8.353,pHc
10/9/2015,311_31,31,311,8.361,pHc
10/9/2015,311_31,31,311,8.347,pHc
10/9/2015,3285_28,28,3285,7.395,pHc
10/9/2015,3285_28,28,3285,7.349,pHc
10/9/2015,3285_28,28,3285,7.382,pHc
10/9/2015,3309_31,31,3309,7.384,pHc
10/9/2015,3309_31,31,3309,7.38,pHc
10/9/2015,3309_31,31,3309,7.349,pHc
10/9/2015,447_28,28,447,8.278,pHc
10/9/2015,447_28,28,447,8.263,pHc
10/9/2015,447_28,28,447,8.261,pHc
10/9/2015,405_31,31,405,8.343,pHc
10/9/2015,405_31,31,405,8.322,pHc
10/9/2015,405_31,31,405,8.327,pHc
10/9/2015,673_28,28,673,8.048,pHc
10/9/2015,673_28,28,673,8.051,pHc
10/9/2015,673_28,28,673,8.046,pHc
10/9/2015,701_31,31,701,8.115,pHc
10/9/2015,701_31,31,701,8.11,pHc
10/9/2015,701_31,31,701,8.095,pHc
12/10/2015,288_28,28,288,8.185,pHc
12/10/2015,288_28,28,288,8.171,pHc
12/10/2015,288_28,28,288,8.129,pHc
12/10/2015,311_31,31,311,8.301,pHc
12/10/2015,311_31,31,311,8.292,pHc
12/10/2015,311_31,31,311,8.201,pHc
12/10/2015,3285_28,28,3285,7.272,pHc
12/10/2015,3285_28,28,3285,7.343,pHc
12/10/2015,3285_28,28,3285,7.4,pHc
12/10/2015,3309_31,31,3309,7.344,pHc
12/10/2015,3309_31,31,3309,7.334,pHc
12/10/2015,3309_31,31,3309,7.442,pHc
12/10/2015,447_28,28,447,8.119,pHc
12/10/2015,447_28,28,447,8.127,pHc
12/10/2015,447_28,28,447,8.096,pHc
12/10/2015,405_31,31,405,8.053,pHc
12/10/2015,405_31,31,405,8.029,pHc
12/10/2015,405_31,31,405,7.93,pHc
12/10/2015,673_28,28,673,7.849,pHc
12/10/2015,673_28,28,673,7.887,pHc
12/10/2015,673_28,28,673,7.922,pHc
12/10/2015,701_31,31,701,7.957,pHc
12/10/2015,701_31,31,701,7.943,pHc
12/10/2015,701_31,31,701,8.009,pHc
11/10/2015,288_28,28,288,8.319,pHc
11/10/2015,288_28,28,288,8.313,pHc
11/10/2015,288_28,28,288,NA,pHc
11/10/2015,311_31,31,311,8.248,pHc
11/10/2015,311_31,31,311,8.241,pHc
11/10/2015,311_31,31,311,NA,pHc
11/10/2015,3285_28,28,3285,7.433,pHc
11/10/2015,3285_28,28,3285,7.342,pHc
11/10/2015,3285_28,28,3285,7.394,pHc
11/10/2015,3309_31,31,3309,7.41,pHc
11/10/2015,3309_31,31,3309,7.388,pHc
11/10/2015,3309_31,31,3309,7.376,pHc
11/10/2015,447_28,28,447,8.076,pHc
11/10/2015,447_28,28,447,8.093,pHc
11/10/2015,447_28,28,447,8.096,pHc
11/10/2015,405_31,31,405,8.057,pHc
11/10/2015,405_31,31,405,8.033,pHc
11/10/2015,405_31,31,405,8.025,pHc
11/10/2015,673_28,28,673,7.977,pHc
11/10/2015,673_28,28,673,7.967,pHc
11/10/2015,673_28,28,673,7.968,pHc
11/10/2015,701_31,31,701,7.973,pHc
11/10/2015,701_31,31,701,7.966,pHc
11/10/2015,701_31,31,701,7.959,pHc
12/16/2015,288_28,28,288,8.095,pHc
12/16/2015,288_28,28,288,8.074,pHc
12/16/2015,288_28,28,288,8.137,pHc
12/16/2015,311_31,31,311,8.231,pHc
12/16/2015,311_31,31,311,8.197,pHc
12/16/2015,311_31,31,311,8.247,pHc
12/16/2015,3285_28,28,3285,7.315,pHc
12/16/2015,3285_28,28,3285,7.371,pHc
12/16/2015,3285_28,28,3285,7.362,pHc
12/16/2015,3309_31,31,3309,7.383,pHc
12/16/2015,3309_31,31,3309,7.446,pHc
12/16/2015,3309_31,31,3309,7.438,pHc
12/16/2015,447_28,28,447,8.056,pHc
12/16/2015,447_28,28,447,8.091,pHc
12/16/2015,447_28,28,447,8.091,pHc
12/16/2015,405_31,31,405,7.97,pHc
12/16/2015,405_31,31,405,7.968,pHc
12/16/2015,405_31,31,405,7.993,pHc
12/16/2015,673_28,28,673,7.948,pHc
12/16/2015,673_28,28,673,7.961,pHc
12/16/2015,673_28,28,673,8.015,pHc
12/16/2015,701_31,31,701,7.998,pHc
12/16/2015,701_31,31,701,8.039,pHc
12/16/2015,701_31,31,701,8.067,pHc
9/19/2015,288_28,28,288,8.184,pHc
9/19/2015,288_28,28,288,8.134,pHc
9/19/2015,288_28,28,288,8.17,pHc
9/19/2015,311_31,31,311,8.245,pHc
9/19/2015,311_31,31,311,8.243,pHc
9/19/2015,311_31,31,311,8.247,pHc
9/19/2015,3285_28,28,3285,7.394,pHc
9/19/2015,3285_28,28,3285,7.422,pHc
9/19/2015,3285_28,28,3285,7.483,pHc
9/19/2015,3309_31,31,3309,7.389,pHc
9/19/2015,3309_31,31,3309,7.312,pHc
9/19/2015,3309_31,31,3309,7.424,pHc
9/19/2015,447_28,28,447,8.117,pHc
9/19/2015,447_28,28,447,8.112,pHc
9/19/2015,447_28,28,447,8.138,pHc
9/19/2015,405_31,31,405,8.209,pHc
9/19/2015,405_31,31,405,8.183,pHc
9/19/2015,405_31,31,405,8.2,pHc
9/19/2015,673_28,28,673,7.95,pHc
9/19/2015,673_28,28,673,7.969,pHc
9/19/2015,673_28,28,673,7.949,pHc
9/19/2015,701_31,31,701,7.96,pHc
9/19/2015,701_31,31,701,7.979,pHc
9/19/2015,701_31,31,701,7.925,pHc
11/20/2015,288_28,28,288,8.222,pHc
11/20/2015,288_28,28,288,8.196,pHc
11/20/2015,288_28,28,288,8.197,pHc
11/20/2015,311_31,31,311,8.305,pHc
11/20/2015,311_31,31,311,8.299,pHc
11/20/2015,311_31,31,311,8.306,pHc
11/20/2015,3285_28,28,3285,7.321,pHc
11/20/2015,3285_28,28,3285,7.371,pHc
11/20/2015,3285_28,28,3285,7.353,pHc
11/20/2015,3309_31,31,3309,7.429,pHc
11/20/2015,3309_31,31,3309,7.461,pHc
11/20/2015,3309_31,31,3309,7.421,pHc
11/20/2015,447_28,28,447,8.15,pHc
11/20/2015,447_28,28,447,8.137,pHc
11/20/2015,447_28,28,447,8.124,pHc
11/20/2015,405_31,31,405,8.128,pHc
11/20/2015,405_31,31,405,8.104,pHc
11/20/2015,405_31,31,405,8.122,pHc
11/20/2015,673_28,28,673,7.973,pHc
11/20/2015,673_28,28,673,7.952,pHc
11/20/2015,673_28,28,673,7.954,pHc
11/20/2015,701_31,31,701,8.064,pHc
11/20/2015,701_31,31,701,8.037,pHc
11/20/2015,701_31,31,701,8.055,pHc
10/20/2015,288_28,28,288,8.351,pHc
10/20/2015,288_28,28,288,8.354,pHc
10/20/2015,288_28,28,288,8.376,pHc
10/20/2015,311_31,31,311,8.371,pHc
10/20/2015,311_31,31,311,8.376,pHc
10/20/2015,311_31,31,311,8.382,pHc
10/20/2015,3285_28,28,3285,7.392,pHc
10/20/2015,3285_28,28,3285,7.392,pHc
10/20/2015,3285_28,28,3285,7.385,pHc
10/20/2015,3309_31,31,3309,7.389,pHc
10/20/2015,3309_31,31,3309,7.386,pHc
10/20/2015,3309_31,31,3309,7.379,pHc
10/20/2015,447_28,28,447,8.272,pHc
10/20/2015,447_28,28,447,8.286,pHc
10/20/2015,447_28,28,447,8.259,pHc
10/20/2015,405_31,31,405,8.254,pHc
10/20/2015,405_31,31,405,8.254,pHc
10/20/2015,405_31,31,405,8.268,pHc
10/20/2015,673_28,28,673,7.993,pHc
10/20/2015,673_28,28,673,8.011,pHc
10/20/2015,673_28,28,673,8,pHc
10/20/2015,701_31,31,701,8.009,pHc
10/20/2015,701_31,31,701,7.97,pHc
10/20/2015,701_31,31,701,8.012,pHc
11/30/2015,288_28,28,288,8.279,pHc
11/30/2015,288_28,28,288,8.28,pHc
11/30/2015,288_28,28,288,8.269,pHc
11/30/2015,311_31,31,311,8.368,pHc
11/30/2015,311_31,31,311,8.375,pHc
11/30/2015,311_31,31,311,8.355,pHc
11/30/2015,3285_28,28,3285,7.328,pHc
11/30/2015,3285_28,28,3285,7.328,pHc
11/30/2015,3285_28,28,3285,7.307,pHc
11/30/2015,3309_31,31,3309,7.433,pHc
11/30/2015,3309_31,31,3309,7.421,pHc
11/30/2015,3309_31,31,3309,7.414,pHc
11/30/2015,447_28,28,447,8.182,pHc
11/30/2015,447_28,28,447,8.199,pHc
11/30/2015,447_28,28,447,8.189,pHc
11/30/2015,405_31,31,405,8.15,pHc
11/30/2015,405_31,31,405,8.163,pHc
11/30/2015,405_31,31,405,8.143,pHc
11/30/2015,673_28,28,673,7.958,pHc
11/30/2015,673_28,28,673,7.923,pHc
11/30/2015,673_28,28,673,7.947,pHc
11/30/2015,701_31,31,701,7.997,pHc
11/30/2015,701_31,31,701,7.985,pHc
11/30/2015,701_31,31,701,7.952,pHc
10/30/2015,288_28,28,288,8.313,pHc
10/30/2015,288_28,28,288,8.308,pHc
10/30/2015,288_28,28,288,8.314,pHc
10/30/2015,311_31,31,311,8.159,pHc
10/30/2015,311_31,31,311,8.194,pHc
10/30/2015,311_31,31,311,8.161,pHc
10/30/2015,3285_28,28,3285,7.374,pHc
10/30/2015,3285_28,28,3285,7.475,pHc
10/30/2015,3285_28,28,3285,7.369,pHc
10/30/2015,3309_31,31,3309,7.406,pHc
10/30/2015,3309_31,31,3309,7.389,pHc
10/30/2015,3309_31,31,3309,7.291,pHc
10/30/2015,447_28,28,447,8.158,pHc
10/30/2015,447_28,28,447,8.153,pHc
10/30/2015,447_28,28,447,8.161,pHc
10/30/2015,405_31,31,405,8.261,pHc
10/30/2015,405_31,31,405,8.244,pHc
10/30/2015,405_31,31,405,8.26,pHc
10/30/2015,673_28,28,673,7.977,pHc
10/30/2015,673_28,28,673,7.979,pHc
10/30/2015,673_28,28,673,7.962,pHc
10/30/2015,701_31,31,701,7.971,pHc
10/30/2015,701_31,31,701,7.969,pHc
10/30/2015,701_31,31,701,7.953,pHc
9/30/2015,288_28,28,288,8.43,pHc
9/30/2015,288_28,28,288,8.453,pHc
9/30/2015,288_28,28,288,8.353,pHc
9/30/2015,311_31,31,311,8.366,pHc
9/30/2015,311_31,31,311,8.374,pHc
9/30/2015,311_31,31,311,8.36,pHc
9/30/2015,3285_28,28,3285,7.363,pHc
9/30/2015,3285_28,28,3285,7.25,pHc
9/30/2015,3285_28,28,3285,7.342,pHc
9/30/2015,3309_31,31,3309,7.25,pHc
9/30/2015,3309_31,31,3309,7.256,pHc
9/30/2015,3309_31,31,3309,7.249,pHc
9/30/2015,447_28,28,447,8.325,pHc
9/30/2015,447_28,28,447,8.328,pHc
9/30/2015,447_28,28,447,8.317,pHc
9/30/2015,405_31,31,405,8.173,pHc
9/30/2015,405_31,31,405,8.183,pHc
9/30/2015,405_31,31,405,8.173,pHc
9/30/2015,673_28,28,673,8.038,pHc
9/30/2015,673_28,28,673,8.003,pHc
9/30/2015,673_28,28,673,8.025,pHc
9/30/2015,701_31,31,701,7.916,pHc
9/30/2015,701_31,31,701,7.906,pHc
9/30/2015,701_31,31,701,7.886,pHc
10/9/2015,288_28,28,288,1348.3,hco3
10/9/2015,288_28,28,288,1355,hco3
10/9/2015,288_28,28,288,1358.1,hco3
10/9/2015,311_31,31,311,1358,hco3
10/9/2015,311_31,31,311,1351.4,hco3
10/9/2015,311_31,31,311,1364.3,hco3
10/9/2015,3285_28,28,3285,1996.4,hco3
10/9/2015,3285_28,28,3285,2000.5,hco3
10/9/2015,3285_28,28,3285,1999.9,hco3
10/9/2015,3309_31,31,3309,1978.4,hco3
10/9/2015,3309_31,31,3309,1978.3,hco3
10/9/2015,3309_31,31,3309,1989.2,hco3
10/9/2015,447_28,28,447,1458.8,hco3
10/9/2015,447_28,28,447,1468.7,hco3
10/9/2015,447_28,28,447,1473.6,hco3
10/9/2015,405_31,31,405,1331.8,hco3
10/9/2015,405_31,31,405,1352.6,hco3
10/9/2015,405_31,31,405,1346.6,hco3
10/9/2015,673_28,28,673,1653.8,hco3
10/9/2015,673_28,28,673,1652.1,hco3
10/9/2015,673_28,28,673,1659.1,hco3
10/9/2015,701_31,31,701,1550.9,hco3
10/9/2015,701_31,31,701,1558.4,hco3
10/9/2015,701_31,31,701,1568.7,hco3
12/10/2015,288_28,28,288,1568,hco3
12/10/2015,288_28,28,288,1577.2,hco3
12/10/2015,288_28,28,288,1614.8,hco3
12/10/2015,311_31,31,311,1445.1,hco3
12/10/2015,311_31,31,311,1453.1,hco3
12/10/2015,311_31,31,311,1546.7,hco3
12/10/2015,3285_28,28,3285,2075.6,hco3
12/10/2015,3285_28,28,3285,2059.5,hco3
12/10/2015,3285_28,28,3285,2047.5,hco3
12/10/2015,3309_31,31,3309,2037.8,hco3
12/10/2015,3309_31,31,3309,2038.2,hco3
12/10/2015,3309_31,31,3309,2011.5,hco3
12/10/2015,447_28,28,447,1614.9,hco3
12/10/2015,447_28,28,447,1605.9,hco3
12/10/2015,447_28,28,447,1635.6,hco3
12/10/2015,405_31,31,405,1654.5,hco3
12/10/2015,405_31,31,405,1667.9,hco3
12/10/2015,405_31,31,405,1741.5,hco3
12/10/2015,673_28,28,673,1840.7,hco3
12/10/2015,673_28,28,673,1815.7,hco3
12/10/2015,673_28,28,673,1796.6,hco3
12/10/2015,701_31,31,701,1743.3,hco3
12/10/2015,701_31,31,701,1748.2,hco3
12/10/2015,701_31,31,701,1703.4,hco3
11/10/2015,288_28,28,288,1425.2,hco3
11/10/2015,288_28,28,288,1435.1,hco3
11/10/2015,288_28,28,288,NA,hco3
11/10/2015,311_31,31,311,1505.7,hco3
11/10/2015,311_31,31,311,1514.7,hco3
11/10/2015,311_31,31,311,NA,hco3
11/10/2015,3285_28,28,3285,2015.4,hco3
11/10/2015,3285_28,28,3285,2030.9,hco3
11/10/2015,3285_28,28,3285,2023.8,hco3
11/10/2015,3309_31,31,3309,1998.1,hco3
11/10/2015,3309_31,31,3309,2017.8,hco3
11/10/2015,3309_31,31,3309,2009.6,hco3
11/10/2015,447_28,28,447,1660.1,hco3
11/10/2015,447_28,28,447,1661.2,hco3
11/10/2015,447_28,28,447,1647.6,hco3
11/10/2015,405_31,31,405,1656.8,hco3
11/10/2015,405_31,31,405,1677.6,hco3
11/10/2015,405_31,31,405,1672.5,hco3
11/10/2015,673_28,28,673,1759.1,hco3
11/10/2015,673_28,28,673,1770.4,hco3
11/10/2015,673_28,28,673,1757,hco3
11/10/2015,701_31,31,701,1720.4,hco3
11/10/2015,701_31,31,701,1726.8,hco3
11/10/2015,701_31,31,701,1720.8,hco3
12/16/2015,288_28,28,288,1628.1,hco3
12/16/2015,288_28,28,288,1642.6,hco3
12/16/2015,288_28,28,288,1594.7,hco3
12/16/2015,311_31,31,311,1509.9,hco3
12/16/2015,311_31,31,311,1534.3,hco3
12/16/2015,311_31,31,311,1489.6,hco3
12/16/2015,3285_28,28,3285,2067.2,hco3
12/16/2015,3285_28,28,3285,2053.3,hco3
12/16/2015,3285_28,28,3285,2057.7,hco3
12/16/2015,3309_31,31,3309,2013.3,hco3
12/16/2015,3309_31,31,3309,1993.7,hco3
12/16/2015,3309_31,31,3309,1999.5,hco3
12/16/2015,447_28,28,447,1666.4,hco3
12/16/2015,447_28,28,447,1639.3,hco3
12/16/2015,447_28,28,447,1638.9,hco3
12/16/2015,405_31,31,405,1691.7,hco3
12/16/2015,405_31,31,405,1682.7,hco3
12/16/2015,405_31,31,405,1671.6,hco3
12/16/2015,673_28,28,673,1779.6,hco3
12/16/2015,673_28,28,673,1770,hco3
12/16/2015,673_28,28,673,1734.1,hco3
12/16/2015,701_31,31,701,1700.9,hco3
12/16/2015,701_31,31,701,1672.4,hco3
12/16/2015,701_31,31,701,1650.4,hco3
9/19/2015,288_28,28,288,1478.6,hco3
9/19/2015,288_28,28,288,1514.3,hco3
9/19/2015,288_28,28,288,1480.6,hco3
9/19/2015,311_31,31,311,1452.6,hco3
9/19/2015,311_31,31,311,1449.5,hco3
9/19/2015,311_31,31,311,1456.2,hco3
9/19/2015,3285_28,28,3285,1971.8,hco3
9/19/2015,3285_28,28,3285,1982.8,hco3
9/19/2015,3285_28,28,3285,1966.8,hco3
9/19/2015,3309_31,31,3309,1965.8,hco3
9/19/2015,3309_31,31,3309,1976.7,hco3
9/19/2015,3309_31,31,3309,1964.5,hco3
9/19/2015,447_28,28,447,1625.5,hco3
9/19/2015,447_28,28,447,1613.5,hco3
9/19/2015,447_28,28,447,1616.8,hco3
9/19/2015,405_31,31,405,1459.5,hco3
9/19/2015,405_31,31,405,1477.4,hco3
9/19/2015,405_31,31,405,1454.7,hco3
9/19/2015,673_28,28,673,1706,hco3
9/19/2015,673_28,28,673,1678.6,hco3
9/19/2015,673_28,28,673,1701.3,hco3
9/19/2015,701_31,31,701,1682.4,hco3
9/19/2015,701_31,31,701,1651.1,hco3
9/19/2015,701_31,31,701,1686.7,hco3
11/20/2015,288_28,28,288,1528.4,hco3
11/20/2015,288_28,28,288,1549.5,hco3
11/20/2015,288_28,28,288,1559.3,hco3
11/20/2015,311_31,31,311,1431.1,hco3
11/20/2015,311_31,31,311,1437.4,hco3
11/20/2015,311_31,31,311,1430.3,hco3
11/20/2015,3285_28,28,3285,2043.5,hco3
11/20/2015,3285_28,28,3285,2045.6,hco3
11/20/2015,3285_28,28,3285,2049.5,hco3
11/20/2015,3309_31,31,3309,2001.1,hco3
11/20/2015,3309_31,31,3309,1995.8,hco3
11/20/2015,3309_31,31,3309,2007.1,hco3
11/20/2015,447_28,28,447,1603.2,hco3
11/20/2015,447_28,28,447,1610.8,hco3
11/20/2015,447_28,28,447,1620.7,hco3
11/20/2015,405_31,31,405,1599.7,hco3
11/20/2015,405_31,31,405,1620.1,hco3
11/20/2015,405_31,31,405,1605.6,hco3
11/20/2015,673_28,28,673,1757.5,hco3
11/20/2015,673_28,28,673,1766.2,hco3
11/20/2015,673_28,28,673,1765.4,hco3
11/20/2015,701_31,31,701,1670,hco3
11/20/2015,701_31,31,701,1700.2,hco3
11/20/2015,701_31,31,701,1671.3,hco3
10/20/2015,288_28,28,288,1394.1,hco3
10/20/2015,288_28,28,288,1391.6,hco3
10/20/2015,288_28,28,288,1375.2,hco3
10/20/2015,311_31,31,311,1339.8,hco3
10/20/2015,311_31,31,311,1327.8,hco3
10/20/2015,311_31,31,311,1329.4,hco3
10/20/2015,3285_28,28,3285,2022.3,hco3
10/20/2015,3285_28,28,3285,2033.1,hco3
10/20/2015,3285_28,28,3285,2034.9,hco3
10/20/2015,3309_31,31,3309,2017,hco3
10/20/2015,3309_31,31,3309,2028.3,hco3
10/20/2015,3309_31,31,3309,2028,hco3
10/20/2015,447_28,28,447,1475.8,hco3
10/20/2015,447_28,28,447,1464.1,hco3
10/20/2015,447_28,28,447,1480.2,hco3
10/20/2015,405_31,31,405,1469.6,hco3
10/20/2015,405_31,31,405,1468.9,hco3
10/20/2015,405_31,31,405,1460.5,hco3
10/20/2015,673_28,28,673,1730.6,hco3
10/20/2015,673_28,28,673,1728.3,hco3
10/20/2015,673_28,28,673,1735.9,hco3
10/20/2015,701_31,31,701,1658.6,hco3
10/20/2015,701_31,31,701,1702,hco3
10/20/2015,701_31,31,701,1668.6,hco3
11/30/2015,288_28,28,288,1490,hco3
11/30/2015,288_28,28,288,1478.6,hco3
11/30/2015,288_28,28,288,1487.3,hco3
11/30/2015,311_31,31,311,1384.6,hco3
11/30/2015,311_31,31,311,1366,hco3
11/30/2015,311_31,31,311,1384.5,hco3
11/30/2015,3285_28,28,3285,2064.9,hco3
11/30/2015,3285_28,28,3285,2062.5,hco3
11/30/2015,3285_28,28,3285,2060.8,hco3
11/30/2015,3309_31,31,3309,2018.4,hco3
11/30/2015,3309_31,31,3309,2019.5,hco3
11/30/2015,3309_31,31,3309,2023.5,hco3
11/30/2015,447_28,28,447,1591.4,hco3
11/30/2015,447_28,28,447,1567.2,hco3
11/30/2015,447_28,28,447,1575.2,hco3
11/30/2015,405_31,31,405,1589.9,hco3
11/30/2015,405_31,31,405,1569.7,hco3
11/30/2015,405_31,31,405,1582.4,hco3
11/30/2015,673_28,28,673,1776.8,hco3
11/30/2015,673_28,28,673,1794,hco3
11/30/2015,673_28,28,673,1782.9,hco3
11/30/2015,701_31,31,701,1725.8,hco3
11/30/2015,701_31,31,701,1730.5,hco3
11/30/2015,701_31,31,701,1733.1,hco3
10/30/2015,288_28,28,288,1414.2,hco3
10/30/2015,288_28,28,288,1420.5,hco3
10/30/2015,288_28,28,288,1413.4,hco3
10/30/2015,311_31,31,311,1552.7,hco3
10/30/2015,311_31,31,311,1537.3,hco3
10/30/2015,311_31,31,311,1553.1,hco3
10/30/2015,3285_28,28,3285,2025.2,hco3
10/30/2015,3285_28,28,3285,1999.8,hco3
10/30/2015,3285_28,28,3285,2027.6,hco3
10/30/2015,3309_31,31,3309,2007.6,hco3
10/30/2015,3309_31,31,3309,2012.4,hco3
10/30/2015,3309_31,31,3309,2003.9,hco3
10/30/2015,447_28,28,447,1570.8,hco3
10/30/2015,447_28,28,447,1573,hco3
10/30/2015,447_28,28,447,1571.3,hco3
10/30/2015,405_31,31,405,1446.9,hco3
10/30/2015,405_31,31,405,1457.7,hco3
10/30/2015,405_31,31,405,1442.8,hco3
10/30/2015,673_28,28,673,1735,hco3
10/30/2015,673_28,28,673,1734,hco3
10/30/2015,673_28,28,673,1742.9,hco3
10/30/2015,701_31,31,701,1690.2,hco3
10/30/2015,701_31,31,701,1690.5,hco3
10/30/2015,701_31,31,701,1700.9,hco3
9/30/2015,288_28,28,288,1256.8,hco3
9/30/2015,288_28,28,288,1235.2,hco3
9/30/2015,288_28,28,288,1299.1,hco3
9/30/2015,311_31,31,311,1309.1,hco3
9/30/2015,311_31,31,311,1301,hco3
9/30/2015,311_31,31,311,1317.1,hco3
9/30/2015,3285_28,28,3285,2007.4,hco3
9/30/2015,3285_28,28,3285,2027.1,hco3
9/30/2015,3285_28,28,3285,2007.3,hco3
9/30/2015,3309_31,31,3309,2051.6,hco3
9/30/2015,3309_31,31,3309,2048.6,hco3
9/30/2015,3309_31,31,3309,2045.7,hco3
9/30/2015,447_28,28,447,1439.3,hco3
9/30/2015,447_28,28,447,1435.2,hco3
9/30/2015,447_28,28,447,1446.5,hco3
9/30/2015,405_31,31,405,1505.2,hco3
9/30/2015,405_31,31,405,1494.1,hco3
9/30/2015,405_31,31,405,1502.4,hco3
9/30/2015,673_28,28,673,1657.7,hco3
9/30/2015,673_28,28,673,1681.2,hco3
9/30/2015,673_28,28,673,1661,hco3
9/30/2015,701_31,31,701,1724.6,hco3
9/30/2015,701_31,31,701,1732.3,hco3
9/30/2015,701_31,31,701,1736.1,hco3
10/9/2015,288_28,28,288,5.6,co2
10/9/2015,288_28,28,288,5.7,co2
10/9/2015,288_28,28,288,5.8,co2
10/9/2015,311_31,31,311,5.6,co2
10/9/2015,311_31,31,311,5.5,co2
10/9/2015,311_31,31,311,5.7,co2
10/9/2015,3285_28,28,3285,77.8,co2
10/9/2015,3285_28,28,3285,86.6,co2
10/9/2015,3285_28,28,3285,80,co2
10/9/2015,3309_31,31,3309,75.9,co2
10/9/2015,3309_31,31,3309,76.5,co2
10/9/2015,3309_31,31,3309,82.6,co2
10/9/2015,447_28,28,447,7.5,co2
10/9/2015,447_28,28,447,7.8,co2
10/9/2015,447_28,28,447,7.9,co2
10/9/2015,405_31,31,405,5.6,co2
10/9/2015,405_31,31,405,5.9,co2
10/9/2015,405_31,31,405,5.8,co2
10/9/2015,673_28,28,673,14.4,co2
10/9/2015,673_28,28,673,14.3,co2
10/9/2015,673_28,28,673,14.5,co2
10/9/2015,701_31,31,701,11.1,co2
10/9/2015,701_31,31,701,11.2,co2
10/9/2015,701_31,31,701,11.7,co2
12/10/2015,288_28,28,288,9.9,co2
12/10/2015,288_28,28,288,10.3,co2
12/10/2015,288_28,28,288,11.6,co2
12/10/2015,311_31,31,311,6.7,co2
12/10/2015,311_31,31,311,6.9,co2
12/10/2015,311_31,31,311,9,co2
12/10/2015,3285_28,28,3285,106.9,co2
12/10/2015,3285_28,28,3285,89.9,co2
12/10/2015,3285_28,28,3285,78.4,co2
12/10/2015,3309_31,31,3309,85.3,co2
12/10/2015,3309_31,31,3309,87.1,co2
12/10/2015,3309_31,31,3309,67.1,co2
12/10/2015,447_28,28,447,11.8,co2
12/10/2015,447_28,28,447,11.6,co2
12/10/2015,447_28,28,447,12.7,co2
12/10/2015,405_31,31,405,13.6,co2
12/10/2015,405_31,31,405,14.4,co2
12/10/2015,405_31,31,405,19,co2
12/10/2015,673_28,28,673,25.3,co2
12/10/2015,673_28,28,673,22.8,co2
12/10/2015,673_28,28,673,20.8,co2
12/10/2015,701_31,31,701,17.8,co2
12/10/2015,701_31,31,701,18.4,co2
12/10/2015,701_31,31,701,15.5,co2
11/10/2015,288_28,28,288,6.6,co2
11/10/2015,288_28,28,288,6.8,co2
11/10/2015,288_28,28,288,NA,co2
11/10/2015,311_31,31,311,7.9,co2
11/10/2015,311_31,31,311,8,co2
11/10/2015,311_31,31,311,NA,co2
11/10/2015,3285_28,28,3285,71.6,co2
11/10/2015,3285_28,28,3285,89,co2
11/10/2015,3285_28,28,3285,78.8,co2
11/10/2015,3309_31,31,3309,71.9,co2
11/10/2015,3309_31,31,3309,76.1,co2
11/10/2015,3309_31,31,3309,77.9,co2
11/10/2015,447_28,28,447,13.4,co2
11/10/2015,447_28,28,447,12.9,co2
11/10/2015,447_28,28,447,12.7,co2
11/10/2015,405_31,31,405,13.4,co2
11/10/2015,405_31,31,405,14.3,co2
11/10/2015,405_31,31,405,14.5,co2
11/10/2015,673_28,28,673,17.9,co2
11/10/2015,673_28,28,673,18.4,co2
11/10/2015,673_28,28,673,18.2,co2
11/10/2015,701_31,31,701,17,co2
11/10/2015,701_31,31,701,17.3,co2
11/10/2015,701_31,31,701,17.5,co2
12/16/2015,288_28,28,288,12.7,co2
12/16/2015,288_28,28,288,13.4,co2
12/16/2015,288_28,28,288,11.3,co2
12/16/2015,311_31,31,311,8.2,co2
12/16/2015,311_31,31,311,9,co2
12/16/2015,311_31,31,311,7.8,co2
12/16/2015,3285_28,28,3285,97.3,co2
12/16/2015,3285_28,28,3285,84.9,co2
12/16/2015,3285_28,28,3285,86.9,co2
12/16/2015,3309_31,31,3309,76.8,co2
12/16/2015,3309_31,31,3309,65.7,co2
12/16/2015,3309_31,31,3309,67.1,co2
12/16/2015,447_28,28,447,14.1,co2
12/16/2015,447_28,28,447,12.8,co2
12/16/2015,447_28,28,447,12.9,co2
12/16/2015,405_31,31,405,16.8,co2
12/16/2015,405_31,31,405,16.8,co2
12/16/2015,405_31,31,405,15.7,co2
12/16/2015,673_28,28,673,19.3,co2
12/16/2015,673_28,28,673,18.6,co2
12/16/2015,673_28,28,673,16.1,co2
12/16/2015,701_31,31,701,15.8,co2
12/16/2015,701_31,31,701,14.1,co2
12/16/2015,701_31,31,701,13.1,co2
9/19/2015,288_28,28,288,9.3,co2
9/19/2015,288_28,28,288,10.7,co2
9/19/2015,288_28,28,288,9.6,co2
9/19/2015,311_31,31,311,7.7,co2
9/19/2015,311_31,31,311,7.7,co2
9/19/2015,311_31,31,311,7.7,co2
9/19/2015,3285_28,28,3285,77.3,co2
9/19/2015,3285_28,28,3285,73,co2
9/19/2015,3285_28,28,3285,62.8,co2
9/19/2015,3309_31,31,3309,74.5,co2
9/19/2015,3309_31,31,3309,89.8,co2
9/19/2015,3309_31,31,3309,68.8,co2
9/19/2015,447_28,28,447,12,co2
9/19/2015,447_28,28,447,12.1,co2
9/19/2015,447_28,28,447,11.4,co2
9/19/2015,405_31,31,405,8.3,co2
9/19/2015,405_31,31,405,9,co2
9/19/2015,405_31,31,405,8.5,co2
9/19/2015,673_28,28,673,18.7,co2
9/19/2015,673_28,28,673,17.6,co2
9/19/2015,673_28,28,673,18.7,co2
9/19/2015,701_31,31,701,17.2,co2
9/19/2015,701_31,31,701,16.1,co2
9/19/2015,701_31,31,701,18.7,co2
11/20/2015,288_28,28,288,8.9,co2
11/20/2015,288_28,28,288,9.6,co2
11/20/2015,288_28,28,288,9.6,co2
11/20/2015,311_31,31,311,6.5,co2
11/20/2015,311_31,31,311,6.7,co2
11/20/2015,311_31,31,311,6.5,co2
11/20/2015,3285_28,28,3285,94.6,co2
11/20/2015,3285_28,28,3285,84.4,co2
11/20/2015,3285_28,28,3285,88.2,co2
11/20/2015,3309_31,31,3309,68.8,co2
11/20/2015,3309_31,31,3309,63.7,co2
11/20/2015,3309_31,31,3309,70.2,co2
11/20/2015,447_28,28,447,11,co2
11/20/2015,447_28,28,447,11.4,co2
11/20/2015,447_28,28,447,11.8,co2
11/20/2015,405_31,31,405,11,co2
11/20/2015,405_31,31,405,11.8,co2
11/20/2015,405_31,31,405,11.2,co2
11/20/2015,673_28,28,673,18.1,co2
11/20/2015,673_28,28,673,19,co2
11/20/2015,673_28,28,673,19,co2
11/20/2015,701_31,31,701,13.4,co2
11/20/2015,701_31,31,701,14.5,co2
11/20/2015,701_31,31,701,13.7,co2
10/20/2015,288_28,28,288,6,co2
10/20/2015,288_28,28,288,6,co2
10/20/2015,288_28,28,288,5.6,co2
10/20/2015,311_31,31,311,5.3,co2
10/20/2015,311_31,31,311,5.2,co2
10/20/2015,311_31,31,311,5.1,co2
10/20/2015,3285_28,28,3285,79.2,co2
10/20/2015,3285_28,28,3285,79.6,co2
10/20/2015,3285_28,28,3285,80.9,co2
10/20/2015,3309_31,31,3309,76.4,co2
10/20/2015,3309_31,31,3309,77.3,co2
10/20/2015,3309_31,31,3309,78.4,co2
10/20/2015,447_28,28,447,7.6,co2
10/20/2015,447_28,28,447,7.3,co2
10/20/2015,447_28,28,447,7.9,co2
10/20/2015,405_31,31,405,7.6,co2
10/20/2015,405_31,31,405,7.6,co2
10/20/2015,405_31,31,405,7.3,co2
10/20/2015,673_28,28,673,17.1,co2
10/20/2015,673_28,28,673,16.4,co2
10/20/2015,673_28,28,673,16.8,co2
10/20/2015,701_31,31,701,15,co2
10/20/2015,701_31,31,701,16.8,co2
10/20/2015,701_31,31,701,15,co2
11/30/2015,288_28,28,288,7.6,co2
11/30/2015,288_28,28,288,7.5,co2
11/30/2015,288_28,28,288,7.8,co2
11/30/2015,311_31,31,311,5.5,co2
11/30/2015,311_31,31,311,5.3,co2
11/30/2015,311_31,31,311,5.7,co2
11/30/2015,3285_28,28,3285,94.2,co2
11/30/2015,3285_28,28,3285,94.3,co2
11/30/2015,3285_28,28,3285,98.6,co2
11/30/2015,3309_31,31,3309,68.8,co2
11/30/2015,3309_31,31,3309,70.9,co2
11/30/2015,3309_31,31,3309,72,co2
11/30/2015,447_28,28,447,10.1,co2
11/30/2015,447_28,28,447,9.6,co2
11/30/2015,447_28,28,447,9.9,co2
11/30/2015,405_31,31,405,10.4,co2
11/30/2015,405_31,31,405,10,co2
11/30/2015,405_31,31,405,10.5,co2
11/30/2015,673_28,28,673,18.9,co2
11/30/2015,673_28,28,673,20.7,co2
11/30/2015,673_28,28,673,19.5,co2
11/30/2015,701_31,31,701,16.3,co2
11/30/2015,701_31,31,701,16.8,co2
11/30/2015,701_31,31,701,18.1,co2
10/30/2015,288_28,28,288,6.7,co2
10/30/2015,288_28,28,288,6.8,co2
10/30/2015,288_28,28,288,6.6,co2
10/30/2015,311_31,31,311,10,co2
10/30/2015,311_31,31,311,9.1,co2
10/30/2015,311_31,31,311,10,co2
10/30/2015,3285_28,28,3285,82.5,co2
10/30/2015,3285_28,28,3285,64.6,co2
10/30/2015,3285_28,28,3285,83.9,co2
10/30/2015,3309_31,31,3309,73.1,co2
10/30/2015,3309_31,31,3309,76.2,co2
10/30/2015,3309_31,31,3309,95.1,co2
10/30/2015,447_28,28,447,10.5,co2
10/30/2015,447_28,28,447,10.7,co2
10/30/2015,447_28,28,447,10.5,co2
10/30/2015,405_31,31,405,7.4,co2
10/30/2015,405_31,31,405,7.7,co2
10/30/2015,405_31,31,405,7.4,co2
10/30/2015,673_28,28,673,17.7,co2
10/30/2015,673_28,28,673,17.6,co2
10/30/2015,673_28,28,673,18.4,co2
10/30/2015,701_31,31,701,16.7,co2
10/30/2015,701_31,31,701,16.8,co2
10/30/2015,701_31,31,701,17.5,co2
9/30/2015,288_28,28,288,4.5,co2
9/30/2015,288_28,28,288,4.2,co2
9/30/2015,288_28,28,288,5.6,co2
9/30/2015,311_31,31,311,5.2,co2
9/30/2015,311_31,31,311,5,co2
9/30/2015,311_31,31,311,5.3,co2
9/30/2015,3285_28,28,3285,84.7,co2
9/30/2015,3285_28,28,3285,111,co2
9/30/2015,3285_28,28,3285,88.7,co2
9/30/2015,3309_31,31,3309,108.6,co2
9/30/2015,3309_31,31,3309,107.1,co2
9/30/2015,3309_31,31,3309,108.4,co2
9/30/2015,447_28,28,447,6.7,co2
9/30/2015,447_28,28,447,6.7,co2
9/30/2015,447_28,28,447,6.9,co2
9/30/2015,405_31,31,405,9.2,co2
9/30/2015,405_31,31,405,9,co2
9/30/2015,405_31,31,405,9.2,co2
9/30/2015,673_28,28,673,14.7,co2
9/30/2015,673_28,28,673,16.1,co2
9/30/2015,673_28,28,673,15.2,co2
9/30/2015,701_31,31,701,19.4,co2
9/30/2015,701_31,31,701,20,co2
9/30/2015,701_31,31,701,21,co2
10/9/2015,288_28,28,288,276,co3
10/9/2015,288_28,28,288,273.7,co3
10/9/2015,288_28,28,288,272.2,co3
10/9/2015,311_31,31,311,292.2,co3
10/9/2015,311_31,31,311,295.7,co3
10/9/2015,311_31,31,311,288.7,co3
10/9/2015,3285_28,28,3285,44,co3
10/9/2015,3285_28,28,3285,39.7,co3
10/9/2015,3285_28,28,3285,43,co3
10/9/2015,3309_31,31,3309,46.3,co3
10/9/2015,3309_31,31,3309,46,co3
10/9/2015,3309_31,31,3309,43.1,co3
10/9/2015,447_28,28,447,243.5,co3
10/9/2015,447_28,28,447,237.9,co3
10/9/2015,447_28,28,447,236.5,co3
10/9/2015,405_31,31,405,288.1,co3
10/9/2015,405_31,31,405,279.3,co3
10/9/2015,405_31,31,405,281.2,co3
10/9/2015,673_28,28,673,161.8,co3
10/9/2015,673_28,28,673,163.8,co3
10/9/2015,673_28,28,673,162.3,co3
10/9/2015,701_31,31,701,195.3,co3
10/9/2015,701_31,31,701,194.2,co3
10/9/2015,701_31,31,701,188.8,co3
12/10/2015,288_28,28,288,211.9,co3
12/10/2015,288_28,28,288,206.7,co3
12/10/2015,288_28,28,288,191.7,co3
12/10/2015,311_31,31,311,281.2,co3
12/10/2015,311_31,31,311,275.9,co3
12/10/2015,311_31,31,311,239.1,co3
12/10/2015,3285_28,28,3285,34.8,co3
12/10/2015,3285_28,28,3285,40.8,co3
12/10/2015,3285_28,28,3285,46.3,co3
12/10/2015,3309_31,31,3309,44.1,co3
12/10/2015,3309_31,31,3309,43.2,co3
12/10/2015,3309_31,31,3309,54.7,co3
12/10/2015,447_28,28,447,190,co3
12/10/2015,447_28,28,447,191.7,co3
12/10/2015,447_28,28,447,182.3,co3
12/10/2015,405_31,31,405,181.6,co3
12/10/2015,405_31,31,405,174.1,co3
12/10/2015,405_31,31,405,144.1,co3
12/10/2015,673_28,28,673,115.3,co3
12/10/2015,673_28,28,673,124.7,co3
12/10/2015,673_28,28,673,133.2,co3
12/10/2015,701_31,31,701,154.3,co3
12/10/2015,701_31,31,701,149.9,co3
12/10/2015,701_31,31,701,169.4,co3
11/10/2015,288_28,28,288,264.6,co3
11/10/2015,288_28,28,288,262.4,co3
11/10/2015,288_28,28,288,NA,co3
11/10/2015,311_31,31,311,261.6,co3
11/10/2015,311_31,31,311,259,co3
11/10/2015,311_31,31,311,NA,co3
11/10/2015,3285_28,28,3285,49.1,co3
11/10/2015,3285_28,28,3285,40,co3
11/10/2015,3285_28,28,3285,44.9,co3
11/10/2015,3309_31,31,3309,50.3,co3
11/10/2015,3309_31,31,3309,48.5,co3
11/10/2015,3309_31,31,3309,47.1,co3
11/10/2015,447_28,28,447,177.5,co3
11/10/2015,447_28,28,447,184.5,co3
11/10/2015,447_28,28,447,183.9,co3
11/10/2015,405_31,31,405,186.9,co3
11/10/2015,405_31,31,405,178.7,co3
11/10/2015,405_31,31,405,175.1,co3
11/10/2015,673_28,28,673,148.6,co3
11/10/2015,673_28,28,673,147,co3
11/10/2015,673_28,28,673,146.1,co3
11/10/2015,701_31,31,701,157.3,co3
11/10/2015,701_31,31,701,156.3,co3
11/10/2015,701_31,31,701,153.2,co3
12/16/2015,288_28,28,288,179.2,co3
12/16/2015,288_28,28,288,172.5,co3
12/16/2015,288_28,28,288,193.2,co3
12/16/2015,311_31,31,311,249.8,co3
12/16/2015,311_31,31,311,235.3,co3
12/16/2015,311_31,31,311,255.6,co3
12/16/2015,3285_28,28,3285,37.6,co3
12/16/2015,3285_28,28,3285,42.6,co3
12/16/2015,3285_28,28,3285,41.7,co3
12/16/2015,3309_31,31,3309,48.1,co3
12/16/2015,3309_31,31,3309,55,co3
12/16/2015,3309_31,31,3309,54.2,co3
12/16/2015,447_28,28,447,169.8,co3
12/16/2015,447_28,28,447,180.6,co3
12/16/2015,447_28,28,447,179.1,co3
12/16/2015,405_31,31,405,154.6,co3
12/16/2015,405_31,31,405,153,co3
12/16/2015,405_31,31,405,161.7,co3
12/16/2015,673_28,28,673,141.7,co3
12/16/2015,673_28,28,673,145.6,co3
12/16/2015,673_28,28,673,161,co3
12/16/2015,701_31,31,701,166.3,co3
12/16/2015,701_31,31,701,179.8,co3
12/16/2015,701_31,31,701,189.2,co3
9/19/2015,288_28,28,288,202,co3
9/19/2015,288_28,28,288,185,co3
9/19/2015,288_28,28,288,196.1,co3
9/19/2015,311_31,31,311,245.7,co3
9/19/2015,311_31,31,311,243.5,co3
9/19/2015,311_31,31,311,247.9,co3
9/19/2015,3285_28,28,3285,43,co3
9/19/2015,3285_28,28,3285,46,co3
9/19/2015,3285_28,28,3285,52.8,co3
9/19/2015,3309_31,31,3309,46.6,co3
9/19/2015,3309_31,31,3309,39,co3
9/19/2015,3309_31,31,3309,50.3,co3
9/19/2015,447_28,28,447,187.9,co3
9/19/2015,447_28,28,447,184.5,co3
9/19/2015,447_28,28,447,195.5,co3
9/19/2015,405_31,31,405,230.5,co3
9/19/2015,405_31,31,405,219.4,co3
9/19/2015,405_31,31,405,225.2,co3
9/19/2015,673_28,28,673,132.1,co3
9/19/2015,673_28,28,673,135.8,co3
9/19/2015,673_28,28,673,131.1,co3
9/19/2015,701_31,31,701,147.5,co3
9/19/2015,701_31,31,701,151.8,co3
9/19/2015,701_31,31,701,136.6,co3
11/20/2015,288_28,28,288,225.6,co3
11/20/2015,288_28,28,288,215.1,co3
11/20/2015,288_28,28,288,217.8,co3
11/20/2015,311_31,31,311,283.3,co3
11/20/2015,311_31,31,311,280.5,co3
11/20/2015,311_31,31,311,283,co3
11/20/2015,3285_28,28,3285,37.9,co3
11/20/2015,3285_28,28,3285,42.6,co3
11/20/2015,3285_28,28,3285,40.8,co3
11/20/2015,3309_31,31,3309,52.8,co3
11/20/2015,3309_31,31,3309,56.6,co3
11/20/2015,3309_31,31,3309,52,co3
11/20/2015,447_28,28,447,201.3,co3
11/20/2015,447_28,28,447,195.7,co3
11/20/2015,447_28,28,447,190.7,co3
11/20/2015,405_31,31,405,209.1,co3
11/20/2015,405_31,31,405,200.9,co3
11/20/2015,405_31,31,405,207,co3
11/20/2015,673_28,28,673,147.3,co3
11/20/2015,673_28,28,673,141.3,co3
11/20/2015,673_28,28,673,141.3,co3
11/20/2015,701_31,31,701,186.4,co3
11/20/2015,701_31,31,701,178.4,co3
11/20/2015,701_31,31,701,182.6,co3
10/20/2015,288_28,28,288,275.1,co3
10/20/2015,288_28,28,288,277.4,co3
10/20/2015,288_28,28,288,288.2,co3
10/20/2015,311_31,31,311,306.7,co3
10/20/2015,311_31,31,311,308.4,co3
10/20/2015,311_31,31,311,312.7,co3
10/20/2015,3285_28,28,3285,44.5,co3
10/20/2015,3285_28,28,3285,44.9,co3
10/20/2015,3285_28,28,3285,44.2,co3
10/20/2015,3309_31,31,3309,48,co3
10/20/2015,3309_31,31,3309,48,co3
10/20/2015,3309_31,31,3309,47.4,co3
10/20/2015,447_28,28,447,244.4,co3
10/20/2015,447_28,28,447,251.6,co3
10/20/2015,447_28,28,447,238.2,co3
10/20/2015,405_31,31,405,256.3,co3
10/20/2015,405_31,31,405,256.5,co3
10/20/2015,405_31,31,405,264.6,co3
10/20/2015,673_28,28,673,149.8,co3
10/20/2015,673_28,28,673,156.3,co3
10/20/2015,673_28,28,673,153.2,co3
10/20/2015,701_31,31,701,166.3,co3
10/20/2015,701_31,31,701,155.9,co3
10/20/2015,701_31,31,701,168.8,co3
11/30/2015,288_28,28,288,250.4,co3
11/30/2015,288_28,28,288,249.8,co3
11/30/2015,288_28,28,288,244.4,co3
11/30/2015,311_31,31,311,313.6,co3
11/30/2015,311_31,31,311,314.6,co3
11/30/2015,311_31,31,311,304,co3
11/30/2015,3285_28,28,3285,38.8,co3
11/30/2015,3285_28,28,3285,38.7,co3
11/30/2015,3285_28,28,3285,36.9,co3
11/30/2015,3309_31,31,3309,53.6,co3
11/30/2015,3309_31,31,3309,51.9,co3
11/30/2015,3309_31,31,3309,51.5,co3
11/30/2015,447_28,28,447,216.5,co3
11/30/2015,447_28,28,447,220.7,co3
11/30/2015,447_28,28,447,215,co3
11/30/2015,405_31,31,405,219.4,co3
11/30/2015,405_31,31,405,223,co3
11/30/2015,405_31,31,405,214.3,co3
11/30/2015,673_28,28,673,143.4,co3
11/30/2015,673_28,28,673,134.2,co3
11/30/2015,673_28,28,673,140.9,co3
11/30/2015,701_31,31,701,163.6,co3
11/30/2015,701_31,31,701,159.6,co3
11/30/2015,701_31,31,701,147.9,co3
10/30/2015,288_28,28,288,258.5,co3
10/30/2015,288_28,28,288,256,co3
10/30/2015,288_28,28,288,259.6,co3
10/30/2015,311_31,31,311,216.9,co3
10/30/2015,311_31,31,311,232.5,co3
10/30/2015,311_31,31,311,217.9,co3
10/30/2015,3285_28,28,3285,42.9,co3
10/30/2015,3285_28,28,3285,53.5,co3
10/30/2015,3285_28,28,3285,42.2,co3
10/30/2015,3309_31,31,3309,49.7,co3
10/30/2015,3309_31,31,3309,47.9,co3
10/30/2015,3309_31,31,3309,38,co3
10/30/2015,447_28,28,447,201.8,co3
10/30/2015,447_28,28,447,199.7,co3
10/30/2015,447_28,28,447,201.8,co3
10/30/2015,405_31,31,405,255.3,co3
10/30/2015,405_31,31,405,248.5,co3
10/30/2015,405_31,31,405,255.1,co3
10/30/2015,673_28,28,673,145.9,co3
10/30/2015,673_28,28,673,146.5,co3
10/30/2015,673_28,28,673,141.5,co3
10/30/2015,701_31,31,701,155,co3
10/30/2015,701_31,31,701,153.8,co3
10/30/2015,701_31,31,701,149.3,co3
9/30/2015,288_28,28,288,301.1,co3
9/30/2015,288_28,28,288,311.7,co3
9/30/2015,288_28,28,288,260.1,co3
9/30/2015,311_31,31,311,302.1,co3
9/30/2015,311_31,31,311,305.1,co3
9/30/2015,311_31,31,311,298.5,co3
9/30/2015,3285_28,28,3285,40.6,co3
9/30/2015,3285_28,28,3285,31.6,co3
9/30/2015,3285_28,28,3285,38.9,co3
9/30/2015,3309_31,31,3309,34.2,co3
9/30/2015,3309_31,31,3309,34.6,co3
9/30/2015,3309_31,31,3309,34.2,co3
9/30/2015,447_28,28,447,260.4,co3
9/30/2015,447_28,28,447,260.4,co3
9/30/2015,447_28,28,447,255.9,co3
9/30/2015,405_31,31,405,223.9,co3
9/30/2015,405_31,31,405,227.9,co3
9/30/2015,405_31,31,405,224.7,co3
9/30/2015,673_28,28,673,160.4,co3
9/30/2015,673_28,28,673,150.6,co3
9/30/2015,673_28,28,673,155.7,co3
9/30/2015,701_31,31,701,137.6,co3
9/30/2015,701_31,31,701,134.7,co3
9/30/2015,701_31,31,701,128.8,co3
10/9/2015,288_28,28,288,4.54,sat
10/9/2015,288_28,28,288,4.5,sat
10/9/2015,288_28,28,288,4.47,sat
10/9/2015,311_31,31,311,4.88,sat
10/9/2015,311_31,31,311,4.94,sat
10/9/2015,311_31,31,311,4.82,sat
10/9/2015,3285_28,28,3285,0.72,sat
10/9/2015,3285_28,28,3285,0.66,sat
10/9/2015,3285_28,28,3285,0.71,sat
10/9/2015,3309_31,31,3309,0.78,sat
10/9/2015,3309_31,31,3309,0.77,sat
10/9/2015,3309_31,31,3309,0.72,sat
10/9/2015,447_28,28,447,4.01,sat
10/9/2015,447_28,28,447,3.92,sat
10/9/2015,447_28,28,447,3.89,sat
10/9/2015,405_31,31,405,4.84,sat
10/9/2015,405_31,31,405,4.69,sat
10/9/2015,405_31,31,405,4.72,sat
10/9/2015,673_28,28,673,2.66,sat
10/9/2015,673_28,28,673,2.7,sat
10/9/2015,673_28,28,673,2.67,sat
10/9/2015,701_31,31,701,3.27,sat
10/9/2015,701_31,31,701,3.25,sat
10/9/2015,701_31,31,701,3.16,sat
12/10/2015,288_28,28,288,3.48,sat
12/10/2015,288_28,28,288,3.39,sat
12/10/2015,288_28,28,288,3.15,sat
12/10/2015,311_31,31,311,4.7,sat
12/10/2015,311_31,31,311,4.61,sat
12/10/2015,311_31,31,311,3.99,sat
12/10/2015,3285_28,28,3285,0.57,sat
12/10/2015,3285_28,28,3285,0.67,sat
12/10/2015,3285_28,28,3285,0.76,sat
12/10/2015,3309_31,31,3309,0.74,sat
12/10/2015,3309_31,31,3309,0.72,sat
12/10/2015,3309_31,31,3309,0.92,sat
12/10/2015,447_28,28,447,3.12,sat
12/10/2015,447_28,28,447,3.15,sat
12/10/2015,447_28,28,447,3,sat
12/10/2015,405_31,31,405,3.03,sat
12/10/2015,405_31,31,405,2.91,sat
12/10/2015,405_31,31,405,2.41,sat
12/10/2015,673_28,28,673,1.89,sat
12/10/2015,673_28,28,673,2.05,sat
12/10/2015,673_28,28,673,2.19,sat
12/10/2015,701_31,31,701,2.58,sat
12/10/2015,701_31,31,701,2.51,sat
12/10/2015,701_31,31,701,2.83,sat
11/10/2015,288_28,28,288,4.34,sat
11/10/2015,288_28,28,288,4.31,sat
11/10/2015,288_28,28,288,NA,sat
11/10/2015,311_31,31,311,4.38,sat
11/10/2015,311_31,31,311,4.33,sat
11/10/2015,311_31,31,311,NA,sat
11/10/2015,3285_28,28,3285,0.81,sat
11/10/2015,3285_28,28,3285,0.66,sat
11/10/2015,3285_28,28,3285,0.74,sat
11/10/2015,3309_31,31,3309,0.84,sat
11/10/2015,3309_31,31,3309,0.81,sat
11/10/2015,3309_31,31,3309,0.79,sat
11/10/2015,447_28,28,447,2.92,sat
11/10/2015,447_28,28,447,3.03,sat
11/10/2015,447_28,28,447,3.02,sat
11/10/2015,405_31,31,405,3.13,sat
11/10/2015,405_31,31,405,2.99,sat
11/10/2015,405_31,31,405,2.93,sat
11/10/2015,673_28,28,673,2.44,sat
11/10/2015,673_28,28,673,2.42,sat
11/10/2015,673_28,28,673,2.4,sat
11/10/2015,701_31,31,701,2.63,sat
11/10/2015,701_31,31,701,2.61,sat
11/10/2015,701_31,31,701,2.56,sat
12/16/2015,288_28,28,288,2.94,sat
12/16/2015,288_28,28,288,2.83,sat
12/16/2015,288_28,28,288,3.17,sat
12/16/2015,311_31,31,311,4.16,sat
12/16/2015,311_31,31,311,3.92,sat
12/16/2015,311_31,31,311,4.26,sat
12/16/2015,3285_28,28,3285,0.62,sat
12/16/2015,3285_28,28,3285,0.7,sat
12/16/2015,3285_28,28,3285,0.68,sat
12/16/2015,3309_31,31,3309,0.8,sat
12/16/2015,3309_31,31,3309,0.92,sat
12/16/2015,3309_31,31,3309,0.91,sat
12/16/2015,447_28,28,447,2.79,sat
12/16/2015,447_28,28,447,2.97,sat
12/16/2015,447_28,28,447,2.94,sat
12/16/2015,405_31,31,405,2.58,sat
12/16/2015,405_31,31,405,2.56,sat
12/16/2015,405_31,31,405,2.7,sat
12/16/2015,673_28,28,673,2.33,sat
12/16/2015,673_28,28,673,2.39,sat
12/16/2015,673_28,28,673,2.65,sat
12/16/2015,701_31,31,701,2.78,sat
12/16/2015,701_31,31,701,3,sat
12/16/2015,701_31,31,701,3.16,sat
9/19/2015,288_28,28,288,3.33,sat
9/19/2015,288_28,28,288,3.05,sat
9/19/2015,288_28,28,288,3.24,sat
9/19/2015,311_31,31,311,4.1,sat
9/19/2015,311_31,31,311,4.07,sat
9/19/2015,311_31,31,311,4.14,sat
9/19/2015,3285_28,28,3285,0.71,sat
9/19/2015,3285_28,28,3285,0.76,sat
9/19/2015,3285_28,28,3285,0.87,sat
9/19/2015,3309_31,31,3309,0.78,sat
9/19/2015,3309_31,31,3309,0.65,sat
9/19/2015,3309_31,31,3309,0.84,sat
9/19/2015,447_28,28,447,3.09,sat
9/19/2015,447_28,28,447,3.04,sat
9/19/2015,447_28,28,447,3.22,sat
9/19/2015,405_31,31,405,3.87,sat
9/19/2015,405_31,31,405,3.68,sat
9/19/2015,405_31,31,405,3.78,sat
9/19/2015,673_28,28,673,2.17,sat
9/19/2015,673_28,28,673,2.23,sat
9/19/2015,673_28,28,673,2.15,sat
9/19/2015,701_31,31,701,2.47,sat
9/19/2015,701_31,31,701,2.54,sat
9/19/2015,701_31,31,701,2.28,sat
11/20/2015,288_28,28,288,3.7,sat
11/20/2015,288_28,28,288,3.53,sat
11/20/2015,288_28,28,288,3.57,sat
11/20/2015,311_31,31,311,4.74,sat
11/20/2015,311_31,31,311,4.7,sat
11/20/2015,311_31,31,311,4.73,sat
11/20/2015,3285_28,28,3285,0.62,sat
11/20/2015,3285_28,28,3285,0.7,sat
11/20/2015,3285_28,28,3285,0.67,sat
11/20/2015,3309_31,31,3309,0.88,sat
11/20/2015,3309_31,31,3309,0.95,sat
11/20/2015,3309_31,31,3309,0.87,sat
11/20/2015,447_28,28,447,3.31,sat
11/20/2015,447_28,28,447,3.21,sat
11/20/2015,447_28,28,447,3.13,sat
11/20/2015,405_31,31,405,3.49,sat
11/20/2015,405_31,31,405,3.35,sat
11/20/2015,405_31,31,405,3.46,sat
11/20/2015,673_28,28,673,2.42,sat
11/20/2015,673_28,28,673,2.32,sat
11/20/2015,673_28,28,673,2.32,sat
11/20/2015,701_31,31,701,3.11,sat
11/20/2015,701_31,31,701,2.98,sat
11/20/2015,701_31,31,701,3.04,sat
10/20/2015,288_28,28,288,4.52,sat
10/20/2015,288_28,28,288,4.56,sat
10/20/2015,288_28,28,288,4.73,sat
10/20/2015,311_31,31,311,5.12,sat
10/20/2015,311_31,31,311,5.15,sat
10/20/2015,311_31,31,311,5.23,sat
10/20/2015,3285_28,28,3285,0.73,sat
10/20/2015,3285_28,28,3285,0.74,sat
10/20/2015,3285_28,28,3285,0.73,sat
10/20/2015,3309_31,31,3309,0.8,sat
10/20/2015,3309_31,31,3309,0.8,sat
10/20/2015,3309_31,31,3309,0.79,sat
10/20/2015,447_28,28,447,4.02,sat
10/20/2015,447_28,28,447,4.14,sat
10/20/2015,447_28,28,447,3.91,sat
10/20/2015,405_31,31,405,4.28,sat
10/20/2015,405_31,31,405,4.28,sat
10/20/2015,405_31,31,405,4.42,sat
10/20/2015,673_28,28,673,2.46,sat
10/20/2015,673_28,28,673,2.57,sat
10/20/2015,673_28,28,673,2.52,sat
10/20/2015,701_31,31,701,2.78,sat
10/20/2015,701_31,31,701,2.61,sat
10/20/2015,701_31,31,701,2.82,sat
11/30/2015,288_28,28,288,4.11,sat
11/30/2015,288_28,28,288,4.1,sat
11/30/2015,288_28,28,288,4.01,sat
11/30/2015,311_31,31,311,5.23,sat
11/30/2015,311_31,31,311,5.25,sat
11/30/2015,311_31,31,311,5.08,sat
11/30/2015,3285_28,28,3285,0.64,sat
11/30/2015,3285_28,28,3285,0.63,sat
11/30/2015,3285_28,28,3285,0.61,sat
11/30/2015,3309_31,31,3309,0.9,sat
11/30/2015,3309_31,31,3309,0.87,sat
11/30/2015,3309_31,31,3309,0.86,sat
11/30/2015,447_28,28,447,3.55,sat
11/30/2015,447_28,28,447,3.62,sat
11/30/2015,447_28,28,447,3.53,sat
11/30/2015,405_31,31,405,3.67,sat
11/30/2015,405_31,31,405,3.73,sat
11/30/2015,405_31,31,405,3.58,sat
11/30/2015,673_28,28,673,2.36,sat
11/30/2015,673_28,28,673,2.21,sat
11/30/2015,673_28,28,673,2.32,sat
11/30/2015,701_31,31,701,2.72,sat
11/30/2015,701_31,31,701,2.65,sat
11/30/2015,701_31,31,701,2.46,sat
10/30/2015,288_28,28,288,4.25,sat
10/30/2015,288_28,28,288,4.21,sat
10/30/2015,288_28,28,288,4.27,sat
10/30/2015,311_31,31,311,3.62,sat
10/30/2015,311_31,31,311,3.88,sat
10/30/2015,311_31,31,311,3.64,sat
10/30/2015,3285_28,28,3285,0.71,sat
10/30/2015,3285_28,28,3285,0.88,sat
10/30/2015,3285_28,28,3285,0.69,sat
10/30/2015,3309_31,31,3309,0.83,sat
10/30/2015,3309_31,31,3309,0.8,sat
10/30/2015,3309_31,31,3309,0.64,sat
10/30/2015,447_28,28,447,3.32,sat
10/30/2015,447_28,28,447,3.29,sat
10/30/2015,447_28,28,447,3.32,sat
10/30/2015,405_31,31,405,4.27,sat
10/30/2015,405_31,31,405,4.15,sat
10/30/2015,405_31,31,405,4.26,sat
10/30/2015,673_28,28,673,2.4,sat
10/30/2015,673_28,28,673,2.41,sat
10/30/2015,673_28,28,673,2.32,sat
10/30/2015,701_31,31,701,2.59,sat
10/30/2015,701_31,31,701,2.57,sat
10/30/2015,701_31,31,701,2.5,sat
9/30/2015,288_28,28,288,4.97,sat
9/30/2015,288_28,28,288,5.14,sat
9/30/2015,288_28,28,288,4.29,sat
9/30/2015,311_31,31,311,5.1,sat
9/30/2015,311_31,31,311,5.15,sat
9/30/2015,311_31,31,311,5.04,sat
9/30/2015,3285_28,28,3285,0.67,sat
9/30/2015,3285_28,28,3285,0.52,sat
9/30/2015,3285_28,28,3285,0.64,sat
9/30/2015,3309_31,31,3309,0.57,sat
9/30/2015,3309_31,31,3309,0.58,sat
9/30/2015,3309_31,31,3309,0.57,sat
9/30/2015,447_28,28,447,4.27,sat
9/30/2015,447_28,28,447,4.27,sat
9/30/2015,447_28,28,447,4.2,sat
9/30/2015,405_31,31,405,3.79,sat
9/30/2015,405_31,31,405,3.85,sat
9/30/2015,405_31,31,405,3.8,sat
9/30/2015,673_28,28,673,2.65,sat
9/30/2015,673_28,28,673,2.49,sat
9/30/2015,673_28,28,673,2.57,sat
9/30/2015,701_31,31,701,2.31,sat
9/30/2015,701_31,31,701,2.26,sat
9/30/2015,701_31,31,701,2.16,sat